﻿<LinkSources version="1.02">
  <page ID="C57C2DF5-EA4D-4788-8EBA-EC357F7DF733">
    <linkSource sourcePageID="55E4334F-E707-47D3-83F8-6F602B8FF295" comID="E9BB9606-732D-4BFA-98F2-26C45D499BD3" comLinkType="cltPageLink"/>
  </page>
  <page ID="C191CF4D-2331-4A9A-BC88-B7106105F54E">
    <linkSource sourcePageID="BAE40AAF-AA1E-4329-BD52-B0D012BEBDD6" comID="841C1722-B7CE-4DE0-B990-CFEA79646F05" comLinkType="cltPageLink"/>
    <linkSource sourcePageID="C57C2DF5-EA4D-4788-8EBA-EC357F7DF733" comID="E2BAE44C-C5C2-4649-9446-CE78FDCB9BDB" comLinkType="cltPageLink"/>
  </page>
  <page ID="BAE40AAF-AA1E-4329-BD52-B0D012BEBDD6">
    <linkSource sourcePageID="C191CF4D-2331-4A9A-BC88-B7106105F54E" comID="66AA4FA3-CF82-4FF9-A18D-6BCBFF19F522" comLinkType="cltPageLink"/>
    <linkSource sourcePageID="BAE40AAF-AA1E-4329-BD52-B0D012BEBDD6" comID="E31452DD-50CB-4423-94C9-89D1243DB9BE" comLinkType="cltPageLink"/>
    <linkSource sourcePageID="BAE40AAF-AA1E-4329-BD52-B0D012BEBDD6" comID="11862C13-417B-4C73-AA9F-3E0EA42E1CA1" comLinkType="cltPageLink"/>
    <linkSource sourcePageID="C57C2DF5-EA4D-4788-8EBA-EC357F7DF733" comID="E2BAE44C-C5C2-4649-9446-CE78FDCB9BDB" comLinkType="cltPageLink"/>
  </page>
  <page ID="C13E7167-EA51-4060-B85C-BA8018C77DA1">
    <linkSource sourcePageID="BAE40AAF-AA1E-4329-BD52-B0D012BEBDD6" comID="A7FF8B9D-2E80-410A-9651-B0ECC87B9FB7" comLinkType="cltPageLink"/>
    <linkSource sourcePageID="C13E7167-EA51-4060-B85C-BA8018C77DA1" comID="6E30AEF7-F930-4B39-9FC1-3AB828C772D0" comLinkType="cltPageLink"/>
    <linkSource sourcePageID="FC409A7E-8671-464A-B1AD-0213EC1237F7" comID="C69204D4-432E-4F80-B8DB-912579B65D16" comLinkType="cltPageLink"/>
    <linkSource sourcePageID="C13E7167-EA51-4060-B85C-BA8018C77DA1" comID="3523A1AE-C768-4E8E-B97D-E1557FB3ABCE" comLinkType="cltPageLink"/>
    <linkSource sourcePageID="C191CF4D-2331-4A9A-BC88-B7106105F54E" comID="20108FC3-58BE-4CD3-BD18-0FAD9AAE69BC" comLinkType="cltPageLink"/>
    <linkSource sourcePageID="55E4334F-E707-47D3-83F8-6F602B8FF295" comID="B7563E13-C469-40E9-93AC-15A2F25EBDC5" comLinkType="cltPageLink"/>
    <linkSource sourcePageID="920C7524-E26B-4DE3-8062-5C7FDE8E7BC4" comID="966839DE-F06A-451B-947F-BFE69CC63E2A" comLinkType="cltPageLink"/>
    <linkSource sourcePageID="18D4FAAD-B6FE-43D4-888D-92B0C51B3AEB" comID="8B3DF603-1368-48ED-99D6-9D6E36C9BF8E" comLinkType="cltPageLink"/>
    <linkSource sourcePageID="C13E7167-EA51-4060-B85C-BA8018C77DA1" comID="7BDC4A54-26CC-44A9-A9E2-6A45FA3B32B1" comLinkType="cltPageLink"/>
    <linkSource sourcePageID="8B40424C-243D-4260-9B5E-846D8E4D0752" comID="2A6A6BF3-7BCF-4B87-A364-F0144654519D" comLinkType="cltPageLink"/>
    <linkSource sourcePageID="FC409A7E-8671-464A-B1AD-0213EC1237F7" comID="95D8FB12-B19A-4A12-98C8-A238A07FBE0F" comLinkType="cltPageLink"/>
    <linkSource sourcePageID="906820EB-692C-4B5D-A6D2-AD9F57F109AC" comID="7AD08FBD-5817-4DDA-B3B0-328E94F915FC" comLinkType="cltPageLink"/>
    <linkSource sourcePageID="C84C275C-4566-4CC2-9916-6ED03A594436" comID="D2BE6546-EE5D-42A1-97BA-2DDC7F48DEFB" comLinkType="cltPageLink"/>
  </page>
  <page ID="FC409A7E-8671-464A-B1AD-0213EC1237F7">
    <linkSource sourcePageID="8B40424C-243D-4260-9B5E-846D8E4D0752" comID="185AEE89-E45F-4F47-A5FC-C3BBD34EA577" comLinkType="cltPageLink"/>
    <linkSource sourcePageID="906820EB-692C-4B5D-A6D2-AD9F57F109AC" comID="58B1F0FF-4BE8-4211-80D7-4216E9750831" comLinkType="cltPageLink"/>
    <linkSource sourcePageID="C84C275C-4566-4CC2-9916-6ED03A594436" comID="1E69CEE2-347C-457D-9A38-EE8AE223D6FF" comLinkType="cltPageLink"/>
    <linkSource sourcePageID="FC409A7E-8671-464A-B1AD-0213EC1237F7" comID="575430CC-90E2-4ECF-B1B6-A89DF92AEA62" comLinkType="cltPageLink"/>
    <linkSource sourcePageID="906820EB-692C-4B5D-A6D2-AD9F57F109AC" comID="F7D812E4-7BDD-4421-942C-6A9FCBA9F7CF" comLinkType="cltPageLink"/>
    <linkSource sourcePageID="8B40424C-243D-4260-9B5E-846D8E4D0752" comID="72B87FDF-2EBD-4F0A-8E44-91C1B1AD714A" comLinkType="cltPageLink"/>
    <linkSource sourcePageID="C13E7167-EA51-4060-B85C-BA8018C77DA1" comID="ACCE9069-D78A-4D5A-9BEC-94BF4EE6E559" comLinkType="cltPageLink"/>
    <linkSource sourcePageID="C13E7167-EA51-4060-B85C-BA8018C77DA1" comID="DE923515-62F3-435D-A286-EE949048F117" comLinkType="cltPageLink"/>
    <linkSource sourcePageID="C13E7167-EA51-4060-B85C-BA8018C77DA1" comID="302D108C-B34A-4294-A9FA-A980E7366A70" comLinkType="cltPageLink"/>
    <linkSource sourcePageID="C13E7167-EA51-4060-B85C-BA8018C77DA1" comID="0333BAB9-4938-4E51-9AA7-13EE01CFA4CB" comLinkType="cltPageLink"/>
  </page>
  <page ID="906820EB-692C-4B5D-A6D2-AD9F57F109AC">
    <linkSource sourcePageID="FC409A7E-8671-464A-B1AD-0213EC1237F7" comID="05A300D0-EBE3-4D26-9965-EA825903B6B6" comLinkType="cltPageLink"/>
  </page>
  <page ID="8B40424C-243D-4260-9B5E-846D8E4D0752">
    <linkSource sourcePageID="FC409A7E-8671-464A-B1AD-0213EC1237F7" comID="EF6BB24A-0C3D-4876-A4C0-7CC33F1849BE" comLinkType="cltPageLink"/>
    <linkSource sourcePageID="FC409A7E-8671-464A-B1AD-0213EC1237F7" comID="B2CE7F0E-3DC7-4745-81F6-758B6EBB4A5F" comLinkType="cltPageLink"/>
  </page>
  <page ID="C84C275C-4566-4CC2-9916-6ED03A594436">
    <linkSource sourcePageID="FC409A7E-8671-464A-B1AD-0213EC1237F7" comID="2BD6A8D2-0B14-418F-A5F6-5C082B149085" comLinkType="cltPageLink"/>
    <linkSource sourcePageID="FC409A7E-8671-464A-B1AD-0213EC1237F7" comID="1255D22F-EB34-4425-A766-ECE3F119297E" comLinkType="cltPageLink"/>
    <linkSource sourcePageID="FC409A7E-8671-464A-B1AD-0213EC1237F7" comID="3B809DDB-12F0-4D5A-B2A4-1286DD60E61A" comLinkType="cltPageLink"/>
    <linkSource sourcePageID="FC409A7E-8671-464A-B1AD-0213EC1237F7" comID="50FA5A96-0A0E-41EB-860D-FDDE9F49EA44" comLinkType="cltPageLink"/>
  </page>
  <page ID="920C7524-E26B-4DE3-8062-5C7FDE8E7BC4">
    <linkSource sourcePageID="18D4FAAD-B6FE-43D4-888D-92B0C51B3AEB" comID="74487957-FB30-4FC8-B59F-587ED3BA1E3C" comLinkType="cltPageLink"/>
    <linkSource sourcePageID="55E4334F-E707-47D3-83F8-6F602B8FF295" comID="B7563E13-C469-40E9-93AC-15A2F25EBDC5" comLinkType="cltPageLink"/>
    <linkSource sourcePageID="920C7524-E26B-4DE3-8062-5C7FDE8E7BC4" comID="966839DE-F06A-451B-947F-BFE69CC63E2A" comLinkType="cltPageLink"/>
    <linkSource sourcePageID="18D4FAAD-B6FE-43D4-888D-92B0C51B3AEB" comID="8B3DF603-1368-48ED-99D6-9D6E36C9BF8E" comLinkType="cltPageLink"/>
    <linkSource sourcePageID="C13E7167-EA51-4060-B85C-BA8018C77DA1" comID="7BDC4A54-26CC-44A9-A9E2-6A45FA3B32B1" comLinkType="cltPageLink"/>
    <linkSource sourcePageID="8B40424C-243D-4260-9B5E-846D8E4D0752" comID="2A6A6BF3-7BCF-4B87-A364-F0144654519D" comLinkType="cltPageLink"/>
    <linkSource sourcePageID="FC409A7E-8671-464A-B1AD-0213EC1237F7" comID="95D8FB12-B19A-4A12-98C8-A238A07FBE0F" comLinkType="cltPageLink"/>
    <linkSource sourcePageID="906820EB-692C-4B5D-A6D2-AD9F57F109AC" comID="7AD08FBD-5817-4DDA-B3B0-328E94F915FC" comLinkType="cltPageLink"/>
    <linkSource sourcePageID="C84C275C-4566-4CC2-9916-6ED03A594436" comID="D2BE6546-EE5D-42A1-97BA-2DDC7F48DEFB" comLinkType="cltPageLink"/>
  </page>
  <page ID="18D4FAAD-B6FE-43D4-888D-92B0C51B3AEB">
    <linkSource sourcePageID="55E4334F-E707-47D3-83F8-6F602B8FF295" comID="B7563E13-C469-40E9-93AC-15A2F25EBDC5" comLinkType="cltPageLink"/>
    <linkSource sourcePageID="C13E7167-EA51-4060-B85C-BA8018C77DA1" comID="7BDC4A54-26CC-44A9-A9E2-6A45FA3B32B1" comLinkType="cltPageLink"/>
    <linkSource sourcePageID="920C7524-E26B-4DE3-8062-5C7FDE8E7BC4" comID="0D3352B2-5CDD-4E4B-861C-553BAAEC4341" comLinkType="cltPageLink"/>
    <linkSource sourcePageID="920C7524-E26B-4DE3-8062-5C7FDE8E7BC4" comID="4D825343-C3A4-4329-854A-EBAB583D6E68" comLinkType="cltPageLink"/>
  </page>
  <page ID="55E4334F-E707-47D3-83F8-6F602B8FF295">
    <linkSource sourcePageID="55E4334F-E707-47D3-83F8-6F602B8FF295" comID="B7563E13-C469-40E9-93AC-15A2F25EBDC5" comLinkType="cltPageLink"/>
    <linkSource sourcePageID="920C7524-E26B-4DE3-8062-5C7FDE8E7BC4" comID="966839DE-F06A-451B-947F-BFE69CC63E2A" comLinkType="cltPageLink"/>
    <linkSource sourcePageID="18D4FAAD-B6FE-43D4-888D-92B0C51B3AEB" comID="8B3DF603-1368-48ED-99D6-9D6E36C9BF8E" comLinkType="cltPageLink"/>
    <linkSource sourcePageID="C13E7167-EA51-4060-B85C-BA8018C77DA1" comID="7BDC4A54-26CC-44A9-A9E2-6A45FA3B32B1" comLinkType="cltPageLink"/>
    <linkSource sourcePageID="8B40424C-243D-4260-9B5E-846D8E4D0752" comID="2A6A6BF3-7BCF-4B87-A364-F0144654519D" comLinkType="cltPageLink"/>
    <linkSource sourcePageID="FC409A7E-8671-464A-B1AD-0213EC1237F7" comID="95D8FB12-B19A-4A12-98C8-A238A07FBE0F" comLinkType="cltPageLink"/>
    <linkSource sourcePageID="906820EB-692C-4B5D-A6D2-AD9F57F109AC" comID="7AD08FBD-5817-4DDA-B3B0-328E94F915FC" comLinkType="cltPageLink"/>
    <linkSource sourcePageID="C84C275C-4566-4CC2-9916-6ED03A594436" comID="D2BE6546-EE5D-42A1-97BA-2DDC7F48DEFB" comLinkType="cltPageLink"/>
  </page>
</LinkSources>