﻿<mockup version="5.3" minAllowVersion="5.3" ID="01E91AD8-2213-4F6E-99B7-A919BBE3C326" platform="MtMobile" defaultW="375" defaultH="667" screenOrientation="MoPortrait" mobileScreenScale="1.77777779102325" measureW="375" measureH="667" clipArea="(0,0,0,0)">
  <controls controlCount="28">
    <control controlID="56A3EBDB-F954-426E-920E-3314405CF62E" controlTypeID="Shape" x="0" y="20" w="375" h="46" zOrder="0">
      <color>4294506744</color>
      <borderColor>4291611852</borderColor>
      <ShadowBlur>0</ShadowBlur>
      <font family="Arial" displayName="Arial_%26_Bold" postScript="" weightStyle="Bold" weight="700" isBold="True" isItalic="False"/>
      <textSize>14</textSize>
      <textStyles>[fsBold]</textStyles>
      <selectedIndex>-1</selectedIndex>
      <borderMode>[bmBottom]</borderMode>
    </control>
    <control controlID="5EBBC1A4-3C86-417A-A833-5D7B6067E555" controlTypeID="Image" x="34" y="84" w="307" h="133" zOrder="1">
      <ShadowBlur>0</ShadowBlur>
      <URL>A0CD77E23211AC73E8A847ED3498F68A.jpg</URL>
    </control>
    <control controlID="AB238925-D0B4-4427-AEAD-B92B2AA41E8A" controlTypeID="ScopeBar" x="20" y="240" w="335" h="42" zOrder="2">
      <color>16777215</color>
      <ShadowBlur>0</ShadowBlur>
      <links eventType="AtClick" animate="AmNone" animateAutoDelay="0" animateDuration="500">
        <link targetPageID="" linkType="ltPageLink" isApplyIncludePage="False" title="Create+Account">
          <area shape="0" alt="" ID="{E460D8A7-BE96-4CF0-AF65-A96A0A0A1A79}" coords="(0,0,167,42)"/>
        </link>
        <link targetPageID="7E574E4F-8F50-44F6-9B89-CF090A494B2C" linkType="ltPageLink" isApplyIncludePage="False" title="Sign+In">
          <area shape="0" alt="" ID="{6FBADF68-A737-4755-80E7-EF995B39FFCC}" coords="(167,0,334,42)"/>
        </link>
      </links>
      <font family="Arial" displayName="Arial" postScript="" weightStyle="Standaard" weight="400" isBold="False" isItalic="False" useDefaultFontFamily="False"/>
      <text>Create+Account%2CSign+In</text>
      <lineSpacing>0</lineSpacing>
      <selectedColor>4279673312</selectedColor>
      <selectedTextColor>4294967295</selectedTextColor>
    </control>
    <control controlID="A2CEB507-25A8-4714-B97B-85BD98F646C4" controlTypeID="Shape" x="0" y="356" w="375" h="132" zOrder="3">
      <borderColor>4293190884</borderColor>
      <ShadowBlur>0</ShadowBlur>
      <font family="Arial" displayName="Arial" postScript="" weightStyle="Standaard" weight="400" isBold="False" isItalic="False"/>
      <textSize>14</textSize>
      <selectedIndex>-1</selectedIndex>
      <borderMode>[bmTop,bmBottom]</borderMode>
    </control>
    <control controlID="199547EC-4575-4642-AE8B-15640845B64F" controlTypeID="Shape" x="0" y="499" w="375" h="42" zOrder="4">
      <borderColor>4293190884</borderColor>
      <ShadowBlur>0</ShadowBlur>
      <interactiveData>
        <entry title="">
          <area shape="0" alt="" ID="{DC3AA6FA-2EF9-48D7-AD4F-31E8A6DD0DE9}" coords="(0,0,375,42)"/>
          <events title="">
            <event eventType="atClick" isChecked="True">
              <behaviour title="" isChecked="True" isWait="False" isLoop="False" execMode="emParallel">
                <target targetID="972DF906-5488-43FF-B47D-425539326CBB" isChecked="True" isAutoRecovery="False" isLoop="False" execMode="emSequence">
                  <command name="Popup State Change" isChecked="True" descrition="">
                    <param name="AniInterpolation" value="0" varType="3" description=""/>
                    <param name="AniDuration" value="200" varType="3" description=""/>
                    <param name="AniAutoReverse" value="False" varType="11" description=""/>
                    <param name="AniLoop" value="False" varType="11" description=""/>
                    <param name="AniInterpolationTypeOut" value="False" varType="11" description=""/>
                    <param name="Delay" value="0" varType="3" description=""/>
                    <param name="Value" value="2" varType="3" description=""/>
                    <param name="AniType" value="0" varType="3" description=""/>
                  </command>
                </target>
              </behaviour>
            </event>
          </events>
        </entry>
      </interactiveData>
      <font family="Arial" displayName="Arial" postScript="" weightStyle="Standaard" weight="400" isBold="False" isItalic="False"/>
      <text>Create+a+CityWatch+Account</text>
      <textColor>4279673312</textColor>
      <textSize>15</textSize>
      <useDefaultTextSize>False</useDefaultTextSize>
      <selectedIndex>-1</selectedIndex>
      <borderMode>[bmTop,bmBottom]</borderMode>
    </control>
    <control controlID="25630176-B08C-4D8B-8B16-6764346F551E" controlTypeID="Shape" x="0" y="603" w="375" h="42" zOrder="5">
      <borderColor>4293190884</borderColor>
      <ShadowBlur>0</ShadowBlur>
      <font family="Arial" displayName="Arial" postScript="" weightStyle="Standaard" weight="400" isBold="False" isItalic="False"/>
      <text>+++Sign+Up+with+Facebook</text>
      <textColor>4282079640</textColor>
      <textSize>15</textSize>
      <useDefaultTextSize>False</useDefaultTextSize>
      <selectedIndex>-1</selectedIndex>
      <borderMode>[bmTop,bmBottom]</borderMode>
    </control>
    <control controlID="0E5A1248-8D62-48BF-84D2-0AE277FED837" controlTypeID="Line" x="13" y="400" w="362" h="1" zOrder="6">
      <color>4293190884</color>
      <ShadowBlur>0</ShadowBlur>
      <font family="Arial" displayName="Arial" postScript="" weightStyle="Standaard" weight="400" isBold="False" isItalic="False"/>
      <textSize>14</textSize>
      <lineSpacing>0</lineSpacing>
      <selectedIndex>-1</selectedIndex>
      <controlPoint>(181,0)</controlPoint>
      <startPoint>(0,0)</startPoint>
      <endPoint>(362,0)</endPoint>
    </control>
    <control controlID="7181DF80-EBF6-4CBB-808B-DE4BA1A526E5" controlTypeID="Line" x="183" y="357" w="2" h="42" zOrder="7">
      <color>4293190884</color>
      <ShadowBlur>0</ShadowBlur>
      <font family="Arial" displayName="Arial" postScript="" weightStyle="Standaard" weight="400" isBold="False" isItalic="False"/>
      <textSize>14</textSize>
      <lineSpacing>0</lineSpacing>
      <selectedIndex>-1</selectedIndex>
      <controlPoint>(1,22)</controlPoint>
      <startPoint>(1,1)</startPoint>
      <endPoint>(1,42)</endPoint>
    </control>
    <control controlID="FE93BF68-DB61-44EE-910D-91C7A8C36AE9" controlTypeID="Line" x="13" y="444" w="362" h="1" zOrder="8">
      <color>4293190884</color>
      <ShadowBlur>0</ShadowBlur>
      <font family="Arial" displayName="Arial" postScript="" weightStyle="Standaard" weight="400" isBold="False" isItalic="False"/>
      <textSize>14</textSize>
      <lineSpacing>0</lineSpacing>
      <selectedIndex>-1</selectedIndex>
      <controlPoint>(181,0)</controlPoint>
      <startPoint>(0,0)</startPoint>
      <endPoint>(362,0)</endPoint>
    </control>
    <control controlID="37D9BE9C-1BFE-4753-B37C-470DCBFFE4AF" controlTypeID="TextInput" x="10" y="357" w="173" h="42" zOrder="9">
      <borderVisible>False</borderVisible>
      <ShadowBlur>0</ShadowBlur>
      <font family="Arial" displayName="Arial" postScript="" weightStyle="Standaard" weight="400" isBold="False" isItalic="False"/>
      <lineSpacing>0</lineSpacing>
      <selectedIndex>-1</selectedIndex>
      <placeHolder>First+Name</placeHolder>
    </control>
    <control controlID="358929D8-A6F3-47B0-81CB-76C441948B23" controlTypeID="TextInput" x="12" y="401" w="363" h="42" zOrder="10">
      <borderVisible>False</borderVisible>
      <ShadowBlur>0</ShadowBlur>
      <font family="Arial" displayName="Arial" postScript="" weightStyle="Standaard" weight="400" isBold="False" isItalic="False"/>
      <lineSpacing>0</lineSpacing>
      <selectedIndex>-1</selectedIndex>
      <placeHolder>Email</placeHolder>
    </control>
    <control controlID="D6A5309E-D946-41D4-9321-B322395BF006" controlTypeID="TextInput" x="10" y="445" w="363" h="42" zOrder="11">
      <borderVisible>False</borderVisible>
      <ShadowBlur>0</ShadowBlur>
      <font family="Arial" displayName="Arial" postScript="" weightStyle="Standaard" weight="400" isBold="False" isItalic="False"/>
      <lineSpacing>0</lineSpacing>
      <selectedIndex>-1</selectedIndex>
      <placeHolder>Password</placeHolder>
    </control>
    <control controlID="E7E81207-C1F7-4EBE-8AB1-150E70A61EDB" controlTypeID="TextInput" x="189" y="357" w="173" h="42" zOrder="12">
      <borderVisible>False</borderVisible>
      <ShadowBlur>0</ShadowBlur>
      <font family="Arial" displayName="Arial" postScript="" weightStyle="Standaard" weight="400" isBold="False" isItalic="False"/>
      <lineSpacing>0</lineSpacing>
      <selectedIndex>-1</selectedIndex>
      <placeHolder>Last+Name</placeHolder>
    </control>
    <control controlID="421B94AC-6862-434C-B848-0D53AD8A5B07" controlTypeID="Line" x="0" y="575" w="171" h="1" zOrder="13">
      <color>4291611852</color>
      <ShadowBlur>0</ShadowBlur>
      <font family="Arial" displayName="Arial" postScript="" weightStyle="Standaard" weight="400" isBold="False" isItalic="False"/>
      <textSize>14</textSize>
      <lineSpacing>0</lineSpacing>
      <selectedIndex>-1</selectedIndex>
      <controlPoint>(86,0)</controlPoint>
      <startPoint>(0,0)</startPoint>
      <endPoint>(171,0)</endPoint>
    </control>
    <control controlID="EE65158D-E10A-48E2-8064-EA912034D5CD" controlTypeID="Line" x="203" y="575" w="171" h="1" zOrder="14">
      <color>4291611852</color>
      <ShadowBlur>0</ShadowBlur>
      <font family="Arial" displayName="Arial" postScript="" weightStyle="Standaard" weight="400" isBold="False" isItalic="False"/>
      <textSize>14</textSize>
      <lineSpacing>0</lineSpacing>
      <selectedIndex>-1</selectedIndex>
      <controlPoint>(86,0)</controlPoint>
      <startPoint>(0,0)</startPoint>
      <endPoint>(171,0)</endPoint>
    </control>
    <control controlID="4DE5F2CD-5D2E-4E16-834D-0F7460EA7E1C" controlTypeID="Label" x="178" y="565" w="13" h="17" zOrder="15">
      <ShadowBlur>0</ShadowBlur>
      <font family="Arial" displayName="Arial" postScript="" weightStyle="Standaard" weight="400" isBold="False" isItalic="False"/>
      <text>or</text>
      <textColor>4288256409</textColor>
      <textVAlign>VaTop</textVAlign>
      <lineSpacing>0</lineSpacing>
      <selectedIndex>-1</selectedIndex>
    </control>
    <control controlID="2CC3C541-115D-48AF-A1FC-79090DA6C67E" controlTypeID="Icon" x="76" y="610" w="27" h="27" zOrder="16">
      <color>4282079640</color>
      <ShadowBlur>0</ShadowBlur>
      <icon>
        <ID/>
        <iconFontName>jdFontAwesome</iconFontName>
        <iconCode>62000</iconCode>
      </icon>
      <URL>3FE208D35395AF97638B5CE09975FF47.svg</URL>
    </control>
    <control controlID="25852C2C-10D1-4F21-905A-59BBEA77F7A7" controlTypeID="StatusBar(Android)" x="0" y="0" w="375" h="20" zOrder="17">
      <ShadowBlur>0</ShadowBlur>
    </control>
    <control controlID="A1BF40F3-530C-45DC-AD7A-05DD6AE6C1E9" controlTypeID="Label" x="108" y="20" w="161" h="37" zOrder="18">
      <ShadowBlur>0</ShadowBlur>
      <font family="Arial" displayName="Arial_%26_Bold+Italic" postScript="" weightStyle="Bold+Italic" weight="700" isBold="True" isItalic="True"/>
      <text>CityWatch</text>
      <textColor>4279673312</textColor>
      <textSize>32</textSize>
      <lineSpacing>0</lineSpacing>
      <textStyles>[fsBold,fsItalic]</textStyles>
      <useDefaultTextSize>False</useDefaultTextSize>
      <selectedIndex>-1</selectedIndex>
    </control>
    <control controlID="972DF906-5488-43FF-B47D-425539326CBB" controlTypeID="PopupPanel" x="460" y="95" w="46" h="46" zOrder="19">
      <ShadowBlur>0</ShadowBlur>
      <groupChildrenDescriptors>
        <control controlID="DA298181-98DE-4D7F-8030-D4D213D26D6F" controlTypeID="Panel" x="0" y="0" w="375" h="667" zOrder="0">
          <locked>True</locked>
          <color>1879048192</color>
          <borderVisible>False</borderVisible>
          <canMove>False</canMove>
          <alias>background</alias>
          <ShadowBlur>0</ShadowBlur>
          <groupChildrenDescriptors>
            <control controlID="ABB079B1-C015-4C27-A2DB-5213758ED15D" controlTypeID="Border" x="0" y="0" w="375" h="667" zOrder="0">
              <borderVisible>False</borderVisible>
              <alias>borderLayer</alias>
              <ShadowBlur>0</ShadowBlur>
            </control>
          </groupChildrenDescriptors>
          <thinkness>1</thinkness>
        </control>
        <control controlID="7EDD6119-B54D-4B2D-996D-2A2F83F71DDD" controlTypeID="PopupPanelContent" x="0" y="160" w="375" h="388" zOrder="1">
          <color>16777215</color>
          <alias>content</alias>
          <ShadowBlur>0</ShadowBlur>
          <groupChildrenDescriptors>
            <control controlID="8BC76A5F-E566-4E7F-8960-8498D0E4B762" controlTypeID="TitleWindow" x="0" y="0" w="375" h="388" zOrder="0">
              <ShadowBlur>0</ShadowBlur>
              <font family="Arial" displayName="Arial" postScript="" weightStyle="Standaard" weight="400" isBold="False" isItalic="False"/>
              <text>Thank+you+for+creating+an+account!</text>
              <textSize>14</textSize>
              <textVAlign>VaTop</textVAlign>
              <lineSpacing>0</lineSpacing>
              <selectedIndex>-1</selectedIndex>
            </control>
            <control controlID="DDD71A93-F28C-4F32-97CC-7F01BCBE39F7" controlTypeID="Label" x="10" y="47" w="173" h="14" zOrder="1">
              <ShadowBlur>0</ShadowBlur>
              <font family="Arial" displayName="Arial" postScript="" weightStyle="Standaard" weight="400" isBold="False" isItalic="False"/>
              <text>We+sent+an+email+to+this+account</text>
              <textSize>12</textSize>
              <lineSpacing>0</lineSpacing>
              <useDefaultTextSize>False</useDefaultTextSize>
              <selectedIndex>-1</selectedIndex>
            </control>
            <control controlID="F03A715D-09F9-44FB-B041-C2E8E8FAE021" controlTypeID="TextInput" x="11" y="71" w="337" h="38" zOrder="2">
              <ShadowBlur>0</ShadowBlur>
              <font family="Arial" displayName="Arial" postScript="" weightStyle="Standaard" weight="400" isBold="False" isItalic="False"/>
              <text>Test@outlook.com</text>
              <lineSpacing>0</lineSpacing>
              <selectedIndex>-1</selectedIndex>
              <canInput>False</canInput>
              <placeHolder>Email</placeHolder>
            </control>
            <control controlID="4FFBD564-C862-4FE1-ACA4-9DF9D59E9C39" controlTypeID="Button" x="83" y="149" w="190" h="74" zOrder="3">
              <color>4279673312</color>
              <borderVisible>False</borderVisible>
              <ShadowBlur>0</ShadowBlur>
              <links eventType="AtClick" animate="AmNone" animateAutoDelay="0" animateDuration="500">
                <link targetPageID="9C029B47-B162-4D46-9BD5-0299F0D4E449" linkType="ltPageLink" isApplyIncludePage="False" title="List+Of+Posts+List">
                  <area shape="0" alt="" ID="{166972AC-7179-466D-BFE7-40A8D21F372A}" coords="(0,0,190,74)"/>
                </link>
              </links>
              <font family="Arial" displayName="Arial" postScript="" weightStyle="Standaard" weight="400" isBold="False" isItalic="False" useDefaultFontFamily="False"/>
              <text>Sign+in</text>
              <textColor>4294967295</textColor>
              <textSize>12</textSize>
              <lineSpacing>0</lineSpacing>
              <selectedIndex>-1</selectedIndex>
            </control>
            <control controlID="3A59FEFA-A0C5-4B1D-A6E4-DA9A4AD8FC64" controlTypeID="Label" x="10" y="119" w="347" h="14" zOrder="4">
              <ShadowBlur>0</ShadowBlur>
              <font family="Arial" displayName="Arial" postScript="" weightStyle="Standaard" weight="400" isBold="False" isItalic="False"/>
              <text>Please+verify+your+new+account+by+clicking+on+the+link+in+the+email</text>
              <textSize>12</textSize>
              <lineSpacing>0</lineSpacing>
              <useDefaultTextSize>False</useDefaultTextSize>
              <selectedIndex>-1</selectedIndex>
            </control>
          </groupChildrenDescriptors>
        </control>
      </groupChildrenDescriptors>
    </control>
  </controls>
  <param>
    <backgroundColor>4293914612</backgroundColor>
    <fontSize>14</fontSize>
    <fontFamily>Arial</fontFamily>
    <guideLines/>
  </param>
</mockup>