﻿<mockup version="5.3" minAllowVersion="5.3" ID="274A8EE7-7400-4E9A-B425-077265BDA01A" platform="MtMobile" defaultW="375" defaultH="667" screenOrientation="MoPortrait" mobileScreenScale="1.77777779102325" measureW="375" measureH="667">
  <controls controlCount="10">
    <control controlID="72FC8A5F-AB9F-43DF-A44F-6B208FC60FD1" controlTypeID="Shape" x="0" y="20" w="375" h="46" zOrder="0">
      <color>4294506744</color>
      <borderColor>4291611852</borderColor>
      <font family="Arial" displayName="Arial" postScript="" weightStyle="Standaard" weight="400" isBold="False" isItalic="False"/>
      <text>Welcome</text>
      <textSize>16</textSize>
      <useDefaultTextSize>False</useDefaultTextSize>
      <selectedIndex>-1</selectedIndex>
      <borderMode>[bmBottom]</borderMode>
    </control>
    <control controlID="52CDC18F-B10C-4B24-83D1-68C6E56873D5" controlTypeID="Button" x="74" y="563" w="228" h="46" zOrder="1">
      <color>4279673312</color>
      <borderVisible>False</borderVisible>
      <links eventType="AtClick" animate="AmNone" animateAutoDelay="0" animateDuration="500">
        <link targetPageID="01E91AD8-2213-4F6E-99B7-A919BBE3C326" linkType="ltPageLink" isApplyIncludePage="False" title="Start">
          <area shape="0" alt="" ID="{9C29B01A-5565-4102-AB4B-DCD270F04F44}" coords="(0,0,228,46)"/>
        </link>
      </links>
      <font family="Arial" displayName="Arial" postScript="" weightStyle="Standaard" weight="400" isBold="False" isItalic="False" useDefaultFontFamily="False"/>
      <text>Explore+now</text>
      <textColor>4294967295</textColor>
      <textSize>20</textSize>
      <lineSpacing>0</lineSpacing>
      <useDefaultTextSize>False</useDefaultTextSize>
      <selectedIndex>-1</selectedIndex>
    </control>
    <control controlID="086CC7F1-71BE-42FA-8D50-BEBB19C835D0" controlTypeID="Shape" x="0" y="476" w="375" h="45" zOrder="2">
      <borderColor>4293190884</borderColor>
      <font family="Arial" displayName="Arial" postScript="" weightStyle="Standaard" weight="400" isBold="False" isItalic="False"/>
      <text>99+posts+made+in+your+city+right+now!</text>
      <textColor>4279673312</textColor>
      <textSize>16</textSize>
      <useDefaultTextSize>False</useDefaultTextSize>
      <selectedIndex>-1</selectedIndex>
      <borderMode>[bmTop,bmBottom]</borderMode>
    </control>
    <control controlID="27C02CD6-C5BE-4DB5-96BF-31D4A649A580" controlTypeID="StatusBar(Android)" x="0" y="0" w="375" h="20" zOrder="3"/>
    <control controlID="5DB51259-4C7A-47A3-81CE-538F4297B390" controlTypeID="Label" x="41" y="97" w="302" h="69" zOrder="4">
      <font family="Arial" displayName="Arial_%26_Bold+Italic" postScript="" weightStyle="Bold+Italic" weight="700" isBold="True" isItalic="True"/>
      <text>CityWatch</text>
      <textColor>4279673312</textColor>
      <textSize>60</textSize>
      <lineSpacing>0</lineSpacing>
      <textStyles>[fsBold,fsItalic]</textStyles>
      <useDefaultTextSize>False</useDefaultTextSize>
      <selectedIndex>-1</selectedIndex>
    </control>
    <control controlID="E498A166-A922-4B87-902E-8C10EC8FA450" controlTypeID="Map" x="20" y="176" w="335" h="290" zOrder="5"/>
    <control controlID="7DFC5DF6-A4C9-45FD-941E-53ECE1887259" controlTypeID="Icon" x="325" y="437" w="24" h="24" zOrder="6">
      <icon>
        <ID/>
        <iconFontName>jdIonicons</iconFontName>
        <iconCode>62185</iconCode>
      </icon>
      <URL>2784B999C40CAFF09E2D9FF5F4DBA473.svg</URL>
    </control>
    <control controlID="309BF76E-DFBB-4F23-BC27-3B70BDA4EB31" controlTypeID="Icon" x="159" y="294" w="24" h="24" zOrder="7">
      <color>4279673312</color>
      <icon>
        <ID/>
        <iconFontName>jdIonicons</iconFontName>
        <iconCode>62371</iconCode>
      </icon>
      <URL>474A61FDC203C97B2EEFAF494C017CCB.svg</URL>
    </control>
    <control controlID="AEF6C97D-BE3C-402D-AEBC-48B98C8A156F" controlTypeID="Icon" x="35" y="382" w="24" h="24" zOrder="8">
      <color>4279673312</color>
      <icon>
        <ID/>
        <iconFontName>jdIonicons</iconFontName>
        <iconCode>62371</iconCode>
      </icon>
      <URL>474A61FDC203C97B2EEFAF494C017CCB.svg</URL>
    </control>
    <control controlID="A5204E4F-3487-44A3-83B4-D15297BCB537" controlTypeID="Icon" x="278" y="410" w="24" h="24" zOrder="9">
      <color>4279673312</color>
      <icon>
        <ID/>
        <iconFontName>jdIonicons</iconFontName>
        <iconCode>62371</iconCode>
      </icon>
      <URL>474A61FDC203C97B2EEFAF494C017CCB.svg</URL>
    </control>
  </controls>
  <param>
    <backgroundColor>4294967295</backgroundColor>
    <fontSize>14</fontSize>
    <fontFamily>Arial</fontFamily>
    <guideLines/>
  </param>
</mockup>