﻿<mockup version="5.3" minAllowVersion="5.3" ID="9D61D66B-50C3-4F69-B3EA-8C06CD4EEC53" platform="MtMobile" defaultW="375" defaultH="667" screenOrientation="MoPortrait" mobileScreenScale="1.77777779102325" measureW="375" measureH="667">
  <controls controlCount="9">
    <control controlID="E34EFAC3-9F1E-4C25-8BCA-7659201C66B9" controlTypeID="StatusBar(IOS)" x="0" y="0" w="375" h="20" zOrder="0">
      <color>4294506744</color>
    </control>
    <control controlID="72FC8A5F-AB9F-43DF-A44F-6B208FC60FD1" controlTypeID="Shape" x="0" y="20" w="375" h="46" zOrder="1">
      <color>4294506744</color>
      <borderColor>4291611852</borderColor>
      <font family="Arial" displayName="Arial" postScript="" weightStyle="Standaard" weight="400" isBold="False" isItalic="False"/>
      <text>Welcome</text>
      <textSize>16</textSize>
      <useDefaultTextSize>False</useDefaultTextSize>
      <selectedIndex>-1</selectedIndex>
      <borderMode>[bmBottom]</borderMode>
    </control>
    <control controlID="6B37EA03-FC12-4B74-B1E7-52F48A2BA462" controlTypeID="Label" x="287" y="34" w="71" h="17" zOrder="2">
      <links eventType="AtClick" animate="AmNone" animateAutoDelay="0" animateDuration="500">
        <link targetPageID="01E91AD8-2213-4F6E-99B7-A919BBE3C326" linkType="ltPageLink" isApplyIncludePage="False" title="Start">
          <area shape="0" alt="" ID="{D26303BA-AA22-4B60-8CD9-A2F96E31B935}" coords="(0,0,71,17)"/>
        </link>
      </links>
      <font family="Arial" displayName="Arial" postScript="" weightStyle="Standaard" weight="400" isBold="False" isItalic="False"/>
      <text>Get+Started</text>
      <textColor>4279673312</textColor>
      <textVAlign>VaTop</textVAlign>
      <lineSpacing>0</lineSpacing>
      <selectedIndex>-1</selectedIndex>
    </control>
    <control controlID="8FD14E22-4240-4CF3-AC45-FD12C7749237" controlTypeID="PageControlEx" x="146" y="620" w="84" h="40" zOrder="3">
      <color>4291611852</color>
      <gap>8</gap>
      <size>6</size>
      <columnCount>6</columnCount>
      <selectedColor>4288256409</selectedColor>
    </control>
    <control controlID="988265AF-C7AE-4917-8F64-C5488B882488" controlTypeID="__group__" x="8" y="165" w="360" h="386" zOrder="4">
      <links eventType="AtClick" animate="AmPushLeft" animateAutoDelay="0" animateDuration="500">
        <link targetPageID="C1FFFC42-2807-48E5-8B38-63859A93DFF2" linkType="ltPageLink" isApplyIncludePage="False" title="Welcome-4">
          <area shape="0" alt="" ID="{6891EB9E-2709-4E1F-B39A-582808141F59}" coords="(0,0,360,386)"/>
        </link>
      </links>
      <groupChildrenDescriptors>
        <control controlID="A0157318-F333-4E51-B591-67F639BD13AE" controlTypeID="Image" x="37" y="73" w="283" h="204" zOrder="0"/>
        <control controlID="AA25DCB4-45BE-40B4-9590-83107E3871E5" controlTypeID="TextArea" x="17" y="285" w="330" h="45" zOrder="1">
          <font family="Arial" displayName="Arial" postScript="" weightStyle="Standaard" weight="400" isBold="False" isItalic="False"/>
          <text>When+a+list+is+shared%2C+multiple+people+can+view+and+update+it+simultaneously.</text>
          <textColor>4284900966</textColor>
          <textAlign>HaCenter</textAlign>
          <selectedIndex>-1</selectedIndex>
        </control>
        <control controlID="68CC145D-1017-48B9-B234-CC3746A48E4D" controlTypeID="TextArea" x="17" y="341" w="330" h="45" zOrder="2">
          <font family="Arial" displayName="Arial" postScript="" weightStyle="Standaard" weight="400" isBold="False" isItalic="False"/>
          <text>Push+notifications+let+you+know+when+someone+else+has+modified+a+shared+list.</text>
          <textColor>4284900966</textColor>
          <textAlign>HaCenter</textAlign>
          <selectedIndex>-1</selectedIndex>
        </control>
        <control controlID="92356EB1-CB93-41E0-8FC3-7BDBDEC29077" controlTypeID="TextArea" x="0" y="0" w="360" h="66" zOrder="3">
          <font family="Arial" displayName="Arial" postScript="" weightStyle="Standaard" weight="400" isBold="False" isItalic="False"/>
          <text>Easily+share+lists+with+family+and+friends</text>
          <textSize>24</textSize>
          <textAlign>HaCenter</textAlign>
          <useDefaultTextSize>False</useDefaultTextSize>
          <selectedIndex>-1</selectedIndex>
        </control>
      </groupChildrenDescriptors>
    </control>
  </controls>
  <param>
    <backgroundColor>4294967295</backgroundColor>
    <fontSize>0</fontSize>
    <fontFamily>Arial</fontFamily>
    <guideLines/>
  </param>
</mockup>