﻿<mockup version="5.3" minAllowVersion="5.3" ID="EDAD8CB8-73BF-4619-9AC5-EABF2BECE0BB" platform="MtMobile" defaultW="375" defaultH="667" screenOrientation="MoPortrait" mobileScreenScale="1.77777779102325" measureW="375" measureH="667">
  <controls controlCount="8">
    <control controlID="E34EFAC3-9F1E-4C25-8BCA-7659201C66B9" controlTypeID="StatusBar(IOS)" x="0" y="0" w="375" h="20" zOrder="0">
      <color>4294506744</color>
    </control>
    <control controlID="72FC8A5F-AB9F-43DF-A44F-6B208FC60FD1" controlTypeID="Shape" x="0" y="20" w="375" h="46" zOrder="1">
      <color>4294506744</color>
      <borderColor>4291611852</borderColor>
      <font family="Arial" displayName="Arial" postScript="" weightStyle="Standaard" weight="400" isBold="False" isItalic="False"/>
      <text>Welcome</text>
      <textSize>16</textSize>
      <useDefaultTextSize>False</useDefaultTextSize>
      <selectedIndex>-1</selectedIndex>
      <borderMode>[bmBottom]</borderMode>
    </control>
    <control controlID="6B37EA03-FC12-4B74-B1E7-52F48A2BA462" controlTypeID="Label" x="287" y="34" w="71" h="17" zOrder="2">
      <links eventType="AtClick" animate="AmNone" animateAutoDelay="0" animateDuration="500">
        <link targetPageID="01E91AD8-2213-4F6E-99B7-A919BBE3C326" linkType="ltPageLink" isApplyIncludePage="False" title="Start">
          <area shape="0" alt="" ID="{D26303BA-AA22-4B60-8CD9-A2F96E31B935}" coords="(0,0,71,17)"/>
        </link>
      </links>
      <font family="Arial" displayName="Arial" postScript="" weightStyle="Standaard" weight="400" isBold="False" isItalic="False"/>
      <text>Get+Started</text>
      <textColor>4279673312</textColor>
      <textVAlign>VaTop</textVAlign>
      <lineSpacing>0</lineSpacing>
      <selectedIndex>-1</selectedIndex>
    </control>
    <control controlID="59173C74-BC84-4A56-AA58-F75E1B41385B" controlTypeID="__group__" x="25" y="150" w="330" h="394" zOrder="3">
      <links eventType="AtClick" animate="AmPushLeft" animateAutoDelay="0" animateDuration="500">
        <link targetPageID="80DA5815-0B69-44E5-9AA8-3B474BACCBA2" linkType="ltPageLink" isApplyIncludePage="False" title="Welcome-2">
          <area shape="0" alt="" ID="{6F3B133F-41C4-4107-A33B-432F6CA300EC}" coords="(0,0,330,394)"/>
        </link>
      </links>
      <groupChildrenDescriptors>
        <control controlID="43A2C691-0BAA-456E-A5EF-2AC090B38BF3" controlTypeID="Label" x="35" y="0" w="231" h="28" zOrder="0">
          <font family="Arial" displayName="Arial" postScript="" weightStyle="Standaard" weight="400" isBold="False" isItalic="False"/>
          <text>Create+organized+lists</text>
          <textSize>24</textSize>
          <textVAlign>VaTop</textVAlign>
          <lineSpacing>0</lineSpacing>
          <useDefaultTextSize>False</useDefaultTextSize>
          <selectedIndex>-1</selectedIndex>
        </control>
        <control controlID="A0157318-F333-4E51-B591-67F639BD13AE" controlTypeID="Image" x="20" y="47" w="283" h="271" zOrder="1"/>
        <control controlID="AA25DCB4-45BE-40B4-9590-83107E3871E5" controlTypeID="TextArea" x="0" y="328" w="330" h="66" zOrder="2">
          <font family="Arial" displayName="Arial" postScript="" weightStyle="Standaard" weight="400" isBold="False" isItalic="False"/>
          <text>Grocery+items+are+automatically+categorized+and+you+can+create+your+own+categories+for+other+types+of+lists.</text>
          <textColor>4284900966</textColor>
          <textAlign>HaCenter</textAlign>
          <selectedIndex>-1</selectedIndex>
        </control>
      </groupChildrenDescriptors>
    </control>
    <control controlID="8FD14E22-4240-4CF3-AC45-FD12C7749237" controlTypeID="PageControlEx" x="146" y="620" w="84" h="40" zOrder="4">
      <color>4291611852</color>
      <gap>8</gap>
      <size>6</size>
      <columnCount>6</columnCount>
      <selectedIndex>1</selectedIndex>
      <selectedColor>4288256409</selectedColor>
    </control>
  </controls>
  <param>
    <backgroundColor>4294967295</backgroundColor>
    <fontSize>0</fontSize>
    <fontFamily>Arial</fontFamily>
    <guideLines/>
  </param>
</mockup>