﻿<project version="2.9" name="AnyProblem" ID="F708C89C-44E4-45AB-B9FF-7AFC9604DFF1">
  <params>
    <pageParam version="5.3" minAllowVersion="5.3"/>
    <projectParam version="2.9" minAllowVersion="2.9" platform="MtMobile" orientation="MoPortrait" mobileScreenScale="1.77777779102325" mobileType="mmtIOS" pageSize="(375,667)" backgroundColor="4294967295" fontSize="0" fontFamily="Arial" projectType="ptPersonalProject" isShowTitleIndex="False"/>
    <previewParam version="1.0"/>
    <colorParam version="1.0"/>
  </params>
  <pages>
    <page name="Welcome" ID="274A8EE7-7400-4E9A-B425-077265BDA01A" expanded="True" code="u42SwAX8JN" thumbCode="u42SwAX8JN" status="psWhite" isfolder="False" isshownode="True">
      <images>
        <image key="474A61FDC203C97B2EEFAF494C017CCB.svg"/>
        <image key="2784B999C40CAFF09E2D9FF5F4DBA473.svg"/>
      </images>
      <page name="Sign In" ID="7E574E4F-8F50-44F6-9B89-CF090A494B2C" expanded="True" code="MOYeio3A7M" thumbCode="MOYeio3A7M" status="psWhite" isfolder="False" isshownode="True">
        <images>
          <image key="3FE208D35395AF97638B5CE09975FF47.svg"/>
          <image key="A0CD77E23211AC73E8A847ED3498F68A.jpg"/>
        </images>
        <page name="Settings" ID="23A32FDF-A3FC-406B-822C-B3D29FA08195" expanded="True" code="zRicmE3HSe" thumbCode="zRicmE3HSe" status="psWhite" isfolder="False" isshownode="True">
          <images>
            <image key="2E967326C22523F5F084001B9F4E5BC7.svg"/>
            <image key="DED0E6A8242D8DE296EBCBE2FFA15EDA.svg"/>
            <image key="807B9BF23EE1023139B925F62B0D2029.svg"/>
            <image key="5444F5AECE736EBEEE063F9EFEC7198E.png"/>
          </images>
        </page>
        <page name="Posts" ID="ADABD2F4-7944-423C-A28A-E7505F4E0D3E" expanded="True" code="wmlWoW8Zer" thumbCode="wmlWoW8Zer" status="psWhite" isfolder="False" isshownode="True">
          <images>
            <image key="C9A19AEA8333861081ABFD164D361FEF.svg"/>
            <image key="807B9BF23EE1023139B925F62B0D2029.svg"/>
            <image key="2E967326C22523F5F084001B9F4E5BC7.svg"/>
            <image key="5B42555577E2EDEFD5648F7EACF271B1.svg"/>
            <image key="DED0E6A8242D8DE296EBCBE2FFA15EDA.svg"/>
            <image key="0CCFED0BD1BC3BB4D610117937314139.svg"/>
            <image key="7368E932054EB35095B123FCB5C28A31.svg"/>
            <image key="F0BDAC64E7EBA2A3D254960B288224AB.svg"/>
            <image key="5444F5AECE736EBEEE063F9EFEC7198E.png"/>
          </images>
          <page name="All Posts" ID="62227D2C-0329-4F44-A608-91E01FBCBCEF" expanded="True" code="By4DMt5ayr" thumbCode="By4DMt5ayr" isLastOpen="True" status="psWhite" isfolder="False" isshownode="True">
            <images>
              <image key="C0D3BB78FF02405939453048A6B1FB60.jpg"/>
              <image key="6C8BC6B2B9FA7B8BF47604B61E110114.svg"/>
              <image key="474A61FDC203C97B2EEFAF494C017CCB.svg"/>
              <image key="F0848CADD2DD49DD00501ED67A2721E5.jpg"/>
              <image key="3061E2477CAA5B520A2C85EC38F2DF26.jpg"/>
              <image key="524D9A41776CD1EF98956BB68F9875AC.svg"/>
              <image key="B9619BF0A6C60DFCDA16F57946ED93CE.svg"/>
              <image key="3DB88A2744AEB80517B5300F485C5520.jpg"/>
              <image key="7368E932054EB35095B123FCB5C28A31.svg"/>
              <image key="D6859759E093AABA6D618DD6AA733504.svg"/>
              <image key="3B1BDEF6D10D50948A2EF4DC91D5D8D0.PNG"/>
            </images>
          </page>
        </page>
        <page name="List Of Posts List" ID="9C029B47-B162-4D46-9BD5-0299F0D4E449" expanded="True" code="wujfTKruFy" thumbCode="cjbnkHNGxv" status="psWhite" isfolder="False" isshownode="True">
          <images>
            <image key="C9A19AEA8333861081ABFD164D361FEF.svg"/>
            <image key="DED0E6A8242D8DE296EBCBE2FFA15EDA.svg"/>
            <image key="51ED992D000055983D8B8802C65E2870.svg"/>
            <image key="807B9BF23EE1023139B925F62B0D2029.svg"/>
            <image key="8705F41D24C70D2BE5F8C85DF26742E0.png"/>
            <image key="D9F8C6968CAE4A967322347C70101746.png"/>
          </images>
          <page name="Edit Post" ID="EA76D640-C778-41CF-A672-07D279F8E670" expanded="True" code="vcSVKUx5X4" thumbCode="vcSVKUx5X4" status="psWhite" isfolder="False" isshownode="True">
            <images>
              <image key="C7D1B4CE058A7FC0691E8FF41CC36AD9.svg"/>
              <image key="D6859759E093AABA6D618DD6AA733504.svg"/>
              <image key="3DB88A2744AEB80517B5300F485C5520.jpg"/>
              <image key="2784B999C40CAFF09E2D9FF5F4DBA473.svg"/>
              <image key="474A61FDC203C97B2EEFAF494C017CCB.svg"/>
            </images>
          </page>
          <page name="My Post List" ID="7CA04D08-6E6C-435D-8BBB-D9F34A54E4D8" expanded="False" code="Ghhxlk3o1R" thumbCode="Ghhxlk3o1R" status="psWhite" isfolder="False" isshownode="True">
            <images>
              <image key="51ED992D000055983D8B8802C65E2870.svg"/>
              <image key="807B9BF23EE1023139B925F62B0D2029.svg"/>
              <image key="8705F41D24C70D2BE5F8C85DF26742E0.png"/>
              <image key="69A4D1E5CE13432C6A4F579026917C6A.svg"/>
              <image key="684CEEAB35D8E73FB7B429D4451E5C83.svg"/>
              <image key="D6859759E093AABA6D618DD6AA733504.svg"/>
              <image key="DED0E6A8242D8DE296EBCBE2FFA15EDA.svg"/>
            </images>
          </page>
          <page name="Add Post" ID="25C21F01-276C-498C-A495-433F3CF20C80" expanded="True" code="ver1O2niDu" thumbCode="ver1O2niDu" status="psWhite" isfolder="False" isshownode="True">
            <images>
              <image key="C7D1B4CE058A7FC0691E8FF41CC36AD9.svg"/>
              <image key="D6859759E093AABA6D618DD6AA733504.svg"/>
              <image key="2784B999C40CAFF09E2D9FF5F4DBA473.svg"/>
              <image key="DE7A3840C7CBA1B69449E3DDB42FE32A.svg"/>
            </images>
          </page>
          <page name="View Post" ID="B8E7BDC5-0112-428D-9472-0CA3AC0B0148" expanded="False" code="AKVX3sQgIC" thumbCode="AKVX3sQgIC" status="psWhite" isfolder="False" isshownode="True">
            <images>
              <image key="3061E2477CAA5B520A2C85EC38F2DF26.jpg"/>
              <image key="D6859759E093AABA6D618DD6AA733504.svg"/>
              <image key="2784B999C40CAFF09E2D9FF5F4DBA473.svg"/>
              <image key="474A61FDC203C97B2EEFAF494C017CCB.svg"/>
              <image key="DE7A3840C7CBA1B69449E3DDB42FE32A.svg"/>
              <image key="7368E932054EB35095B123FCB5C28A31.svg"/>
            </images>
          </page>
        </page>
      </page>
      <page name="Create Account" ID="01E91AD8-2213-4F6E-99B7-A919BBE3C326" expanded="True" code="XMb9TI9xu8" thumbCode="XMb9TI9xu8" status="psWhite" isfolder="False" isshownode="True">
        <images>
          <image key="3FE208D35395AF97638B5CE09975FF47.svg"/>
          <image key="A0CD77E23211AC73E8A847ED3498F68A.jpg"/>
        </images>
      </page>
    </page>
  </pages>
  <trash>
    <page name="Welcome-1" ID="EDAD8CB8-73BF-4619-9AC5-EABF2BECE0BB" expanded="True" code="mDhbkGRFJk" thumbCode="ODkDFYKiZ5" isLastOpen="True" status="psWhite" isfolder="False" isshownode="True"/>
    <page name="Welcome-2" ID="80DA5815-0B69-44E5-9AA8-3B474BACCBA2" expanded="True" code="lRpye1d1Uh" thumbCode="CpoTJIJjE5" status="psWhite" isfolder="False" isshownode="True"/>
    <page name="Welcome-3" ID="9D61D66B-50C3-4F69-B3EA-8C06CD4EEC53" expanded="True" code="EqSNwsOGzU" thumbCode="xzYbfQS6U4" status="psWhite" isfolder="False" isshownode="True"/>
    <page name="Welcome-4" ID="C1FFFC42-2807-48E5-8B38-63859A93DFF2" expanded="True" code="CYZx2YeM8U" thumbCode="Q2iahWtDAP" status="psWhite" isfolder="False" isshownode="True"/>
    <page name="Welcome" ID="43D188EC-A18F-4484-A0EF-520CBA0C5549" expanded="True" code="6ApEticR5S" thumbCode="9qHfrpZijs" isLastOpen="True" status="psWhite" isfolder="False" isshownode="True">
      <images>
        <image key="26C99843FC40481A8BBCC2E287E22965.png"/>
        <image key="BC038102C1A22F3AF66745612B6F7FE9.svg"/>
      </images>
    </page>
    <page name="Page" ID="FF241251-F207-4742-B33E-C4C4DA52F1EE" expanded="False" code="uwEQWEJ4jS" thumbCode="yqQs7fNdNp" isLastOpen="True" status="psWhite" isfolder="False" isshownode="True"/>
    <page name="Edit problem" ID="21695032-779D-48B5-84D7-796F0A9748C8" expanded="False" code="TQuEaI8TRG" thumbCode="bzEUF5EMzK" isLastOpen="True" status="psWhite" isfolder="False" isshownode="True"/>
    <page name="Page" ID="966FBD4F-9294-45EC-87D1-139141B58A94" expanded="False" code="9JPybKdKKM" thumbCode="cpDvSyxsAU" isLastOpen="True" status="psWhite" isfolder="False" isshownode="True"/>
  </trash>
  <deletes/>
  <masters/>
  <images>
    <image key="C9A19AEA8333861081ABFD164D361FEF.svg"/>
    <image key="684CEEAB35D8E73FB7B429D4451E5C83.svg"/>
    <image key="5B42555577E2EDEFD5648F7EACF271B1.svg"/>
    <image key="524D9A41776CD1EF98956BB68F9875AC.svg"/>
    <image key="3FE208D35395AF97638B5CE09975FF47.svg"/>
    <image key="B9619BF0A6C60DFCDA16F57946ED93CE.svg"/>
    <image key="D9F8C6968CAE4A967322347C70101746.png"/>
    <image key="C0D3BB78FF02405939453048A6B1FB60.jpg"/>
    <image key="6C8BC6B2B9FA7B8BF47604B61E110114.svg"/>
    <image key="474A61FDC203C97B2EEFAF494C017CCB.svg"/>
    <image key="8705F41D24C70D2BE5F8C85DF26742E0.png"/>
    <image key="2E967326C22523F5F084001B9F4E5BC7.svg"/>
    <image key="3B1BDEF6D10D50948A2EF4DC91D5D8D0.PNG"/>
    <image key="DED0E6A8242D8DE296EBCBE2FFA15EDA.svg"/>
    <image key="3DB88A2744AEB80517B5300F485C5520.jpg"/>
    <image key="DE7A3840C7CBA1B69449E3DDB42FE32A.svg"/>
    <image key="F0BDAC64E7EBA2A3D254960B288224AB.svg"/>
    <image key="51ED992D000055983D8B8802C65E2870.svg"/>
    <image key="807B9BF23EE1023139B925F62B0D2029.svg"/>
    <image key="69A4D1E5CE13432C6A4F579026917C6A.svg"/>
    <image key="C7D1B4CE058A7FC0691E8FF41CC36AD9.svg"/>
    <image key="0CCFED0BD1BC3BB4D610117937314139.svg"/>
    <image key="A0CD77E23211AC73E8A847ED3498F68A.jpg"/>
    <image key="2784B999C40CAFF09E2D9FF5F4DBA473.svg"/>
    <image key="F0848CADD2DD49DD00501ED67A2721E5.jpg"/>
    <image key="26C99843FC40481A8BBCC2E287E22965.png"/>
    <image key="BC038102C1A22F3AF66745612B6F7FE9.svg"/>
    <image key="3061E2477CAA5B520A2C85EC38F2DF26.jpg"/>
    <image key="D6859759E093AABA6D618DD6AA733504.svg"/>
    <image key="7368E932054EB35095B123FCB5C28A31.svg"/>
    <image key="5444F5AECE736EBEEE063F9EFEC7198E.png"/>
  </images>
</project>