﻿<project version="2.9" name="CityWatchLandscape" ID="E758E922-7381-40EB-A3D7-DF3D416C487C">
  <params>
    <pageParam version="5.3" minAllowVersion="5.3"/>
    <projectParam version="2.9" minAllowVersion="2.9" platform="MtMobile" orientation="MoLandscape" mobileScreenScale="1.77777779102325" mobileType="mmtAndroid" pageSize="(640,360)" backgroundColor="4293914612" fontSize="14" fontFamily="Arial" projectType="ptPersonalProject" isShowTitleIndex="False"/>
    <previewParam version="1.0"/>
    <colorParam version="1.0"/>
  </params>
  <pages>
    <page name="Welcome" ID="C57C2DF5-EA4D-4788-8EBA-EC357F7DF733" expanded="True" code="yiBoVUPcgF" thumbCode="U3GkX3aE6H" isLastOpen="True" status="psWhite" isfolder="False" isshownode="True">
      <images>
        <image key="474A61FDC203C97B2EEFAF494C017CCB.svg"/>
        <image key="2784B999C40CAFF09E2D9FF5F4DBA473.svg"/>
      </images>
      <page name="Create Account" ID="C191CF4D-2331-4A9A-BC88-B7106105F54E" expanded="True" code="LQy8GFN7bk" thumbCode="LQy8GFN7bk" status="psWhite" isfolder="False" isshownode="True">
        <images>
          <image key="3FE208D35395AF97638B5CE09975FF47.svg"/>
        </images>
      </page>
      <page name="Sign In" ID="BAE40AAF-AA1E-4329-BD52-B0D012BEBDD6" expanded="True" code="qgB3uz7Tin" thumbCode="qgB3uz7Tin" status="psWhite" isfolder="False" isshownode="True">
        <images>
          <image key="3FE208D35395AF97638B5CE09975FF47.svg"/>
        </images>
        <page name="List Of Posts List" ID="C13E7167-EA51-4060-B85C-BA8018C77DA1" expanded="True" code="i5xvcZsnab" thumbCode="mtsatSnrqs" status="psWhite" isfolder="False" isshownode="True">
          <images>
            <image key="D9F8C6968CAE4A967322347C70101746.png"/>
            <image key="51ED992D000055983D8B8802C65E2870.svg"/>
            <image key="F8C2434C2C958119B1E6150C97C501FA.svg"/>
          </images>
          <page name="My Post List" ID="FC409A7E-8671-464A-B1AD-0213EC1237F7" expanded="False" code="9NmUGwhswZ" thumbCode="i2GULeUqpO" status="psWhite" isfolder="False" isshownode="True">
            <images>
              <image key="684CEEAB35D8E73FB7B429D4451E5C83.svg"/>
              <image key="D6859759E093AABA6D618DD6AA733504.svg"/>
              <image key="51ED992D000055983D8B8802C65E2870.svg"/>
              <image key="69A4D1E5CE13432C6A4F579026917C6A.svg"/>
            </images>
          </page>
          <page name="Add Post" ID="906820EB-692C-4B5D-A6D2-AD9F57F109AC" expanded="True" code="NPHtTkdkIN" thumbCode="NPHtTkdkIN" status="psWhite" isfolder="False" isshownode="True">
            <images>
              <image key="2784B999C40CAFF09E2D9FF5F4DBA473.svg"/>
              <image key="D6859759E093AABA6D618DD6AA733504.svg"/>
              <image key="F8C2434C2C958119B1E6150C97C501FA.svg"/>
            </images>
          </page>
          <page name="Edit Post" ID="8B40424C-243D-4260-9B5E-846D8E4D0752" expanded="True" code="MgBu3de55q" thumbCode="MgBu3de55q" status="psWhite" isfolder="False" isshownode="True">
            <images>
              <image key="474A61FDC203C97B2EEFAF494C017CCB.svg"/>
              <image key="2784B999C40CAFF09E2D9FF5F4DBA473.svg"/>
              <image key="D6859759E093AABA6D618DD6AA733504.svg"/>
              <image key="F8C2434C2C958119B1E6150C97C501FA.svg"/>
              <image key="3DB88A2744AEB80517B5300F485C5520.jpg"/>
            </images>
          </page>
          <page name="View Post" ID="C84C275C-4566-4CC2-9916-6ED03A594436" expanded="True" code="zTqYDH9f2q" thumbCode="zTqYDH9f2q" status="psWhite" isfolder="False" isshownode="True">
            <images>
              <image key="D6859759E093AABA6D618DD6AA733504.svg"/>
              <image key="2784B999C40CAFF09E2D9FF5F4DBA473.svg"/>
              <image key="F8C2434C2C958119B1E6150C97C501FA.svg"/>
              <image key="3DB88A2744AEB80517B5300F485C5520.jpg"/>
              <image key="7368E932054EB35095B123FCB5C28A31.svg"/>
            </images>
          </page>
        </page>
        <page name="Filter Posts" ID="920C7524-E26B-4DE3-8062-5C7FDE8E7BC4" expanded="True" code="XhlbgDR7aR" thumbCode="XhlbgDR7aR" status="psWhite" isfolder="False" isshownode="True">
          <images>
            <image key="C9A19AEA8333861081ABFD164D361FEF.svg"/>
            <image key="2E967326C22523F5F084001B9F4E5BC7.svg"/>
            <image key="5B42555577E2EDEFD5648F7EACF271B1.svg"/>
            <image key="F8C2434C2C958119B1E6150C97C501FA.svg"/>
            <image key="0CCFED0BD1BC3BB4D610117937314139.svg"/>
            <image key="7368E932054EB35095B123FCB5C28A31.svg"/>
            <image key="F0BDAC64E7EBA2A3D254960B288224AB.svg"/>
          </images>
          <page name="All Posts" ID="18D4FAAD-B6FE-43D4-888D-92B0C51B3AEB" expanded="True" code="icBVPj39Vt" thumbCode="icBVPj39Vt" status="psWhite" isfolder="False" isshownode="True">
            <images>
              <image key="C0D3BB78FF02405939453048A6B1FB60.jpg"/>
              <image key="6C8BC6B2B9FA7B8BF47604B61E110114.svg"/>
              <image key="474A61FDC203C97B2EEFAF494C017CCB.svg"/>
              <image key="D6859759E093AABA6D618DD6AA733504.svg"/>
              <image key="F8C2434C2C958119B1E6150C97C501FA.svg"/>
              <image key="524D9A41776CD1EF98956BB68F9875AC.svg"/>
              <image key="7368E932054EB35095B123FCB5C28A31.svg"/>
              <image key="B9619BF0A6C60DFCDA16F57946ED93CE.svg"/>
              <image key="3DB88A2744AEB80517B5300F485C5520.jpg"/>
            </images>
          </page>
        </page>
        <page name="Settings" ID="55E4334F-E707-47D3-83F8-6F602B8FF295" expanded="True" code="61COl5DQI3" thumbCode="61COl5DQI3" status="psWhite" isfolder="False" isshownode="True">
          <images>
            <image key="2E967326C22523F5F084001B9F4E5BC7.svg"/>
            <image key="F8C2434C2C958119B1E6150C97C501FA.svg"/>
          </images>
        </page>
      </page>
    </page>
  </pages>
  <trash/>
  <deletes/>
  <masters/>
  <images>
    <image key="C9A19AEA8333861081ABFD164D361FEF.svg"/>
    <image key="51ED992D000055983D8B8802C65E2870.svg"/>
    <image key="69A4D1E5CE13432C6A4F579026917C6A.svg"/>
    <image key="684CEEAB35D8E73FB7B429D4451E5C83.svg"/>
    <image key="5B42555577E2EDEFD5648F7EACF271B1.svg"/>
    <image key="524D9A41776CD1EF98956BB68F9875AC.svg"/>
    <image key="3FE208D35395AF97638B5CE09975FF47.svg"/>
    <image key="F8C2434C2C958119B1E6150C97C501FA.svg"/>
    <image key="0CCFED0BD1BC3BB4D610117937314139.svg"/>
    <image key="B9619BF0A6C60DFCDA16F57946ED93CE.svg"/>
    <image key="D9F8C6968CAE4A967322347C70101746.png"/>
    <image key="C0D3BB78FF02405939453048A6B1FB60.jpg"/>
    <image key="6C8BC6B2B9FA7B8BF47604B61E110114.svg"/>
    <image key="474A61FDC203C97B2EEFAF494C017CCB.svg"/>
    <image key="2784B999C40CAFF09E2D9FF5F4DBA473.svg"/>
    <image key="2E967326C22523F5F084001B9F4E5BC7.svg"/>
    <image key="D6859759E093AABA6D618DD6AA733504.svg"/>
    <image key="3DB88A2744AEB80517B5300F485C5520.jpg"/>
    <image key="7368E932054EB35095B123FCB5C28A31.svg"/>
    <image key="F0BDAC64E7EBA2A3D254960B288224AB.svg"/>
  </images>
</project>