﻿<mockup version="5.3" minAllowVersion="5.3" ID="23A32FDF-A3FC-406B-822C-B3D29FA08195" platform="MtMobile" defaultW="375" defaultH="667" screenOrientation="MoPortrait" mobileScreenScale="1.77777779102325" measureW="375" measureH="667" clipArea="(0,0,0,0)">
  <controls controlCount="57">
    <control controlID="5582D456-EAB2-4706-AE12-11878B401359" controlTypeID="ScrollView" x="0" y="70" w="375" h="550" zOrder="0">
      <color>4293914612</color>
      <borderVisible>False</borderVisible>
      <groupChildrenDescriptors>
        <control controlID="CB2E7B24-DF33-4930-9131-247729C400CC" controlTypeID="ScrollViewContentPanel" x="0" y="0" w="393" h="550" zOrder="0">
          <alias>contentPanel</alias>
          <groupChildrenDescriptors>
            <control controlID="DD859059-8820-497F-97D2-3B76E258F395" controlTypeID="Shape" x="0" y="11" w="375" h="65" zOrder="0">
              <borderColor>4293190884</borderColor>
              <font family="Arial" displayName="Arial" postScript="" weightStyle="Standaard" weight="400" isBold="False" isItalic="False"/>
              <textColor>4279673312</textColor>
              <textSize>16</textSize>
              <useDefaultTextSize>False</useDefaultTextSize>
              <selectedIndex>-1</selectedIndex>
              <borderMode>[bmTop,bmBottom]</borderMode>
            </control>
            <control controlID="CCE059E4-0D4A-4A2F-9B4E-E391FC54BB48" controlTypeID="Shape" x="-1" y="170" w="375" h="201" zOrder="1">
              <borderColor>4293190884</borderColor>
              <font family="Arial" displayName="Arial" postScript="" weightStyle="Standaard" weight="400" isBold="False" isItalic="False"/>
              <textColor>4279673312</textColor>
              <textSize>16</textSize>
              <useDefaultTextSize>False</useDefaultTextSize>
              <selectedIndex>-1</selectedIndex>
              <borderMode>[bmTop,bmBottom]</borderMode>
            </control>
            <control controlID="E4E69F05-07A7-4810-8584-6893E6726F40" controlTypeID="Label" x="13" y="150" w="64" h="15" zOrder="2">
              <font family="Arial" displayName="Arial" postScript="" weightStyle="Standaard" weight="400" isBold="False" isItalic="False"/>
              <text>SETTINGS</text>
              <textColor>4284900966</textColor>
              <textSize>13</textSize>
              <textVAlign>VaTop</textVAlign>
              <lineSpacing>0</lineSpacing>
              <useDefaultTextSize>False</useDefaultTextSize>
              <selectedIndex>-1</selectedIndex>
            </control>
            <control controlID="60CF453D-9166-4B99-9AD0-7A5B9FC65D99" controlTypeID="Line" x="15" y="217" w="361" h="1" zOrder="3">
              <color>4293190884</color>
              <font family="Arial" displayName="Arial" postScript="" weightStyle="Standaard" weight="400" isBold="False" isItalic="False"/>
              <textSize>14</textSize>
              <lineSpacing>0</lineSpacing>
              <selectedIndex>-1</selectedIndex>
              <controlPoint>(181,0)</controlPoint>
              <startPoint>(1,0)</startPoint>
              <endPoint>(361,0)</endPoint>
            </control>
            <control controlID="4F2F0B79-17CD-46E6-9D1D-D5DCD7B6BFBD" controlTypeID="Line" x="13" y="262" w="361" h="1" zOrder="4">
              <color>4293190884</color>
              <font family="Arial" displayName="Arial" postScript="" weightStyle="Standaard" weight="400" isBold="False" isItalic="False"/>
              <textSize>14</textSize>
              <lineSpacing>0</lineSpacing>
              <selectedIndex>-1</selectedIndex>
              <controlPoint>(181,0)</controlPoint>
              <startPoint>(1,0)</startPoint>
              <endPoint>(361,0)</endPoint>
            </control>
            <control controlID="91CA3B13-5689-4F3E-B095-DBC9B4211057" controlTypeID="Line" x="14" y="304" w="361" h="1" zOrder="5">
              <color>4293190884</color>
              <font family="Arial" displayName="Arial" postScript="" weightStyle="Standaard" weight="400" isBold="False" isItalic="False"/>
              <textSize>14</textSize>
              <lineSpacing>0</lineSpacing>
              <selectedIndex>-1</selectedIndex>
              <controlPoint>(181,0)</controlPoint>
              <startPoint>(1,0)</startPoint>
              <endPoint>(361,0)</endPoint>
            </control>
            <control controlID="6A797B0D-7E74-4E59-9AF2-A8172B5CF24B" controlTypeID="Line" x="14" y="347" w="361" h="1" zOrder="6">
              <color>4293190884</color>
              <font family="Arial" displayName="Arial" postScript="" weightStyle="Standaard" weight="400" isBold="False" isItalic="False"/>
              <textSize>14</textSize>
              <lineSpacing>0</lineSpacing>
              <selectedIndex>-1</selectedIndex>
              <controlPoint>(180,0)</controlPoint>
              <startPoint>(0,0)</startPoint>
              <endPoint>(361,0)</endPoint>
            </control>
            <control controlID="40C0EC96-1AC5-4C19-B577-F67BD6E73E56" controlTypeID="Line" x="14" y="58" w="359" h="1" zOrder="7">
              <color>4293190884</color>
              <font family="Arial" displayName="Arial" postScript="" weightStyle="Standaard" weight="400" isBold="False" isItalic="False"/>
              <textSize>14</textSize>
              <lineSpacing>0</lineSpacing>
              <selectedIndex>-1</selectedIndex>
              <controlPoint>(180,0)</controlPoint>
              <startPoint>(0,0)</startPoint>
              <endPoint>(359,0)</endPoint>
            </control>
            <control controlID="08975F74-201C-4605-B397-16F01E5C07CE" controlTypeID="Label" x="15" y="17" w="58" h="19" zOrder="8">
              <font family="Arial" displayName="Arial" postScript="" weightStyle="Standaard" weight="400" isBold="False" isItalic="False"/>
              <text>Account</text>
              <textSize>16</textSize>
              <textVAlign>VaTop</textVAlign>
              <lineSpacing>0</lineSpacing>
              <useDefaultTextSize>False</useDefaultTextSize>
              <selectedIndex>-1</selectedIndex>
            </control>
            <control controlID="F9566321-4AA8-4490-AEFC-2D32E5649EE1" controlTypeID="Label" x="15" y="38" w="111" h="14" zOrder="9">
              <font family="Arial" displayName="Arial" postScript="" weightStyle="Standaard" weight="400" isBold="False" isItalic="False"/>
              <text>48xxx85@gmail.com</text>
              <textColor>4288256409</textColor>
              <textSize>12</textSize>
              <textVAlign>VaTop</textVAlign>
              <lineSpacing>0</lineSpacing>
              <useDefaultTextSize>False</useDefaultTextSize>
              <selectedIndex>-1</selectedIndex>
            </control>
            <control controlID="F58E575A-6A4C-45A1-A1FA-437CF954EB8F" controlTypeID="Label" x="15" y="185" w="64" h="19" zOrder="10">
              <font family="Arial" displayName="Arial" postScript="" weightStyle="Standaard" weight="400" isBold="False" isItalic="False"/>
              <text>Text+Size</text>
              <textColor>4281545523</textColor>
              <textSize>16</textSize>
              <textVAlign>VaTop</textVAlign>
              <lineSpacing>0</lineSpacing>
              <useDefaultTextSize>False</useDefaultTextSize>
              <selectedIndex>-1</selectedIndex>
            </control>
            <control controlID="C277D68F-271D-4DD2-AA81-E9C223BF09EE" controlTypeID="Label" x="13" y="230" w="117" h="19" zOrder="11">
              <font family="Arial" displayName="Arial" postScript="" weightStyle="Standaard" weight="400" isBold="False" isItalic="False"/>
              <text>Keep+Screen+On</text>
              <textColor>4281545523</textColor>
              <textSize>16</textSize>
              <textVAlign>VaTop</textVAlign>
              <lineSpacing>0</lineSpacing>
              <useDefaultTextSize>False</useDefaultTextSize>
              <selectedIndex>-1</selectedIndex>
            </control>
            <control controlID="55330668-379D-4366-900A-ED5AD5DAEE1C" controlTypeID="Label" x="12" y="273" w="172" h="19" zOrder="12">
              <font family="Arial" displayName="Arial" postScript="" weightStyle="Standaard" weight="400" isBold="False" isItalic="False"/>
              <text>Portrait+Orientation+Lock</text>
              <textColor>4281545523</textColor>
              <textSize>16</textSize>
              <textVAlign>VaTop</textVAlign>
              <lineSpacing>0</lineSpacing>
              <useDefaultTextSize>False</useDefaultTextSize>
              <selectedIndex>-1</selectedIndex>
            </control>
            <control controlID="1443AC0E-A4FD-45B1-A1A4-3CB898AA09AF" controlTypeID="Label" x="13" y="316" w="87" h="19" zOrder="13">
              <font family="Arial" displayName="Arial" postScript="" weightStyle="Standaard" weight="400" isBold="False" isItalic="False"/>
              <text>Notifications</text>
              <textColor>4281545523</textColor>
              <textSize>16</textSize>
              <textVAlign>VaTop</textVAlign>
              <lineSpacing>0</lineSpacing>
              <useDefaultTextSize>False</useDefaultTextSize>
              <selectedIndex>-1</selectedIndex>
            </control>
            <control controlID="A616165C-8EEE-400A-8BEB-49BFA09493B2" controlTypeID="IconLabel2" x="299" y="183" w="58" h="23" zOrder="14">
              <groupChildrenDescriptors>
                <control controlID="E4366945-F733-4DE1-A975-24FD8877A1F9" controlTypeID="Shape" x="44" y="4" w="14" h="14" zOrder="0">
                  <canMove>False</canMove>
                  <alias>shape</alias>
                  <font family="Arial" displayName="Arial" postScript="" weightStyle="Standaard" weight="400" isBold="False" isItalic="False"/>
                  <textSize>14</textSize>
                  <selectedIndex>-1</selectedIndex>
                </control>
                <control controlID="6930404E-9ACA-4CFD-BD09-DBCBF11F729A" controlTypeID="Icon" x="44" y="4" w="14" h="14" zOrder="1">
                  <color>4288256409</color>
                  <canMove>False</canMove>
                  <alias>icon</alias>
                  <icon>
                    <ID/>
                    <iconFontName>jdIonicons</iconFontName>
                    <iconCode>62419</iconCode>
                  </icon>
                  <URL>2E967326C22523F5F084001B9F4E5BC7.svg</URL>
                </control>
                <control controlID="C4F93329-5E6A-473F-935E-5F6880201016" controlTypeID="Label" x="0" y="2" w="40" h="19" zOrder="2">
                  <canMove>False</canMove>
                  <alias>label</alias>
                  <font family="Arial" displayName="Arial" postScript="" weightStyle="Standaard" weight="400" isBold="False" isItalic="False"/>
                  <text>Large</text>
                  <textColor>4284900966</textColor>
                  <textSize>16</textSize>
                  <textAlign>HaCenter</textAlign>
                  <textVAlign>VaTop</textVAlign>
                  <lineSpacing>0</lineSpacing>
                  <useDefaultTextSize>False</useDefaultTextSize>
                  <selectedIndex>-1</selectedIndex>
                </control>
                <control controlID="0396979A-379C-4995-8353-4C00A32DAC9D" controlTypeID="Shape" x="45" y="0" w="13" h="12" zOrder="3">
                  <color>4294901760</color>
                  <borderVisible>False</borderVisible>
                  <canMove>False</canMove>
                  <alias>alarm</alias>
                  <font family="Arial" displayName="Arial" postScript="" weightStyle="Standaard" weight="400" isBold="False" isItalic="False"/>
                  <text>2</text>
                  <textColor>4294967295</textColor>
                  <textSize>7</textSize>
                  <selectedIndex>-1</selectedIndex>
                  <radius>100</radius>
                  <radiusIsPercent>True</radiusIsPercent>
                </control>
              </groupChildrenDescriptors>
              <textDirection>MiTextLeft</textDirection>
              <iconSize>14</iconSize>
            </control>
            <control controlID="D7673790-27D3-400E-B8CD-D065D4E5A5F2" controlTypeID="IconLabel2" x="320" y="228" w="38" h="23" zOrder="15">
              <groupChildrenDescriptors>
                <control controlID="27187684-6DEF-4473-8686-A806A966C64A" controlTypeID="Shape" x="24" y="4" w="14" h="14" zOrder="0">
                  <canMove>False</canMove>
                  <alias>shape</alias>
                  <font family="Arial" displayName="Arial" postScript="" weightStyle="Standaard" weight="400" isBold="False" isItalic="False"/>
                  <textSize>14</textSize>
                  <selectedIndex>-1</selectedIndex>
                </control>
                <control controlID="3142D165-722C-4EEA-AC11-31F992D4033E" controlTypeID="Icon" x="24" y="4" w="14" h="14" zOrder="1">
                  <color>4288256409</color>
                  <canMove>False</canMove>
                  <alias>icon</alias>
                  <icon>
                    <ID/>
                    <iconFontName>jdIonicons</iconFontName>
                    <iconCode>62419</iconCode>
                  </icon>
                  <URL>2E967326C22523F5F084001B9F4E5BC7.svg</URL>
                </control>
                <control controlID="F7E769C2-C5D3-412D-8153-4CF93DF212F4" controlTypeID="Label" x="0" y="2" w="20" h="19" zOrder="2">
                  <canMove>False</canMove>
                  <alias>label</alias>
                  <font family="Arial" displayName="Arial" postScript="" weightStyle="Standaard" weight="400" isBold="False" isItalic="False"/>
                  <text>No</text>
                  <textColor>4284900966</textColor>
                  <textSize>16</textSize>
                  <textAlign>HaCenter</textAlign>
                  <textVAlign>VaTop</textVAlign>
                  <lineSpacing>0</lineSpacing>
                  <useDefaultTextSize>False</useDefaultTextSize>
                  <selectedIndex>-1</selectedIndex>
                </control>
                <control controlID="580ABF87-D737-4960-955E-16AC15858C72" controlTypeID="Shape" x="25" y="0" w="13" h="12" zOrder="3">
                  <color>4294901760</color>
                  <borderVisible>False</borderVisible>
                  <canMove>False</canMove>
                  <alias>alarm</alias>
                  <font family="Arial" displayName="Arial" postScript="" weightStyle="Standaard" weight="400" isBold="False" isItalic="False"/>
                  <text>2</text>
                  <textColor>4294967295</textColor>
                  <textSize>7</textSize>
                  <selectedIndex>-1</selectedIndex>
                  <radius>100</radius>
                  <radiusIsPercent>True</radiusIsPercent>
                </control>
              </groupChildrenDescriptors>
              <textDirection>MiTextLeft</textDirection>
              <iconSize>14</iconSize>
            </control>
            <control controlID="F6F31935-3D3C-4E43-8660-30640BAE6D18" controlTypeID="IconLabel2" x="318" y="271" w="40" h="23" zOrder="16">
              <groupChildrenDescriptors>
                <control controlID="0EF57466-1D87-4674-B83A-76A558255D3B" controlTypeID="Shape" x="26" y="4" w="14" h="14" zOrder="0">
                  <canMove>False</canMove>
                  <alias>shape</alias>
                  <font family="Arial" displayName="Arial" postScript="" weightStyle="Standaard" weight="400" isBold="False" isItalic="False"/>
                  <textSize>14</textSize>
                  <selectedIndex>-1</selectedIndex>
                </control>
                <control controlID="CB75C896-7F6F-49EC-9C99-CC5580442085" controlTypeID="Icon" x="26" y="4" w="14" h="14" zOrder="1">
                  <color>4288256409</color>
                  <canMove>False</canMove>
                  <alias>icon</alias>
                  <icon>
                    <ID/>
                    <iconFontName>jdIonicons</iconFontName>
                    <iconCode>62419</iconCode>
                  </icon>
                  <URL>2E967326C22523F5F084001B9F4E5BC7.svg</URL>
                </control>
                <control controlID="C57E6414-F730-4A78-AF26-3CFF079A51B8" controlTypeID="Label" x="0" y="2" w="22" h="19" zOrder="2">
                  <canMove>False</canMove>
                  <alias>label</alias>
                  <font family="Arial" displayName="Arial" postScript="" weightStyle="Standaard" weight="400" isBold="False" isItalic="False"/>
                  <text>Off</text>
                  <textColor>4284900966</textColor>
                  <textSize>16</textSize>
                  <textAlign>HaCenter</textAlign>
                  <textVAlign>VaTop</textVAlign>
                  <lineSpacing>0</lineSpacing>
                  <useDefaultTextSize>False</useDefaultTextSize>
                  <selectedIndex>-1</selectedIndex>
                </control>
                <control controlID="8E27B420-2C16-4A63-BD0E-EEB94669B6B6" controlTypeID="Shape" x="27" y="0" w="13" h="12" zOrder="3">
                  <color>4294901760</color>
                  <borderVisible>False</borderVisible>
                  <canMove>False</canMove>
                  <alias>alarm</alias>
                  <font family="Arial" displayName="Arial" postScript="" weightStyle="Standaard" weight="400" isBold="False" isItalic="False"/>
                  <text>2</text>
                  <textColor>4294967295</textColor>
                  <textSize>7</textSize>
                  <selectedIndex>-1</selectedIndex>
                  <radius>100</radius>
                  <radiusIsPercent>True</radiusIsPercent>
                </control>
              </groupChildrenDescriptors>
              <textDirection>MiTextLeft</textDirection>
              <iconSize>14</iconSize>
            </control>
            <control controlID="F0B88A45-0B02-48D4-8898-F57B3CEDAA4F" controlTypeID="IconLabel2" x="318" y="314" w="40" h="23" zOrder="17">
              <groupChildrenDescriptors>
                <control controlID="BD58AD04-415B-4D88-A552-FEF5E30C54B6" controlTypeID="Shape" x="26" y="4" w="14" h="14" zOrder="0">
                  <canMove>False</canMove>
                  <alias>shape</alias>
                  <font family="Arial" displayName="Arial" postScript="" weightStyle="Standaard" weight="400" isBold="False" isItalic="False"/>
                  <textSize>14</textSize>
                  <selectedIndex>-1</selectedIndex>
                </control>
                <control controlID="415A904C-DF97-41DB-B18D-A159317E3CD6" controlTypeID="Icon" x="26" y="4" w="14" h="14" zOrder="1">
                  <color>4288256409</color>
                  <canMove>False</canMove>
                  <alias>icon</alias>
                  <icon>
                    <ID/>
                    <iconFontName>jdIonicons</iconFontName>
                    <iconCode>62419</iconCode>
                  </icon>
                  <URL>2E967326C22523F5F084001B9F4E5BC7.svg</URL>
                </control>
                <control controlID="8BC1F9E9-2B29-4DF3-8338-BA1BF1081D3A" controlTypeID="Label" x="0" y="2" w="22" h="19" zOrder="2">
                  <canMove>False</canMove>
                  <alias>label</alias>
                  <font family="Arial" displayName="Arial" postScript="" weightStyle="Standaard" weight="400" isBold="False" isItalic="False"/>
                  <text>Off</text>
                  <textColor>4284900966</textColor>
                  <textSize>16</textSize>
                  <textAlign>HaCenter</textAlign>
                  <textVAlign>VaTop</textVAlign>
                  <lineSpacing>0</lineSpacing>
                  <useDefaultTextSize>False</useDefaultTextSize>
                  <selectedIndex>-1</selectedIndex>
                </control>
                <control controlID="C5DCD1F0-8C37-4C8D-806B-20F515C247F9" controlTypeID="Shape" x="27" y="0" w="13" h="12" zOrder="3">
                  <color>4294901760</color>
                  <borderVisible>False</borderVisible>
                  <canMove>False</canMove>
                  <alias>alarm</alias>
                  <font family="Arial" displayName="Arial" postScript="" weightStyle="Standaard" weight="400" isBold="False" isItalic="False"/>
                  <text>2</text>
                  <textColor>4294967295</textColor>
                  <textSize>7</textSize>
                  <selectedIndex>-1</selectedIndex>
                  <radius>100</radius>
                  <radiusIsPercent>True</radiusIsPercent>
                </control>
              </groupChildrenDescriptors>
              <textDirection>MiTextLeft</textDirection>
              <iconSize>14</iconSize>
            </control>
            <control controlID="07FD6A2E-D37E-49BC-A834-216194E5587E" controlTypeID="Label" x="114" y="381" w="148" h="17" zOrder="18">
              <font family="Arial" displayName="Arial" postScript="" weightStyle="Standaard" weight="400" isBold="False" isItalic="False"/>
              <text>CityWatch+Version+5.6.5</text>
              <textColor>4284900966</textColor>
              <textVAlign>VaTop</textVAlign>
              <lineSpacing>0</lineSpacing>
              <selectedIndex>-1</selectedIndex>
            </control>
            <control controlID="E041C3DB-B02E-4419-A785-6412B134994E" controlTypeID="Shape" x="0" y="75" w="375" h="65" zOrder="19">
              <borderColor>4293190884</borderColor>
              <links eventType="AtClick" animate="AmNone" animateAutoDelay="0" animateDuration="500">
                <link targetPageID="274A8EE7-7400-4E9A-B425-077265BDA01A" linkType="ltPageLink" isApplyIncludePage="False" title="Welcome">
                  <area shape="0" alt="" ID="{CFD16406-0ADE-4FE6-9852-728B1DA28C70}" coords="(0,0,375,65)"/>
                </link>
              </links>
              <font family="Arial" displayName="Arial" postScript="" weightStyle="Standaard" weight="400" isBold="False" isItalic="False"/>
              <textColor>4279673312</textColor>
              <textSize>16</textSize>
              <useDefaultTextSize>False</useDefaultTextSize>
              <selectedIndex>-1</selectedIndex>
              <borderMode>[bmTop,bmBottom]</borderMode>
            </control>
            <control controlID="83BDBC4D-FC5D-49AF-8C15-0F1F7BE57B5B" controlTypeID="Line" x="14" y="122" w="359" h="1" zOrder="20">
              <color>4293190884</color>
              <font family="Arial" displayName="Arial" postScript="" weightStyle="Standaard" weight="400" isBold="False" isItalic="False"/>
              <textSize>14</textSize>
              <lineSpacing>0</lineSpacing>
              <selectedIndex>-1</selectedIndex>
              <controlPoint>(180,0)</controlPoint>
              <startPoint>(0,0)</startPoint>
              <endPoint>(359,0)</endPoint>
            </control>
            <control controlID="B935C0D5-05AF-4F1B-9302-C8BCDB429980" controlTypeID="Label" x="14" y="93" w="49" h="19" zOrder="21">
              <font family="Arial" displayName="Arial" postScript="" weightStyle="Standaard" weight="400" isBold="False" isItalic="False"/>
              <text>Logout</text>
              <textSize>16</textSize>
              <textVAlign>VaTop</textVAlign>
              <lineSpacing>0</lineSpacing>
              <useDefaultTextSize>False</useDefaultTextSize>
              <selectedIndex>-1</selectedIndex>
            </control>
          </groupChildrenDescriptors>
        </control>
        <control controlID="36756A52-5DBB-4F7B-878D-99DB693CF211" controlTypeID="Border" x="0" y="0" w="375" h="550" zOrder="1">
          <color>4284900966</color>
          <borderColor>4278190080</borderColor>
          <borderVisible>False</borderVisible>
          <alias>borderLayer</alias>
        </control>
      </groupChildrenDescriptors>
    </control>
    <control controlID="8C98F63D-9D6E-4640-9C1B-12B7A49768AB" controlTypeID="Shape" x="0" y="20" w="375" h="46" zOrder="1">
      <color>4294506744</color>
      <borderColor>4291611852</borderColor>
      <font family="Arial" displayName="Arial" postScript="" weightStyle="Standaard" weight="400" isBold="False" isItalic="False"/>
      <text>Settings</text>
      <textSize>16</textSize>
      <useDefaultTextSize>False</useDefaultTextSize>
      <selectedIndex>-1</selectedIndex>
      <borderMode>[bmBottom]</borderMode>
    </control>
    <control controlID="B8935253-3047-47AC-B59B-57D9473C230B" controlTypeID="Shape" x="0" y="618" w="375" h="49" zOrder="2">
      <color>4294440951</color>
      <borderColor>4291611852</borderColor>
      <font family="Arial" displayName="Arial" postScript="" weightStyle="Standaard" weight="400" isBold="False" isItalic="False"/>
      <textColor>4279673312</textColor>
      <textSize>16</textSize>
      <useDefaultTextSize>False</useDefaultTextSize>
      <selectedIndex>-1</selectedIndex>
      <borderMode>[bmTop,bmBottom]</borderMode>
    </control>
    <control controlID="0163E83E-541B-41E3-9C02-89CD4A34E00C" controlTypeID="__group__" x="26" y="619" w="38" h="44" zOrder="3">
      <links eventType="AtClick" animate="AmNone" animateAutoDelay="0" animateDuration="500">
        <link targetPageID="9C029B47-B162-4D46-9BD5-0299F0D4E449" linkType="ltPageLink" isApplyIncludePage="False" title="Lists">
          <area shape="0" alt="" ID="{864AFF8F-EEB3-4FD0-84B5-DD46227FC57F}" coords="(0,0,38,44)"/>
        </link>
      </links>
      <groupChildrenDescriptors>
        <control controlID="47C23769-5EF1-4669-87F8-A543A5991B89" controlTypeID="Image" x="0" y="0" w="38" h="34" zOrder="0">
          <URL>5444F5AECE736EBEEE063F9EFEC7198E.png</URL>
        </control>
        <control controlID="B780BE4F-8344-4B92-AE64-22A60EAD4310" controlTypeID="Label" x="7" y="32" w="20" h="12" zOrder="1">
          <font family="Arial" displayName="Arial" postScript="" weightStyle="Standaard" weight="400" isBold="False" isItalic="False"/>
          <text>Lists</text>
          <textColor>4288917945</textColor>
          <textSize>10</textSize>
          <textVAlign>VaTop</textVAlign>
          <lineSpacing>0</lineSpacing>
          <useDefaultTextSize>False</useDefaultTextSize>
          <selectedIndex>-1</selectedIndex>
        </control>
      </groupChildrenDescriptors>
    </control>
    <control controlID="EC5C885F-F001-4757-9270-02CCBD74E582" controlTypeID="IconLabel2" x="170" y="623" w="37" h="40" zOrder="4">
      <links eventType="AtClick" animate="AmNone" animateAutoDelay="0" animateDuration="500">
        <link targetPageID="ADABD2F4-7944-423C-A28A-E7505F4E0D3E" linkType="ltPageLink" isApplyIncludePage="False" title="Recipes">
          <area shape="0" alt="" ID="{193033F6-766D-467F-B7EB-53F2BFD4E266}" coords="(0,0,37,40)"/>
        </link>
      </links>
      <groupChildrenDescriptors>
        <control controlID="A905C50F-8BA8-4211-B79B-C2A38F92E7D4" controlTypeID="Shape" x="6" y="0" w="24" h="24" zOrder="0">
          <canMove>False</canMove>
          <alias>shape</alias>
          <font family="Arial" displayName="Arial" postScript="" weightStyle="Standaard" weight="400" isBold="False" isItalic="False"/>
          <textSize>14</textSize>
          <selectedIndex>-1</selectedIndex>
        </control>
        <control controlID="EDE2B6C4-6ADC-4AD3-BB5C-B7272049AEBC" controlTypeID="Icon" x="6" y="0" w="24" h="24" zOrder="1">
          <color>4288917945</color>
          <canMove>False</canMove>
          <alias>icon</alias>
          <icon>
            <ID/>
            <iconFontName>jdIonicons</iconFontName>
            <iconCode>62299</iconCode>
          </icon>
          <URL>807B9BF23EE1023139B925F62B0D2029.svg</URL>
        </control>
        <control controlID="0D963A4B-DAA5-47E6-8D06-97AB25945C16" controlTypeID="Label" x="2" y="28" w="33" h="12" zOrder="2">
          <canMove>False</canMove>
          <alias>label</alias>
          <font family="Arial" displayName="Arial" postScript="" weightStyle="Standaard" weight="400" isBold="False" isItalic="False"/>
          <text>Explore</text>
          <textColor>4288917945</textColor>
          <textSize>10</textSize>
          <textAlign>HaCenter</textAlign>
          <textVAlign>VaTop</textVAlign>
          <lineSpacing>0</lineSpacing>
          <useDefaultTextSize>False</useDefaultTextSize>
          <selectedIndex>-1</selectedIndex>
        </control>
        <control controlID="171AB530-DE96-441F-B2F6-B5BDA0D2461E" controlTypeID="Shape" x="24" y="0" w="13" h="12" zOrder="3">
          <color>4294901760</color>
          <borderVisible>False</borderVisible>
          <canMove>False</canMove>
          <alias>alarm</alias>
          <font family="Arial" displayName="Arial" postScript="" weightStyle="Standaard" weight="400" isBold="False" isItalic="False"/>
          <text>2</text>
          <textColor>4294967295</textColor>
          <textSize>7</textSize>
          <selectedIndex>-1</selectedIndex>
          <radius>100</radius>
          <radiusIsPercent>True</radiusIsPercent>
        </control>
      </groupChildrenDescriptors>
    </control>
    <control controlID="E8CCCDC8-F8D3-45A3-8AAB-769C95553DF5" controlTypeID="IconLabel2" x="298" y="623" w="40" h="40" zOrder="5">
      <groupChildrenDescriptors>
        <control controlID="418F02A5-AC5D-40E0-B1CC-A34DA66139B5" controlTypeID="Shape" x="8" y="0" w="24" h="24" zOrder="0">
          <canMove>False</canMove>
          <alias>shape</alias>
          <font family="Arial" displayName="Arial" postScript="" weightStyle="Standaard" weight="400" isBold="False" isItalic="False"/>
          <textSize>14</textSize>
          <selectedIndex>-1</selectedIndex>
        </control>
        <control controlID="A79A8120-0931-4739-B5CE-11AAD776A9FC" controlTypeID="Icon" x="8" y="0" w="24" h="24" zOrder="1">
          <color>4279673312</color>
          <canMove>False</canMove>
          <alias>icon</alias>
          <icon>
            <ID/>
            <iconFontName>jdIonicons</iconFontName>
            <iconCode>62199</iconCode>
          </icon>
          <URL>DED0E6A8242D8DE296EBCBE2FFA15EDA.svg</URL>
        </control>
        <control controlID="1ACEF943-246E-46AC-BE2E-1CC1B7EC3D79" controlTypeID="Label" x="2" y="28" w="36" h="12" zOrder="2">
          <canMove>False</canMove>
          <alias>label</alias>
          <font family="Arial" displayName="Arial" postScript="" weightStyle="Standaard" weight="400" isBold="False" isItalic="False"/>
          <text>Settings</text>
          <textColor>4279673312</textColor>
          <textSize>10</textSize>
          <textAlign>HaCenter</textAlign>
          <textVAlign>VaTop</textVAlign>
          <lineSpacing>0</lineSpacing>
          <useDefaultTextSize>False</useDefaultTextSize>
          <selectedIndex>-1</selectedIndex>
        </control>
        <control controlID="F71E2849-EBBC-4251-A8C6-8B3BD5061AC7" controlTypeID="Shape" x="27" y="0" w="13" h="12" zOrder="3">
          <color>4294901760</color>
          <borderVisible>False</borderVisible>
          <canMove>False</canMove>
          <alias>alarm</alias>
          <font family="Arial" displayName="Arial" postScript="" weightStyle="Standaard" weight="400" isBold="False" isItalic="False"/>
          <text>2</text>
          <textColor>4294967295</textColor>
          <textSize>7</textSize>
          <selectedIndex>-1</selectedIndex>
          <radius>100</radius>
          <radiusIsPercent>True</radiusIsPercent>
        </control>
      </groupChildrenDescriptors>
    </control>
    <control controlID="93A6070C-76EB-48C3-B872-50A580B9E512" controlTypeID="StatusBar(Android)" x="0" y="0" w="375" h="20" zOrder="6"/>
  </controls>
  <param>
    <backgroundColor>4293914612</backgroundColor>
    <fontSize>14</fontSize>
    <fontFamily>Arial</fontFamily>
    <guideLines/>
  </param>
</mockup>