﻿<mockup version="5.3" minAllowVersion="5.3" ID="43D188EC-A18F-4484-A0EF-520CBA0C5549" platform="MtMobile" defaultW="375" defaultH="667" screenOrientation="MoPortrait" mobileScreenScale="1.77777779102325" measureW="375" measureH="667" clipArea="(0,0,0,0)">
  <controls controlCount="10">
    <control controlID="4130AEC7-5B41-435F-BDEC-C4072F7E32E2" controlTypeID="StatusBar(IOS)" x="0" y="0" w="375" h="20" zOrder="0">
      <color>4294506744</color>
    </control>
    <control controlID="163DDA35-8870-4A23-AD8B-517728545ED8" controlTypeID="Shape" x="0" y="20" w="375" h="46" zOrder="1">
      <color>4294506744</color>
      <borderColor>4291611852</borderColor>
      <font family="Arial" displayName="Arial" postScript="" weightStyle="Standaard" weight="400" isBold="False" isItalic="False"/>
      <text>Welcome</text>
      <textSize>16</textSize>
      <useDefaultTextSize>False</useDefaultTextSize>
      <selectedIndex>-1</selectedIndex>
      <borderMode>[bmBottom]</borderMode>
    </control>
    <control controlID="758E3F3C-5941-4E8B-9467-0E9F20690A43" controlTypeID="Label" x="287" y="34" w="71" h="17" zOrder="2">
      <links eventType="AtClick" animate="AmNone" animateAutoDelay="0" animateDuration="500">
        <link targetPageID="01E91AD8-2213-4F6E-99B7-A919BBE3C326" linkType="ltPageLink" isApplyIncludePage="False" title="Start">
          <area shape="0" alt="" ID="{D26303BA-AA22-4B60-8CD9-A2F96E31B935}" coords="(0,0,71,17)"/>
        </link>
      </links>
      <font family="Arial" displayName="Arial" postScript="" weightStyle="Standaard" weight="400" isBold="False" isItalic="False"/>
      <text>Get+Started</text>
      <textColor>4279673312</textColor>
      <textVAlign>VaTop</textVAlign>
      <lineSpacing>0</lineSpacing>
      <selectedIndex>-1</selectedIndex>
    </control>
    <control controlID="98E7EFA2-55F9-422B-AA33-025841F86EFB" controlTypeID="Image" x="78" y="234" w="220" h="199" zOrder="3">
      <URL>26C99843FC40481A8BBCC2E287E22965.png</URL>
    </control>
    <control controlID="8B73141D-BAD0-4DCE-A1D7-6D04CA46A5BF" controlTypeID="IconLabel2" x="122" y="582" w="119" h="25" zOrder="4">
      <groupChildrenDescriptors>
        <control controlID="D87DF725-10E4-4B21-8C9A-ACC9C7BC0280" controlTypeID="Shape" x="95" y="0" w="24" h="24" zOrder="0">
          <canMove>False</canMove>
          <alias>shape</alias>
          <font family="Arial" displayName="Arial" postScript="" weightStyle="Standaard" weight="400" isBold="False" isItalic="False"/>
          <textSize>14</textSize>
          <selectedIndex>-1</selectedIndex>
        </control>
        <control controlID="67E67E6B-5298-4EEE-AC7D-D49645D5AB35" controlTypeID="Icon" x="95" y="0" w="24" h="24" zOrder="1">
          <color>4279673312</color>
          <canMove>False</canMove>
          <alias>icon</alias>
          <icon>
            <ID/>
            <iconFontName>jdFontAwesome</iconFontName>
            <iconCode>61816</iconCode>
          </icon>
          <URL>BC038102C1A22F3AF66745612B6F7FE9.svg</URL>
        </control>
        <control controlID="26424359-EBD1-4512-83A1-F40B86598C93" controlTypeID="Label" x="0" y="2" w="91" h="21" zOrder="2">
          <canMove>False</canMove>
          <alias>label</alias>
          <font family="Arial" displayName="Arial" postScript="" weightStyle="Standaard" weight="400" isBold="False" isItalic="False"/>
          <text>Learn+More</text>
          <textColor>4279673312</textColor>
          <textSize>18</textSize>
          <textAlign>HaCenter</textAlign>
          <textVAlign>VaTop</textVAlign>
          <lineSpacing>0</lineSpacing>
          <useDefaultTextSize>False</useDefaultTextSize>
          <selectedIndex>-1</selectedIndex>
        </control>
        <control controlID="599BC0AA-699E-48E9-A0BC-667124D2C521" controlTypeID="Shape" x="106" y="0" w="13" h="12" zOrder="3">
          <color>4294901760</color>
          <borderVisible>False</borderVisible>
          <canMove>False</canMove>
          <alias>alarm</alias>
          <font family="Arial" displayName="Arial" postScript="" weightStyle="Standaard" weight="400" isBold="False" isItalic="False"/>
          <text>2</text>
          <textColor>4294967295</textColor>
          <textSize>7</textSize>
          <selectedIndex>-1</selectedIndex>
          <radius>100</radius>
          <radiusIsPercent>True</radiusIsPercent>
        </control>
      </groupChildrenDescriptors>
      <textDirection>MiTextLeft</textDirection>
    </control>
    <control controlID="BB06F25D-6DF7-4D7D-A64D-F0DBB5AF0D61" controlTypeID="PageControlEx" x="146" y="620" w="84" h="40" zOrder="5">
      <color>4291611852</color>
      <gap>8</gap>
      <size>6</size>
      <columnCount>6</columnCount>
      <selectedIndex>0</selectedIndex>
      <selectedColor>4288256409</selectedColor>
    </control>
  </controls>
  <param>
    <backgroundColor>4294967295</backgroundColor>
    <fontSize>0</fontSize>
    <fontFamily>Arial</fontFamily>
    <guideLines/>
  </param>
</mockup>