﻿<mockup version="5.3" minAllowVersion="5.3" ID="7CA04D08-6E6C-435D-8BBB-D9F34A54E4D8" platform="MtMobile" defaultW="375" defaultH="667" screenOrientation="MoPortrait" mobileScreenScale="1.77777779102325" measureW="375" measureH="667">
  <controls controlCount="65">
    <control controlID="FCDF3777-59BD-4DE4-B0E4-8DE222820BD3" controlTypeID="ScrollView" x="0" y="70" w="375" h="597" zOrder="0">
      <groupChildrenDescriptors>
        <control controlID="9C17D88B-D57D-44E3-A816-D75CA08144B5" controlTypeID="ScrollViewContentPanel" x="0" y="0" w="375" h="758" zOrder="0">
          <alias>contentPanel</alias>
          <groupChildrenDescriptors>
            <control controlID="69FE8FF5-61EC-41F0-96EE-F5E3CA47D146" controlTypeID="Line" x="3" y="175" w="352" h="1" zOrder="0">
              <color>4293190884</color>
              <font family="Arial" displayName="Arial" postScript="" weightStyle="Standaard" weight="400" isBold="False" isItalic="False"/>
              <textSize>14</textSize>
              <lineSpacing>0</lineSpacing>
              <selectedIndex>-1</selectedIndex>
              <controlPoint>(176,0)</controlPoint>
              <startPoint>(0,0)</startPoint>
              <endPoint>(352,0)</endPoint>
            </control>
            <control controlID="7D58B4AB-C52A-456C-8B3E-A347F3A14FDF" controlTypeID="Label" x="13" y="4" w="214" h="19" zOrder="1">
              <font family="Arial" displayName="Arial" postScript="" weightStyle="Standaard" weight="400" isBold="False" isItalic="False"/>
              <text>Accident+on+Kapermolenstraat</text>
              <textSize>16</textSize>
              <textVAlign>VaTop</textVAlign>
              <lineSpacing>0</lineSpacing>
              <useDefaultTextSize>False</useDefaultTextSize>
              <selectedIndex>-1</selectedIndex>
            </control>
            <control controlID="FBAEA7BB-3CF0-45F1-A9B0-4E90A0F1B5D7" controlTypeID="Icon" x="13" y="38" w="24" h="24" zOrder="2">
              <color>4291559424</color>
              <icon>
                <ID/>
                <iconFontName>jdIonicons</iconFontName>
                <iconCode>62550</iconCode>
              </icon>
              <URL>6C8BC6B2B9FA7B8BF47604B61E110114.svg</URL>
            </control>
            <control controlID="D67FE55E-73BF-4866-9896-EA498B2D614E" controlTypeID="Label" x="47" y="41" w="53" h="19" zOrder="3">
              <font family="Arial" displayName="Arial" postScript="" weightStyle="Standaard" weight="400" isBold="False" isItalic="False"/>
              <text>Hasselt</text>
              <textSize>16</textSize>
              <textVAlign>VaTop</textVAlign>
              <lineSpacing>0</lineSpacing>
              <useDefaultTextSize>False</useDefaultTextSize>
              <selectedIndex>-1</selectedIndex>
            </control>
            <control controlID="8577A06F-DF06-4E83-9C0C-97CE6F2B822D" controlTypeID="Icon" x="13" y="71" w="24" h="24" zOrder="4">
              <color>4294940928</color>
              <icon>
                <ID/>
                <iconFontName>jdIonicons</iconFontName>
                <iconCode>62204</iconCode>
              </icon>
              <URL>7368E932054EB35095B123FCB5C28A31.svg</URL>
            </control>
            <control controlID="49A502C9-DB5E-4A2C-A58A-61FB625F6AC8" controlTypeID="Label" x="69" y="78" w="8" h="19" zOrder="5">
              <font family="Arial" displayName="Arial" postScript="" weightStyle="Standaard" weight="400" isBold="False" isItalic="False"/>
              <text>4</text>
              <textSize>16</textSize>
              <textVAlign>VaTop</textVAlign>
              <lineSpacing>0</lineSpacing>
              <useDefaultTextSize>False</useDefaultTextSize>
              <selectedIndex>-1</selectedIndex>
            </control>
            <control controlID="A9D0D940-B275-4EDA-8B86-D8995AF5749D" controlTypeID="Icon" x="13" y="104" w="24" h="24" zOrder="6">
              <icon>
                <ID/>
                <iconFontName>jdIonicons</iconFontName>
                <iconCode>62161</iconCode>
              </icon>
              <URL>524D9A41776CD1EF98956BB68F9875AC.svg</URL>
            </control>
            <control controlID="537DEDB6-F3E9-4738-AE29-34525F915311" controlTypeID="Label" x="47" y="107" w="62" h="19" zOrder="7">
              <font family="Arial" displayName="Arial" postScript="" weightStyle="Standaard" weight="400" isBold="False" isItalic="False"/>
              <text>27%2F10%2F19</text>
              <textSize>16</textSize>
              <textVAlign>VaTop</textVAlign>
              <lineSpacing>0</lineSpacing>
              <useDefaultTextSize>False</useDefaultTextSize>
              <selectedIndex>-1</selectedIndex>
            </control>
            <control controlID="75597935-5804-4361-89B4-8C9E1DB8F530" controlTypeID="Map" x="119" y="27" w="112" h="109" zOrder="8"/>
            <control controlID="5543434B-5E7F-4F6A-BE04-BFA2E2930610" controlTypeID="Image" x="257" y="26" w="112" h="109" zOrder="9">
              <URL>3061E2477CAA5B520A2C85EC38F2DF26.jpg</URL>
            </control>
            <control controlID="6A7B272A-D939-4E2C-85E3-079A2040BCEA" controlTypeID="Icon" x="157" y="56" w="24" h="24" zOrder="10">
              <color>4291559424</color>
              <icon>
                <ID/>
                <iconFontName>jdIonicons</iconFontName>
                <iconCode>62371</iconCode>
              </icon>
              <URL>474A61FDC203C97B2EEFAF494C017CCB.svg</URL>
            </control>
            <control controlID="9398813D-F08C-4E95-913B-1E9DB9023C76" controlTypeID="Icon" x="13" y="141" w="24" h="24" zOrder="11">
              <color>4282501083</color>
              <interactiveData>
                <entry title="">
                  <area shape="0" alt="" ID="{C4358CD0-E04A-4028-86B9-01FF4EEB179F}" coords="(0,0,24,24)"/>
                  <events title="">
                    <event eventType="atClick" isChecked="True">
                      <behaviour title="" isChecked="True" isWait="False" isLoop="False" execMode="emParallel">
                        <target targetID="1DF6A63B-E3E8-4CF6-8707-47F72D01B21E" isChecked="True" isAutoRecovery="False" isLoop="False" execMode="emSequence">
                          <command name="Popup State Change" isChecked="True" descrition="">
                            <param name="AniInterpolation" value="0" varType="3" description=""/>
                            <param name="AniDuration" value="200" varType="3" description=""/>
                            <param name="AniAutoReverse" value="False" varType="11" description=""/>
                            <param name="AniLoop" value="False" varType="11" description=""/>
                            <param name="AniInterpolationTypeOut" value="False" varType="11" description=""/>
                            <param name="Delay" value="0" varType="3" description=""/>
                            <param name="Value" value="2" varType="3" description=""/>
                            <param name="AniType" value="0" varType="3" description=""/>
                          </command>
                        </target>
                      </behaviour>
                    </event>
                  </events>
                </entry>
              </interactiveData>
              <icon>
                <ID/>
                <iconFontName>jdIonicons</iconFontName>
                <iconCode>62200</iconCode>
              </icon>
              <URL>B9619BF0A6C60DFCDA16F57946ED93CE.svg</URL>
            </control>
            <control controlID="76C25942-0D81-4CAA-8072-76CCAFB3E377" controlTypeID="Label" x="52" y="143" w="42" h="19" zOrder="12">
              <interactiveData>
                <entry title="">
                  <area shape="0" alt="" ID="{B0FB542D-1128-4497-8CBF-027B89F81D68}" coords="(0,0,42,19)"/>
                  <events title="">
                    <event eventType="atClick" isChecked="True">
                      <behaviour title="" isChecked="True" isWait="False" isLoop="False" execMode="emParallel">
                        <target targetID="1DF6A63B-E3E8-4CF6-8707-47F72D01B21E" isChecked="True" isAutoRecovery="False" isLoop="False" execMode="emSequence">
                          <command name="Popup State Change" isChecked="True" descrition="">
                            <param name="AniInterpolation" value="0" varType="3" description=""/>
                            <param name="AniDuration" value="200" varType="3" description=""/>
                            <param name="AniAutoReverse" value="False" varType="11" description=""/>
                            <param name="AniLoop" value="False" varType="11" description=""/>
                            <param name="AniInterpolationTypeOut" value="False" varType="11" description=""/>
                            <param name="Delay" value="0" varType="3" description=""/>
                            <param name="Value" value="2" varType="3" description=""/>
                            <param name="AniType" value="0" varType="3" description=""/>
                          </command>
                        </target>
                      </behaviour>
                    </event>
                  </events>
                </entry>
              </interactiveData>
              <font family="Arial" displayName="Arial" postScript="" weightStyle="Standaard" weight="400" isBold="False" isItalic="False"/>
              <text>Share</text>
              <textColor>4282501083</textColor>
              <textSize>16</textSize>
              <textVAlign>VaTop</textVAlign>
              <lineSpacing>0</lineSpacing>
              <useDefaultTextSize>False</useDefaultTextSize>
              <selectedIndex>-1</selectedIndex>
            </control>
            <control controlID="7653DCFB-EB43-44C9-B8E9-72CDA5820557" controlTypeID="Line" x="6" y="351" w="352" h="1" zOrder="13">
              <color>4293190884</color>
              <font family="Arial" displayName="Arial" postScript="" weightStyle="Standaard" weight="400" isBold="False" isItalic="False"/>
              <textSize>14</textSize>
              <lineSpacing>0</lineSpacing>
              <selectedIndex>-1</selectedIndex>
              <controlPoint>(176,0)</controlPoint>
              <startPoint>(0,0)</startPoint>
              <endPoint>(352,0)</endPoint>
            </control>
            <control controlID="92052CF7-3C75-433F-8FE5-5D84119FFA5D" controlTypeID="Label" x="14" y="180" w="216" h="19" zOrder="14">
              <font family="Arial" displayName="Arial" postScript="" weightStyle="Standaard" weight="400" isBold="False" isItalic="False"/>
              <text>Traffic+jam+on+Elfde-Liniestraat</text>
              <textSize>16</textSize>
              <textVAlign>VaTop</textVAlign>
              <lineSpacing>0</lineSpacing>
              <useDefaultTextSize>False</useDefaultTextSize>
              <selectedIndex>-1</selectedIndex>
            </control>
            <control controlID="3DC9F5FE-30BB-4166-94AB-DC3B34817F5B" controlTypeID="Icon" x="14" y="214" w="24" h="24" zOrder="15">
              <color>4291559424</color>
              <icon>
                <ID/>
                <iconFontName>jdIonicons</iconFontName>
                <iconCode>62550</iconCode>
              </icon>
              <URL>6C8BC6B2B9FA7B8BF47604B61E110114.svg</URL>
            </control>
            <control controlID="FAAA1DC3-5DD1-4AB4-9126-E46BBCFDDC10" controlTypeID="Label" x="48" y="217" w="53" h="19" zOrder="16">
              <font family="Arial" displayName="Arial" postScript="" weightStyle="Standaard" weight="400" isBold="False" isItalic="False"/>
              <text>Hasselt</text>
              <textSize>16</textSize>
              <textVAlign>VaTop</textVAlign>
              <lineSpacing>0</lineSpacing>
              <useDefaultTextSize>False</useDefaultTextSize>
              <selectedIndex>-1</selectedIndex>
            </control>
            <control controlID="CC94CF85-8EE3-4855-8E65-4FC53E8EC236" controlTypeID="Icon" x="14" y="247" w="24" h="24" zOrder="17">
              <color>4294940928</color>
              <icon>
                <ID/>
                <iconFontName>jdIonicons</iconFontName>
                <iconCode>62204</iconCode>
              </icon>
              <URL>7368E932054EB35095B123FCB5C28A31.svg</URL>
            </control>
            <control controlID="3017FCCB-BAA5-4F5D-86B7-FE53B702A180" controlTypeID="Label" x="70" y="254" w="8" h="19" zOrder="18">
              <font family="Arial" displayName="Arial" postScript="" weightStyle="Standaard" weight="400" isBold="False" isItalic="False"/>
              <text>5</text>
              <textSize>16</textSize>
              <textVAlign>VaTop</textVAlign>
              <lineSpacing>0</lineSpacing>
              <useDefaultTextSize>False</useDefaultTextSize>
              <selectedIndex>-1</selectedIndex>
            </control>
            <control controlID="B3859579-F5CA-40DB-BD82-49F38CCE2776" controlTypeID="Icon" x="14" y="280" w="24" h="24" zOrder="19">
              <icon>
                <ID/>
                <iconFontName>jdIonicons</iconFontName>
                <iconCode>62161</iconCode>
              </icon>
              <URL>524D9A41776CD1EF98956BB68F9875AC.svg</URL>
            </control>
            <control controlID="8E18652F-8F78-4E2C-839B-F3AC4E6A8277" controlTypeID="Label" x="48" y="283" w="62" h="19" zOrder="20">
              <font family="Arial" displayName="Arial" postScript="" weightStyle="Standaard" weight="400" isBold="False" isItalic="False"/>
              <text>22%2F10%2F19</text>
              <textSize>16</textSize>
              <textVAlign>VaTop</textVAlign>
              <lineSpacing>0</lineSpacing>
              <useDefaultTextSize>False</useDefaultTextSize>
              <selectedIndex>-1</selectedIndex>
            </control>
            <control controlID="5E144FD4-664C-4E4A-A79B-733A9014A6BF" controlTypeID="Map" x="120" y="203" w="112" h="109" zOrder="21"/>
            <control controlID="82B4DDC2-D186-4A88-97BB-CE773E311703" controlTypeID="Image" x="258" y="202" w="112" h="109" zOrder="22">
              <URL>C0D3BB78FF02405939453048A6B1FB60.jpg</URL>
            </control>
            <control controlID="F8AF94A7-2E0A-413D-BBF0-77DCDB214F24" controlTypeID="Icon" x="196" y="280" w="24" h="24" zOrder="23">
              <color>4291559424</color>
              <icon>
                <ID/>
                <iconFontName>jdIonicons</iconFontName>
                <iconCode>62371</iconCode>
              </icon>
              <URL>474A61FDC203C97B2EEFAF494C017CCB.svg</URL>
            </control>
            <control controlID="9F2F63D9-2FD7-4536-9275-461917DF5D3B" controlTypeID="Icon" x="14" y="317" w="24" h="24" zOrder="24">
              <color>4282501083</color>
              <interactiveData>
                <entry title="">
                  <area shape="0" alt="" ID="{684A0525-C5CB-4558-B506-B41723ED8377}" coords="(0,0,24,24)"/>
                  <events title="">
                    <event eventType="atClick" isChecked="True">
                      <behaviour title="" isChecked="True" isWait="False" isLoop="False" execMode="emParallel">
                        <target targetID="1DF6A63B-E3E8-4CF6-8707-47F72D01B21E" isChecked="True" isAutoRecovery="False" isLoop="False" execMode="emSequence">
                          <command name="Popup State Change" isChecked="True" descrition="">
                            <param name="AniInterpolation" value="0" varType="3" description=""/>
                            <param name="AniDuration" value="200" varType="3" description=""/>
                            <param name="AniAutoReverse" value="False" varType="11" description=""/>
                            <param name="AniLoop" value="False" varType="11" description=""/>
                            <param name="AniInterpolationTypeOut" value="False" varType="11" description=""/>
                            <param name="Delay" value="0" varType="3" description=""/>
                            <param name="Value" value="2" varType="3" description=""/>
                            <param name="AniType" value="0" varType="3" description=""/>
                          </command>
                        </target>
                      </behaviour>
                    </event>
                  </events>
                </entry>
              </interactiveData>
              <icon>
                <ID/>
                <iconFontName>jdIonicons</iconFontName>
                <iconCode>62200</iconCode>
              </icon>
              <URL>B9619BF0A6C60DFCDA16F57946ED93CE.svg</URL>
            </control>
            <control controlID="B37899D8-5F51-4413-A46A-28589ACF5B7F" controlTypeID="Label" x="53" y="319" w="42" h="19" zOrder="25">
              <interactiveData>
                <entry title="">
                  <area shape="0" alt="" ID="{3957D824-59B4-4B06-AC43-40D9A28A07FC}" coords="(0,0,42,19)"/>
                  <events title="">
                    <event eventType="atClick" isChecked="True">
                      <behaviour title="" isChecked="True" isWait="False" isLoop="False" execMode="emParallel">
                        <target targetID="1DF6A63B-E3E8-4CF6-8707-47F72D01B21E" isChecked="True" isAutoRecovery="False" isLoop="False" execMode="emSequence">
                          <command name="Popup State Change" isChecked="True" descrition="">
                            <param name="AniInterpolation" value="0" varType="3" description=""/>
                            <param name="AniDuration" value="200" varType="3" description=""/>
                            <param name="AniAutoReverse" value="False" varType="11" description=""/>
                            <param name="AniLoop" value="False" varType="11" description=""/>
                            <param name="AniInterpolationTypeOut" value="False" varType="11" description=""/>
                            <param name="Delay" value="0" varType="3" description=""/>
                            <param name="Value" value="2" varType="3" description=""/>
                            <param name="AniType" value="0" varType="3" description=""/>
                          </command>
                        </target>
                      </behaviour>
                    </event>
                  </events>
                </entry>
              </interactiveData>
              <font family="Arial" displayName="Arial" postScript="" weightStyle="Standaard" weight="400" isBold="False" isItalic="False"/>
              <text>Share</text>
              <textColor>4282501083</textColor>
              <textSize>16</textSize>
              <textVAlign>VaTop</textVAlign>
              <lineSpacing>0</lineSpacing>
              <useDefaultTextSize>False</useDefaultTextSize>
              <selectedIndex>-1</selectedIndex>
            </control>
            <control controlID="0E6E972E-0465-4E46-AC15-F4EE1CF37E41" controlTypeID="Line" x="4" y="524" w="352" h="1" zOrder="26">
              <color>4293190884</color>
              <font family="Arial" displayName="Arial" postScript="" weightStyle="Standaard" weight="400" isBold="False" isItalic="False"/>
              <textSize>14</textSize>
              <lineSpacing>0</lineSpacing>
              <selectedIndex>-1</selectedIndex>
              <controlPoint>(176,0)</controlPoint>
              <startPoint>(0,0)</startPoint>
              <endPoint>(352,0)</endPoint>
            </control>
            <control controlID="3FD991DF-B6DB-423D-B840-44F19CE6E6BC" controlTypeID="Label" x="14" y="353" w="199" h="19" zOrder="27">
              <font family="Arial" displayName="Arial" postScript="" weightStyle="Standaard" weight="400" isBold="False" isItalic="False"/>
              <text>Broken+glass+on+Dusartplein</text>
              <textSize>16</textSize>
              <textVAlign>VaTop</textVAlign>
              <lineSpacing>0</lineSpacing>
              <useDefaultTextSize>False</useDefaultTextSize>
              <selectedIndex>-1</selectedIndex>
            </control>
            <control controlID="1851F6CA-9077-405A-ADB6-DC688F847239" controlTypeID="Icon" x="14" y="387" w="24" h="24" zOrder="28">
              <color>4291559424</color>
              <icon>
                <ID/>
                <iconFontName>jdIonicons</iconFontName>
                <iconCode>62550</iconCode>
              </icon>
              <URL>6C8BC6B2B9FA7B8BF47604B61E110114.svg</URL>
            </control>
            <control controlID="1ADFCF2A-6E60-4662-93A2-214015B3C650" controlTypeID="Label" x="48" y="390" w="53" h="19" zOrder="29">
              <font family="Arial" displayName="Arial" postScript="" weightStyle="Standaard" weight="400" isBold="False" isItalic="False"/>
              <text>Hasselt</text>
              <textSize>16</textSize>
              <textVAlign>VaTop</textVAlign>
              <lineSpacing>0</lineSpacing>
              <useDefaultTextSize>False</useDefaultTextSize>
              <selectedIndex>-1</selectedIndex>
            </control>
            <control controlID="94C9F66E-E444-4BC7-ABB8-0857F61372C7" controlTypeID="Icon" x="14" y="420" w="24" h="24" zOrder="30">
              <color>4294940928</color>
              <icon>
                <ID/>
                <iconFontName>jdIonicons</iconFontName>
                <iconCode>62204</iconCode>
              </icon>
              <URL>7368E932054EB35095B123FCB5C28A31.svg</URL>
            </control>
            <control controlID="45921E2A-E9E7-4B32-8A82-24BE6FC4F511" controlTypeID="Label" x="70" y="427" w="6" h="19" zOrder="31">
              <font family="Arial" displayName="Arial" postScript="" weightStyle="Standaard" weight="400" isBold="False" isItalic="False"/>
              <text>1</text>
              <textSize>16</textSize>
              <textVAlign>VaTop</textVAlign>
              <lineSpacing>0</lineSpacing>
              <useDefaultTextSize>False</useDefaultTextSize>
              <selectedIndex>-1</selectedIndex>
            </control>
            <control controlID="39CF40B9-A48B-44C5-A03E-CBAAD0F8C1A2" controlTypeID="Icon" x="14" y="453" w="24" h="24" zOrder="32">
              <icon>
                <ID/>
                <iconFontName>jdIonicons</iconFontName>
                <iconCode>62161</iconCode>
              </icon>
              <URL>524D9A41776CD1EF98956BB68F9875AC.svg</URL>
            </control>
            <control controlID="9E26B5EF-9C9B-4FE2-BCA0-F01E374FA699" controlTypeID="Label" x="48" y="456" w="62" h="19" zOrder="33">
              <font family="Arial" displayName="Arial" postScript="" weightStyle="Standaard" weight="400" isBold="False" isItalic="False"/>
              <text>19%2F10%2F19</text>
              <textSize>16</textSize>
              <textVAlign>VaTop</textVAlign>
              <lineSpacing>0</lineSpacing>
              <useDefaultTextSize>False</useDefaultTextSize>
              <selectedIndex>-1</selectedIndex>
            </control>
            <control controlID="317D95E7-820F-48B6-83A2-04422905DC70" controlTypeID="Map" x="120" y="376" w="112" h="109" zOrder="34"/>
            <control controlID="42801BFA-2259-4EB9-A70B-E857C55E3F7C" controlTypeID="Image" x="258" y="375" w="112" h="109" zOrder="35">
              <URL>3DB88A2744AEB80517B5300F485C5520.jpg</URL>
            </control>
            <control controlID="09145950-FDB7-4DB2-9573-63E12CA2579E" controlTypeID="Icon" x="182" y="427" w="24" h="24" zOrder="36">
              <color>4291559424</color>
              <icon>
                <ID/>
                <iconFontName>jdIonicons</iconFontName>
                <iconCode>62371</iconCode>
              </icon>
              <URL>474A61FDC203C97B2EEFAF494C017CCB.svg</URL>
            </control>
            <control controlID="3D82AC04-E78A-40C5-A81D-2E5085360958" controlTypeID="Icon" x="14" y="490" w="24" h="24" zOrder="37">
              <color>4282501083</color>
              <interactiveData>
                <entry title="">
                  <area shape="0" alt="" ID="{B71B3824-D92B-4351-934D-FE70D387F2D0}" coords="(0,0,24,24)"/>
                  <events title="">
                    <event eventType="atClick" isChecked="True">
                      <behaviour title="" isChecked="True" isWait="False" isLoop="False" execMode="emParallel">
                        <target targetID="1DF6A63B-E3E8-4CF6-8707-47F72D01B21E" isChecked="True" isAutoRecovery="False" isLoop="False" execMode="emSequence">
                          <command name="Popup State Change" isChecked="True" descrition="">
                            <param name="AniInterpolation" value="0" varType="3" description=""/>
                            <param name="AniDuration" value="200" varType="3" description=""/>
                            <param name="AniAutoReverse" value="False" varType="11" description=""/>
                            <param name="AniLoop" value="False" varType="11" description=""/>
                            <param name="AniInterpolationTypeOut" value="False" varType="11" description=""/>
                            <param name="Delay" value="0" varType="3" description=""/>
                            <param name="Value" value="2" varType="3" description=""/>
                            <param name="AniType" value="0" varType="3" description=""/>
                          </command>
                        </target>
                      </behaviour>
                    </event>
                  </events>
                </entry>
              </interactiveData>
              <icon>
                <ID/>
                <iconFontName>jdIonicons</iconFontName>
                <iconCode>62200</iconCode>
              </icon>
              <URL>B9619BF0A6C60DFCDA16F57946ED93CE.svg</URL>
            </control>
            <control controlID="7DFBFA89-5482-48D5-8A6E-3C283ED94426" controlTypeID="Label" x="53" y="492" w="42" h="19" zOrder="38">
              <interactiveData>
                <entry title="">
                  <area shape="0" alt="" ID="{1FC283A2-2953-4DDB-8058-D4EFE84F9FB6}" coords="(0,0,42,19)"/>
                  <events title="">
                    <event eventType="atClick" isChecked="True">
                      <behaviour title="" isChecked="True" isWait="False" isLoop="False" execMode="emParallel">
                        <target targetID="1DF6A63B-E3E8-4CF6-8707-47F72D01B21E" isChecked="True" isAutoRecovery="False" isLoop="False" execMode="emSequence">
                          <command name="Popup State Change" isChecked="True" descrition="">
                            <param name="AniInterpolation" value="0" varType="3" description=""/>
                            <param name="AniDuration" value="200" varType="3" description=""/>
                            <param name="AniAutoReverse" value="False" varType="11" description=""/>
                            <param name="AniLoop" value="False" varType="11" description=""/>
                            <param name="AniInterpolationTypeOut" value="False" varType="11" description=""/>
                            <param name="Delay" value="0" varType="3" description=""/>
                            <param name="Value" value="2" varType="3" description=""/>
                            <param name="AniType" value="0" varType="3" description=""/>
                          </command>
                        </target>
                      </behaviour>
                    </event>
                  </events>
                </entry>
              </interactiveData>
              <font family="Arial" displayName="Arial" postScript="" weightStyle="Standaard" weight="400" isBold="False" isItalic="False"/>
              <text>Share</text>
              <textColor>4282501083</textColor>
              <textSize>16</textSize>
              <textVAlign>VaTop</textVAlign>
              <lineSpacing>0</lineSpacing>
              <useDefaultTextSize>False</useDefaultTextSize>
              <selectedIndex>-1</selectedIndex>
            </control>
            <control controlID="FE4385A7-C9D1-4C2D-B949-A73852572B65" controlTypeID="Line" x="7" y="700" w="352" h="1" zOrder="39">
              <color>4293190884</color>
              <font family="Arial" displayName="Arial" postScript="" weightStyle="Standaard" weight="400" isBold="False" isItalic="False"/>
              <textSize>14</textSize>
              <lineSpacing>0</lineSpacing>
              <selectedIndex>-1</selectedIndex>
              <controlPoint>(176,0)</controlPoint>
              <startPoint>(0,0)</startPoint>
              <endPoint>(352,0)</endPoint>
            </control>
            <control controlID="9996F2FD-A031-4007-9C59-7D22716728B2" controlTypeID="Label" x="15" y="529" w="207" h="19" zOrder="40">
              <font family="Arial" displayName="Arial" postScript="" weightStyle="Standaard" weight="400" isBold="False" isItalic="False"/>
              <text>Pothole+on+Kapermolenstraat</text>
              <textSize>16</textSize>
              <textVAlign>VaTop</textVAlign>
              <lineSpacing>0</lineSpacing>
              <useDefaultTextSize>False</useDefaultTextSize>
              <selectedIndex>-1</selectedIndex>
            </control>
            <control controlID="7FA7DD59-5EAC-4D06-B8B0-87BE985A2277" controlTypeID="Icon" x="15" y="563" w="24" h="24" zOrder="41">
              <color>4291559424</color>
              <icon>
                <ID/>
                <iconFontName>jdIonicons</iconFontName>
                <iconCode>62550</iconCode>
              </icon>
              <URL>6C8BC6B2B9FA7B8BF47604B61E110114.svg</URL>
            </control>
            <control controlID="08CDBF74-85DE-429D-A013-97CAB630648B" controlTypeID="Label" x="49" y="566" w="53" h="19" zOrder="42">
              <font family="Arial" displayName="Arial" postScript="" weightStyle="Standaard" weight="400" isBold="False" isItalic="False"/>
              <text>Hasselt</text>
              <textSize>16</textSize>
              <textVAlign>VaTop</textVAlign>
              <lineSpacing>0</lineSpacing>
              <useDefaultTextSize>False</useDefaultTextSize>
              <selectedIndex>-1</selectedIndex>
            </control>
            <control controlID="405A4ED9-04D6-4741-9BD3-3AF6B96B9EA7" controlTypeID="Icon" x="15" y="596" w="24" h="24" zOrder="43">
              <color>4294940928</color>
              <icon>
                <ID/>
                <iconFontName>jdIonicons</iconFontName>
                <iconCode>62204</iconCode>
              </icon>
              <URL>7368E932054EB35095B123FCB5C28A31.svg</URL>
            </control>
            <control controlID="BD798675-D869-49BF-A7C8-1D929BF0B2FC" controlTypeID="Label" x="71" y="603" w="8" h="19" zOrder="44">
              <font family="Arial" displayName="Arial" postScript="" weightStyle="Standaard" weight="400" isBold="False" isItalic="False"/>
              <text>3</text>
              <textSize>16</textSize>
              <textVAlign>VaTop</textVAlign>
              <lineSpacing>0</lineSpacing>
              <useDefaultTextSize>False</useDefaultTextSize>
              <selectedIndex>-1</selectedIndex>
            </control>
            <control controlID="43A0D6DC-C5A6-46E7-8692-83504934708D" controlTypeID="Icon" x="15" y="629" w="24" h="24" zOrder="45">
              <icon>
                <ID/>
                <iconFontName>jdIonicons</iconFontName>
                <iconCode>62161</iconCode>
              </icon>
              <URL>524D9A41776CD1EF98956BB68F9875AC.svg</URL>
            </control>
            <control controlID="630B13B5-DCDE-4817-B021-FADE5BF5661F" controlTypeID="Label" x="49" y="632" w="62" h="19" zOrder="46">
              <font family="Arial" displayName="Arial" postScript="" weightStyle="Standaard" weight="400" isBold="False" isItalic="False"/>
              <text>27%2F10%2F19</text>
              <textSize>16</textSize>
              <textVAlign>VaTop</textVAlign>
              <lineSpacing>0</lineSpacing>
              <useDefaultTextSize>False</useDefaultTextSize>
              <selectedIndex>-1</selectedIndex>
            </control>
            <control controlID="17A78ED9-DB69-49AE-A7BD-45EE4949FD9B" controlTypeID="Map" x="121" y="552" w="112" h="109" zOrder="47"/>
            <control controlID="BB2B096C-A512-4A16-8160-482847A155A4" controlTypeID="Image" x="259" y="551" w="112" h="109" zOrder="48">
              <URL>F0848CADD2DD49DD00501ED67A2721E5.jpg</URL>
            </control>
            <control controlID="D5FCC55C-2D6E-442E-8BF3-74D6C3B33A3A" controlTypeID="Icon" x="159" y="581" w="24" h="24" zOrder="49">
              <color>4291559424</color>
              <icon>
                <ID/>
                <iconFontName>jdIonicons</iconFontName>
                <iconCode>62371</iconCode>
              </icon>
              <URL>474A61FDC203C97B2EEFAF494C017CCB.svg</URL>
            </control>
            <control controlID="8DF8EDD6-FA56-4133-A0FF-ABD8BD1838D0" controlTypeID="Icon" x="15" y="666" w="24" h="24" zOrder="50">
              <color>4282501083</color>
              <interactiveData>
                <entry title="">
                  <area shape="0" alt="" ID="{BFF3D66D-BADE-47CE-8612-8EF16C344DAF}" coords="(0,0,24,24)"/>
                  <events title="">
                    <event eventType="atClick" isChecked="True">
                      <behaviour title="" isChecked="True" isWait="False" isLoop="False" execMode="emParallel">
                        <target targetID="1DF6A63B-E3E8-4CF6-8707-47F72D01B21E" isChecked="True" isAutoRecovery="False" isLoop="False" execMode="emSequence">
                          <command name="Popup State Change" isChecked="True" descrition="">
                            <param name="AniInterpolation" value="0" varType="3" description=""/>
                            <param name="AniDuration" value="200" varType="3" description=""/>
                            <param name="AniAutoReverse" value="False" varType="11" description=""/>
                            <param name="AniLoop" value="False" varType="11" description=""/>
                            <param name="AniInterpolationTypeOut" value="False" varType="11" description=""/>
                            <param name="Delay" value="0" varType="3" description=""/>
                            <param name="Value" value="2" varType="3" description=""/>
                            <param name="AniType" value="0" varType="3" description=""/>
                          </command>
                        </target>
                      </behaviour>
                    </event>
                  </events>
                </entry>
              </interactiveData>
              <icon>
                <ID/>
                <iconFontName>jdIonicons</iconFontName>
                <iconCode>62200</iconCode>
              </icon>
              <URL>B9619BF0A6C60DFCDA16F57946ED93CE.svg</URL>
            </control>
            <control controlID="8B940C90-B1F0-4393-B4E5-B461B1B21FBE" controlTypeID="Label" x="54" y="668" w="42" h="19" zOrder="51">
              <interactiveData>
                <entry title="">
                  <area shape="0" alt="" ID="{899E09E1-A024-4E56-9E7A-7F8F90A7499C}" coords="(0,0,42,19)"/>
                  <events title="">
                    <event eventType="atClick" isChecked="True">
                      <behaviour title="" isChecked="True" isWait="False" isLoop="False" execMode="emParallel">
                        <target targetID="1DF6A63B-E3E8-4CF6-8707-47F72D01B21E" isChecked="True" isAutoRecovery="False" isLoop="False" execMode="emSequence">
                          <command name="Popup State Change" isChecked="True" descrition="">
                            <param name="AniInterpolation" value="0" varType="3" description=""/>
                            <param name="AniDuration" value="200" varType="3" description=""/>
                            <param name="AniAutoReverse" value="False" varType="11" description=""/>
                            <param name="AniLoop" value="False" varType="11" description=""/>
                            <param name="AniInterpolationTypeOut" value="False" varType="11" description=""/>
                            <param name="Delay" value="0" varType="3" description=""/>
                            <param name="Value" value="2" varType="3" description=""/>
                            <param name="AniType" value="0" varType="3" description=""/>
                          </command>
                        </target>
                      </behaviour>
                    </event>
                  </events>
                </entry>
              </interactiveData>
              <font family="Arial" displayName="Arial" postScript="" weightStyle="Standaard" weight="400" isBold="False" isItalic="False"/>
              <text>Share</text>
              <textColor>4282501083</textColor>
              <textSize>16</textSize>
              <textVAlign>VaTop</textVAlign>
              <lineSpacing>0</lineSpacing>
              <useDefaultTextSize>False</useDefaultTextSize>
              <selectedIndex>-1</selectedIndex>
            </control>
          </groupChildrenDescriptors>
        </control>
        <control controlID="BCC847DC-8E3B-4292-A43A-296364B60727" controlTypeID="Border" x="0" y="0" w="375" h="597" zOrder="1">
          <color>4284900966</color>
          <borderColor>4278190080</borderColor>
          <alias>borderLayer</alias>
        </control>
      </groupChildrenDescriptors>
    </control>
    <control controlID="B67181D7-0ECD-4A69-AB0D-B30A5CE0C8CF" controlTypeID="Shape" x="0" y="20" w="375" h="46" zOrder="1">
      <color>4294506744</color>
      <borderColor>4291611852</borderColor>
      <font family="Arial" displayName="Arial" postScript="" weightStyle="Standaard" weight="400" isBold="False" isItalic="False"/>
      <textSize>16</textSize>
      <useDefaultTextSize>False</useDefaultTextSize>
      <selectedIndex>-1</selectedIndex>
      <borderMode>[bmBottom]</borderMode>
    </control>
    <control controlID="73A4416F-9B56-40DA-A91F-71362E3C14BE" controlTypeID="Icon" x="10" y="32" w="20" h="20" zOrder="2">
      <color>4279673312</color>
      <links eventType="AtClick" animate="AmPushRight" animateAutoDelay="0" animateDuration="500">
        <link targetPageID="ADABD2F4-7944-423C-A28A-E7505F4E0D3E" linkType="ltPageLink" isApplyIncludePage="False" title="Problems">
          <area shape="0" alt="" ID="{C3653764-F803-4D9A-93D3-2F3144A16F63}" coords="(0,0,20,20)"/>
        </link>
      </links>
      <icon>
        <ID/>
        <iconFontName>jdIonicons</iconFontName>
        <iconCode>62415</iconCode>
      </icon>
      <URL>D6859759E093AABA6D618DD6AA733504.svg</URL>
    </control>
    <control controlID="6E1261A3-2497-43E5-87CA-4142EF1EAE62" controlTypeID="Label" x="152" y="31" w="60" h="19" zOrder="3">
      <font family="Arial" displayName="Arial" postScript="" weightStyle="Standaard" weight="400" isBold="False" isItalic="False"/>
      <text>All+posts</text>
      <textSize>16</textSize>
      <textVAlign>VaTop</textVAlign>
      <lineSpacing>0</lineSpacing>
      <useDefaultTextSize>False</useDefaultTextSize>
      <selectedIndex>-1</selectedIndex>
    </control>
    <control controlID="013280AF-488C-4046-978F-00637F7FDC5F" controlTypeID="StatusBar(Android)" x="0" y="0" w="375" h="20" zOrder="4"/>
    <control controlID="1DF6A63B-E3E8-4CF6-8707-47F72D01B21E" controlTypeID="PopupPanel" x="444" y="125" w="46" h="46" zOrder="5">
      <groupChildrenDescriptors>
        <control controlID="889E5F9A-3C73-4D21-A25A-BB50D9FC7ECC" controlTypeID="Panel" x="0" y="0" w="375" h="667" zOrder="0">
          <locked>True</locked>
          <color>1879048192</color>
          <borderVisible>False</borderVisible>
          <canMove>False</canMove>
          <alias>background</alias>
          <groupChildrenDescriptors>
            <control controlID="535F1D24-6B79-4109-AA0F-417C9A33BA11" controlTypeID="Border" x="0" y="0" w="375" h="667" zOrder="0">
              <borderVisible>False</borderVisible>
              <alias>borderLayer</alias>
            </control>
          </groupChildrenDescriptors>
          <thinkness>1</thinkness>
        </control>
        <control controlID="E9B602F6-E10A-48D5-B342-4088AB17D51C" controlTypeID="PopupPanelContent" x="0" y="0" w="375" h="556" zOrder="1">
          <color>16777215</color>
          <alias>content</alias>
          <groupChildrenDescriptors>
            <control controlID="ECE5B53F-C0CF-4E40-A0BE-90B55F451E10" controlTypeID="StatusBar(Android)" x="0" y="0" w="375" h="20" zOrder="0"/>
            <control controlID="0982A7DF-87CF-466B-9258-16339004DAD5" controlTypeID="Image" x="0" y="0" w="375" h="556" zOrder="1">
              <URL>3B1BDEF6D10D50948A2EF4DC91D5D8D0.PNG</URL>
            </control>
          </groupChildrenDescriptors>
        </control>
      </groupChildrenDescriptors>
    </control>
  </controls>
  <param>
    <backgroundColor>4294967295</backgroundColor>
    <fontSize>0</fontSize>
    <fontFamily>Arial</fontFamily>
    <guideLines/>
  </param>
</mockup>