﻿<mockup version="5.3" minAllowVersion="5.3" ID="7CA04D08-6E6C-435D-8BBB-D9F34A54E4D8" platform="MtMobile" defaultW="375" defaultH="667" screenOrientation="MoPortrait" mobileScreenScale="1.77777779102325" measureW="375" measureH="667">
  <controls controlCount="46">
    <control controlID="3CF510E0-A0C2-42E8-93C6-CD40C25D8A64" controlTypeID="Shape" x="0" y="66" w="375" h="49" zOrder="0">
      <color>4294440951</color>
      <borderVisible>False</borderVisible>
      <font family="Arial" displayName="Arial" postScript="" weightStyle="Standaard" weight="400" isBold="False" isItalic="False"/>
      <textSize>14</textSize>
      <selectedIndex>-1</selectedIndex>
    </control>
    <control controlID="B67181D7-0ECD-4A69-AB0D-B30A5CE0C8CF" controlTypeID="Shape" x="0" y="20" w="375" h="46" zOrder="1">
      <color>4294506744</color>
      <borderColor>4291611852</borderColor>
      <font family="Arial" displayName="Arial" postScript="" weightStyle="Standaard" weight="400" isBold="False" isItalic="False"/>
      <textSize>16</textSize>
      <useDefaultTextSize>False</useDefaultTextSize>
      <selectedIndex>-1</selectedIndex>
      <borderMode>[bmBottom]</borderMode>
    </control>
    <control controlID="73A4416F-9B56-40DA-A91F-71362E3C14BE" controlTypeID="Icon" x="10" y="32" w="20" h="20" zOrder="2">
      <color>4279673312</color>
      <links eventType="AtClick" animate="AmPushRight" animateAutoDelay="0" animateDuration="500">
        <link targetPageID="9C029B47-B162-4D46-9BD5-0299F0D4E449" linkType="ltPageLink" isApplyIncludePage="False" title="Lists">
          <area shape="0" alt="" ID="{C3653764-F803-4D9A-93D3-2F3144A16F63}" coords="(0,0,20,20)"/>
        </link>
      </links>
      <icon>
        <ID/>
        <iconFontName>jdIonicons</iconFontName>
        <iconCode>62415</iconCode>
      </icon>
      <URL>D6859759E093AABA6D618DD6AA733504.svg</URL>
    </control>
    <control controlID="6E1261A3-2497-43E5-87CA-4142EF1EAE62" controlTypeID="Label" x="136" y="23" w="87" h="19" zOrder="3">
      <font family="Arial" displayName="Arial" postScript="" weightStyle="Standaard" weight="400" isBold="False" isItalic="False"/>
      <text>My+Post+List</text>
      <textSize>16</textSize>
      <textVAlign>VaTop</textVAlign>
      <lineSpacing>0</lineSpacing>
      <useDefaultTextSize>False</useDefaultTextSize>
      <selectedIndex>-1</selectedIndex>
    </control>
    <control controlID="8DA8A998-1F12-476A-A2C4-2124F2446475" controlTypeID="Label" x="158" y="43" w="45" h="17" zOrder="4">
      <font family="Arial" displayName="Arial" postScript="" weightStyle="Standaard" weight="400" isBold="False" isItalic="False"/>
      <text>2+items</text>
      <textColor>4288256409</textColor>
      <textVAlign>VaTop</textVAlign>
      <lineSpacing>0</lineSpacing>
      <useDefaultTextSize>False</useDefaultTextSize>
      <selectedIndex>-1</selectedIndex>
    </control>
    <control controlID="4F85EEC0-09B8-49C6-944A-A68CE7704606" controlTypeID="__group__" x="103" y="73" w="162" h="34" zOrder="5">
      <links eventType="AtClick" animate="AmNone" animateAutoDelay="0" animateDuration="500">
        <link targetPageID="25C21F01-276C-498C-A495-433F3CF20C80" linkType="ltPageLink" isApplyIncludePage="False" title="Add+problem">
          <area shape="0" alt="" ID="{296E7F06-EA81-46B1-9383-3FCD3C3AD856}" coords="(0,0,162,34)"/>
        </link>
      </links>
      <groupChildrenDescriptors>
        <control controlID="DEE955D8-585A-4DC8-8B63-A27B2EC05517" controlTypeID="Button" x="0" y="0" w="162" h="34" zOrder="0">
          <borderColor>4293190884</borderColor>
          <font family="Arial" displayName="Arial" postScript="" weightStyle="Standaard" weight="400" isBold="False" isItalic="False"/>
          <text>++++Add+post</text>
          <textColor>4279673312</textColor>
          <textSize>16</textSize>
          <lineSpacing>0</lineSpacing>
          <useDefaultTextSize>False</useDefaultTextSize>
          <selectedIndex>-1</selectedIndex>
        </control>
        <control controlID="B6112706-14AD-4B9A-8EDD-29FF50C5DBE0" controlTypeID="Icon" x="24" y="9" w="15" h="15" zOrder="1">
          <color>4279673312</color>
          <icon>
            <ID/>
            <iconFontName>jdIonicons</iconFontName>
            <iconCode>62601</iconCode>
          </icon>
          <URL>684CEEAB35D8E73FB7B429D4451E5C83.svg</URL>
        </control>
      </groupChildrenDescriptors>
    </control>
    <control controlID="9C37591F-AA74-4092-A68B-847386BF2853" controlTypeID="Line" x="23" y="190" w="352" h="1" zOrder="6">
      <color>4293190884</color>
      <font family="Arial" displayName="Arial" postScript="" weightStyle="Standaard" weight="400" isBold="False" isItalic="False"/>
      <textSize>14</textSize>
      <lineSpacing>0</lineSpacing>
      <selectedIndex>-1</selectedIndex>
      <controlPoint>(176,0)</controlPoint>
      <startPoint>(0,0)</startPoint>
      <endPoint>(352,0)</endPoint>
    </control>
    <control controlID="81E14581-A123-401C-9C90-72294158D924" controlTypeID="Line" x="23" y="237" w="352" h="1" zOrder="7">
      <color>4293190884</color>
      <font family="Arial" displayName="Arial" postScript="" weightStyle="Standaard" weight="400" isBold="False" isItalic="False"/>
      <textSize>14</textSize>
      <lineSpacing>0</lineSpacing>
      <selectedIndex>-1</selectedIndex>
      <controlPoint>(176,0)</controlPoint>
      <startPoint>(0,0)</startPoint>
      <endPoint>(352,0)</endPoint>
    </control>
    <control controlID="C8F0E14F-0001-4611-A602-5D17AF273E1C" controlTypeID="Shape" x="20" y="143" w="214" h="48" zOrder="8">
      <links eventType="AtClick" animate="AmNone" animateAutoDelay="0" animateDuration="500">
        <link targetPageID="B8E7BDC5-0112-428D-9472-0CA3AC0B0148" linkType="ltPageLink" isApplyIncludePage="False" title="View+Post">
          <area shape="0" alt="" ID="{C7083D2C-66D7-40D6-B377-299F8C6C861C}" coords="(0,0,214,48)"/>
        </link>
      </links>
      <font family="Arial" displayName="Arial" postScript="" weightStyle="Standaard" weight="400" isBold="False" isItalic="False"/>
      <textSize>14</textSize>
      <selectedIndex>-1</selectedIndex>
    </control>
    <control controlID="0E878606-668A-402D-A897-450D20749BFA" controlTypeID="Label" x="23" y="156" w="42" h="19" zOrder="9">
      <links eventType="AtClick" animate="AmNone" animateAutoDelay="0" animateDuration="500">
        <link targetPageID="B8E7BDC5-0112-428D-9472-0CA3AC0B0148" linkType="ltPageLink" isApplyIncludePage="False" title="View+Post">
          <area shape="0" alt="" ID="{84ACCA26-3DCB-4596-B0E3-D1D73266602F}" coords="(0,0,42,19)"/>
        </link>
      </links>
      <font family="Arial" displayName="Arial" postScript="" weightStyle="Standaard" weight="400" isBold="False" isItalic="False"/>
      <text>Post+1</text>
      <textSize>16</textSize>
      <textVAlign>VaTop</textVAlign>
      <lineSpacing>0</lineSpacing>
      <useDefaultTextSize>False</useDefaultTextSize>
      <selectedIndex>-1</selectedIndex>
    </control>
    <control controlID="832E62BC-F703-4EBE-86C6-D1C1E7A5558E" controlTypeID="Shape" x="20" y="188" w="214" h="48" zOrder="10">
      <links eventType="AtClick" animate="AmNone" animateAutoDelay="0" animateDuration="500">
        <link targetPageID="B8E7BDC5-0112-428D-9472-0CA3AC0B0148" linkType="ltPageLink" isApplyIncludePage="False" title="View+Post">
          <area shape="0" alt="" ID="{C7083D2C-66D7-40D6-B377-299F8C6C861C}" coords="(0,0,214,48)"/>
        </link>
      </links>
      <font family="Arial" displayName="Arial" postScript="" weightStyle="Standaard" weight="400" isBold="False" isItalic="False"/>
      <textSize>14</textSize>
      <selectedIndex>-1</selectedIndex>
    </control>
    <control controlID="E5723D3F-8724-4145-AC39-1706AE1B96CA" controlTypeID="Label" x="23" y="203" w="45" h="19" zOrder="11">
      <links eventType="AtClick" animate="AmNone" animateAutoDelay="0" animateDuration="500">
        <link targetPageID="B8E7BDC5-0112-428D-9472-0CA3AC0B0148" linkType="ltPageLink" isApplyIncludePage="False" title="View+Post">
          <area shape="0" alt="" ID="{4DCABCCF-2CD2-45DE-A562-F74ACA7B4A30}" coords="(0,0,45,19)"/>
        </link>
      </links>
      <font family="Arial" displayName="Arial" postScript="" weightStyle="Standaard" weight="400" isBold="False" isItalic="False"/>
      <text>Post+2</text>
      <textSize>16</textSize>
      <textVAlign>VaTop</textVAlign>
      <lineSpacing>0</lineSpacing>
      <useDefaultTextSize>False</useDefaultTextSize>
      <selectedIndex>-1</selectedIndex>
    </control>
    <control controlID="175BC07A-201E-4480-8FB5-D2A97CEFC7EF" controlTypeID="Shape" x="0" y="618" w="375" h="49" zOrder="12">
      <color>4294440951</color>
      <borderColor>4291611852</borderColor>
      <font family="Arial" displayName="Arial" postScript="" weightStyle="Standaard" weight="400" isBold="False" isItalic="False"/>
      <textColor>4279673312</textColor>
      <textSize>16</textSize>
      <useDefaultTextSize>False</useDefaultTextSize>
      <selectedIndex>-1</selectedIndex>
      <borderMode>[bmTop,bmBottom]</borderMode>
    </control>
    <control controlID="BB5789B6-2F9A-4668-AF5E-04C60A837EAF" controlTypeID="__group__" x="26" y="619" w="38" h="44" zOrder="13">
      <groupChildrenDescriptors>
        <control controlID="DB62D386-0E5E-4AD1-A9C6-1A26166D5F6A" controlTypeID="Image" x="0" y="0" w="38" h="34" zOrder="0">
          <URL>8705F41D24C70D2BE5F8C85DF26742E0.png</URL>
        </control>
        <control controlID="2D84B046-826B-4022-83BA-1C27DABBD8CC" controlTypeID="Label" x="6" y="32" w="20" h="12" zOrder="1">
          <font family="Arial" displayName="Arial" postScript="" weightStyle="Standaard" weight="400" isBold="False" isItalic="False"/>
          <text>Lists</text>
          <textColor>4279673312</textColor>
          <textSize>10</textSize>
          <textVAlign>VaTop</textVAlign>
          <lineSpacing>0</lineSpacing>
          <useDefaultTextSize>False</useDefaultTextSize>
          <selectedIndex>-1</selectedIndex>
        </control>
      </groupChildrenDescriptors>
    </control>
    <control controlID="731EAE16-DC8D-4564-81AB-37944D7DE5ED" controlTypeID="IconLabel2" x="162" y="623" w="37" h="40" zOrder="14">
      <links eventType="AtClick" animate="AmNone" animateAutoDelay="0" animateDuration="500">
        <link targetPageID="ADABD2F4-7944-423C-A28A-E7505F4E0D3E" linkType="ltPageLink" isApplyIncludePage="False" title="Recipes">
          <area shape="0" alt="" ID="{193033F6-766D-467F-B7EB-53F2BFD4E266}" coords="(0,0,37,40)"/>
        </link>
      </links>
      <groupChildrenDescriptors>
        <control controlID="1D9A218E-2C78-4B30-B669-3F725A4F28C8" controlTypeID="Shape" x="6" y="0" w="24" h="24" zOrder="0">
          <canMove>False</canMove>
          <alias>shape</alias>
          <font family="Arial" displayName="Arial" postScript="" weightStyle="Standaard" weight="400" isBold="False" isItalic="False"/>
          <textSize>14</textSize>
          <selectedIndex>-1</selectedIndex>
        </control>
        <control controlID="C989743D-DDAD-4E3D-9309-09881CBE609F" controlTypeID="Icon" x="6" y="0" w="24" h="24" zOrder="1">
          <color>4288917945</color>
          <canMove>False</canMove>
          <alias>icon</alias>
          <icon>
            <ID/>
            <iconFontName>jdIonicons</iconFontName>
            <iconCode>62299</iconCode>
          </icon>
          <URL>807B9BF23EE1023139B925F62B0D2029.svg</URL>
        </control>
        <control controlID="FE835CB6-D0C7-46FE-A534-A7ABC514A8F0" controlTypeID="Label" x="2" y="28" w="33" h="12" zOrder="2">
          <canMove>False</canMove>
          <alias>label</alias>
          <font family="Arial" displayName="Arial" postScript="" weightStyle="Standaard" weight="400" isBold="False" isItalic="False"/>
          <text>Explore</text>
          <textColor>4288917945</textColor>
          <textSize>10</textSize>
          <textAlign>HaCenter</textAlign>
          <textVAlign>VaTop</textVAlign>
          <lineSpacing>0</lineSpacing>
          <useDefaultTextSize>False</useDefaultTextSize>
          <selectedIndex>-1</selectedIndex>
        </control>
        <control controlID="CA63B566-AFDC-4B11-B9D1-743FED64384E" controlTypeID="Shape" x="24" y="0" w="13" h="12" zOrder="3">
          <color>4294901760</color>
          <borderVisible>False</borderVisible>
          <canMove>False</canMove>
          <alias>alarm</alias>
          <font family="Arial" displayName="Arial" postScript="" weightStyle="Standaard" weight="400" isBold="False" isItalic="False"/>
          <text>2</text>
          <textColor>4294967295</textColor>
          <textSize>7</textSize>
          <selectedIndex>-1</selectedIndex>
          <radius>100</radius>
          <radiusIsPercent>True</radiusIsPercent>
        </control>
      </groupChildrenDescriptors>
    </control>
    <control controlID="61AA1D3D-E0DB-4495-BA8E-07B5D5024AD5" controlTypeID="IconLabel2" x="298" y="623" w="40" h="40" zOrder="15">
      <links eventType="AtClick" animate="AmNone" animateAutoDelay="0" animateDuration="500">
        <link targetPageID="23A32FDF-A3FC-406B-822C-B3D29FA08195" linkType="ltPageLink" isApplyIncludePage="False" title="Settings">
          <area shape="0" alt="" ID="{193033F6-766D-467F-B7EB-53F2BFD4E266}" coords="(0,0,40,40)"/>
        </link>
      </links>
      <groupChildrenDescriptors>
        <control controlID="284D3328-B4FF-436B-B04F-1DA8856C9090" controlTypeID="Shape" x="8" y="0" w="24" h="24" zOrder="0">
          <canMove>False</canMove>
          <alias>shape</alias>
          <font family="Arial" displayName="Arial" postScript="" weightStyle="Standaard" weight="400" isBold="False" isItalic="False"/>
          <textSize>14</textSize>
          <selectedIndex>-1</selectedIndex>
        </control>
        <control controlID="6CCFE2E3-36EA-4C0A-AD04-D02F61306C89" controlTypeID="Icon" x="8" y="0" w="24" h="24" zOrder="1">
          <color>4288917945</color>
          <canMove>False</canMove>
          <alias>icon</alias>
          <icon>
            <ID/>
            <iconFontName>jdIonicons</iconFontName>
            <iconCode>62199</iconCode>
          </icon>
          <URL>DED0E6A8242D8DE296EBCBE2FFA15EDA.svg</URL>
        </control>
        <control controlID="823D5172-A00C-42B9-A28B-2414D2625FDB" controlTypeID="Label" x="2" y="28" w="36" h="12" zOrder="2">
          <canMove>False</canMove>
          <alias>label</alias>
          <font family="Arial" displayName="Arial" postScript="" weightStyle="Standaard" weight="400" isBold="False" isItalic="False"/>
          <text>Settings</text>
          <textColor>4288917945</textColor>
          <textSize>10</textSize>
          <textAlign>HaCenter</textAlign>
          <textVAlign>VaTop</textVAlign>
          <lineSpacing>0</lineSpacing>
          <useDefaultTextSize>False</useDefaultTextSize>
          <selectedIndex>-1</selectedIndex>
        </control>
        <control controlID="D83CDBD2-ACAB-4D81-8271-F54131521D3E" controlTypeID="Shape" x="27" y="0" w="13" h="12" zOrder="3">
          <color>4294901760</color>
          <borderVisible>False</borderVisible>
          <canMove>False</canMove>
          <alias>alarm</alias>
          <font family="Arial" displayName="Arial" postScript="" weightStyle="Standaard" weight="400" isBold="False" isItalic="False"/>
          <text>2</text>
          <textColor>4294967295</textColor>
          <textSize>7</textSize>
          <selectedIndex>-1</selectedIndex>
          <radius>100</radius>
          <radiusIsPercent>True</radiusIsPercent>
        </control>
      </groupChildrenDescriptors>
    </control>
    <control controlID="4AC0D7E7-CCC3-488E-94E5-7105F0909B6D" controlTypeID="__group__" x="234" y="143" w="71" h="48" zOrder="16">
      <interactiveData>
        <entry title="">
          <area shape="0" alt="" ID="{41DACEF5-836B-4AA4-B7FD-76F0CF3097EF}" coords="(0,0,71,48)"/>
          <events title="">
            <event eventType="atClick" isChecked="True">
              <behaviour title="" isChecked="True" isWait="False" isLoop="False" execMode="emParallel">
                <target targetID="14C55371-28B9-4AF6-BEF4-B5E238E48005" isChecked="True" isAutoRecovery="False" isLoop="False" execMode="emSequence">
                  <command name="Popup State Change" isChecked="True" descrition="">
                    <param name="AniInterpolation" value="0" varType="3" description=""/>
                    <param name="AniDuration" value="200" varType="3" description=""/>
                    <param name="AniAutoReverse" value="False" varType="11" description=""/>
                    <param name="AniLoop" value="False" varType="11" description=""/>
                    <param name="AniInterpolationTypeOut" value="False" varType="11" description=""/>
                    <param name="Delay" value="0" varType="3" description=""/>
                    <param name="Value" value="2" varType="3" description=""/>
                    <param name="AniType" value="0" varType="3" description=""/>
                  </command>
                </target>
              </behaviour>
            </event>
          </events>
        </entry>
      </interactiveData>
      <groupChildrenDescriptors>
        <control controlID="27D75241-68BE-4EF4-92C9-34A12D76A817" controlTypeID="Shape" x="0" y="0" w="71" h="48" zOrder="0">
          <color>4294769916</color>
          <borderColor>4293190884</borderColor>
          <font family="Arial" displayName="Arial" postScript="" weightStyle="Standaard" weight="400" isBold="False" isItalic="False"/>
          <textSize>14</textSize>
          <selectedIndex>-1</selectedIndex>
        </control>
        <control controlID="F47A5B05-8CA3-45D8-85C6-E2E4DDC50B57" controlTypeID="Icon" x="26" y="14" w="20" h="20" zOrder="1">
          <color>4279673312</color>
          <interactiveData>
            <entry title="">
              <area shape="0" alt="" ID="{2D012F2A-6D4C-454A-80B2-F6197FA55AFA}" coords="(0,0,20,20)"/>
              <events title="">
                <event eventType="atClick" isChecked="True">
                  <behaviour title="" isChecked="True" isWait="False" isLoop="False" execMode="emParallel">
                    <target targetID="14C55371-28B9-4AF6-BEF4-B5E238E48005" isChecked="True" isAutoRecovery="False" isLoop="False" execMode="emSequence">
                      <command name="Popup State Change" isChecked="True" descrition="">
                        <param name="AniInterpolation" value="0" varType="3" description=""/>
                        <param name="AniDuration" value="200" varType="3" description=""/>
                        <param name="AniAutoReverse" value="False" varType="11" description=""/>
                        <param name="AniLoop" value="False" varType="11" description=""/>
                        <param name="AniInterpolationTypeOut" value="False" varType="11" description=""/>
                        <param name="Delay" value="0" varType="3" description=""/>
                        <param name="Value" value="2" varType="3" description=""/>
                        <param name="AniType" value="0" varType="3" description=""/>
                      </command>
                    </target>
                  </behaviour>
                </event>
              </events>
            </entry>
          </interactiveData>
          <icon>
            <ID/>
            <iconFontName>jdIonicons</iconFontName>
            <iconCode>62335</iconCode>
          </icon>
          <URL>51ED992D000055983D8B8802C65E2870.svg</URL>
        </control>
      </groupChildrenDescriptors>
    </control>
    <control controlID="7B82CDCB-939D-4020-8F0B-0043236726E5" controlTypeID="__group__" x="234" y="189" w="71" h="48" zOrder="17">
      <interactiveData>
        <entry title="">
          <area shape="0" alt="" ID="{6C6D568B-9FE0-4813-BDBA-51C2B5C5EFA0}" coords="(0,0,71,48)"/>
          <events title="">
            <event eventType="atClick" isChecked="True">
              <behaviour title="" isChecked="True" isWait="False" isLoop="False" execMode="emParallel">
                <target targetID="14C55371-28B9-4AF6-BEF4-B5E238E48005" isChecked="True" isAutoRecovery="False" isLoop="False" execMode="emSequence">
                  <command name="Popup State Change" isChecked="True" descrition="">
                    <param name="AniInterpolation" value="0" varType="3" description=""/>
                    <param name="AniDuration" value="200" varType="3" description=""/>
                    <param name="AniAutoReverse" value="False" varType="11" description=""/>
                    <param name="AniLoop" value="False" varType="11" description=""/>
                    <param name="AniInterpolationTypeOut" value="False" varType="11" description=""/>
                    <param name="Delay" value="0" varType="3" description=""/>
                    <param name="Value" value="2" varType="3" description=""/>
                    <param name="AniType" value="0" varType="3" description=""/>
                  </command>
                </target>
              </behaviour>
            </event>
          </events>
        </entry>
      </interactiveData>
      <groupChildrenDescriptors>
        <control controlID="1BA69D3C-FC09-4F56-8FAD-A33D3BB493D7" controlTypeID="Shape" x="0" y="0" w="71" h="48" zOrder="0">
          <color>4294769916</color>
          <borderColor>4293190884</borderColor>
          <font family="Arial" displayName="Arial" postScript="" weightStyle="Standaard" weight="400" isBold="False" isItalic="False"/>
          <textSize>14</textSize>
          <selectedIndex>-1</selectedIndex>
        </control>
        <control controlID="F3C26A1E-6DD4-46B8-A5F7-079EADDE5938" controlTypeID="Icon" x="26" y="14" w="20" h="20" zOrder="1">
          <color>4279673312</color>
          <interactiveData>
            <entry title="">
              <area shape="0" alt="" ID="{ACB1B071-6F83-4A2E-A54F-180AAD65BAB3}" coords="(0,0,20,20)"/>
              <events title="">
                <event eventType="atClick" isChecked="True">
                  <behaviour title="" isChecked="True" isWait="False" isLoop="False" execMode="emParallel">
                    <target targetID="14C55371-28B9-4AF6-BEF4-B5E238E48005" isChecked="True" isAutoRecovery="False" isLoop="False" execMode="emSequence">
                      <command name="Popup State Change" isChecked="True" descrition="">
                        <param name="AniInterpolation" value="0" varType="3" description=""/>
                        <param name="AniDuration" value="200" varType="3" description=""/>
                        <param name="AniAutoReverse" value="False" varType="11" description=""/>
                        <param name="AniLoop" value="False" varType="11" description=""/>
                        <param name="AniInterpolationTypeOut" value="False" varType="11" description=""/>
                        <param name="Delay" value="0" varType="3" description=""/>
                        <param name="Value" value="2" varType="3" description=""/>
                        <param name="AniType" value="0" varType="3" description=""/>
                      </command>
                    </target>
                  </behaviour>
                </event>
              </events>
            </entry>
          </interactiveData>
          <icon>
            <ID/>
            <iconFontName>jdIonicons</iconFontName>
            <iconCode>62335</iconCode>
          </icon>
          <URL>51ED992D000055983D8B8802C65E2870.svg</URL>
        </control>
      </groupChildrenDescriptors>
    </control>
    <control controlID="BDADE6B6-1F85-49A1-82FF-5A95FBB3D1BA" controlTypeID="__group__" x="304" y="143" w="71" h="48" zOrder="18">
      <links eventType="AtClick" animate="AmNone" animateAutoDelay="0" animateDuration="500">
        <link targetPageID="EA76D640-C778-41CF-A672-07D279F8E670" linkType="ltPageLink" isApplyIncludePage="False" title="Edit+problem">
          <area shape="0" alt="" ID="{C4B0D198-473F-4E01-A667-A766C6F2E4C3}" coords="(0,0,71,48)"/>
        </link>
      </links>
      <groupChildrenDescriptors>
        <control controlID="965D8471-D567-4A94-92E3-9C739C98B5F1" controlTypeID="Shape" x="0" y="0" w="71" h="48" zOrder="0">
          <color>4294769916</color>
          <borderColor>4293190884</borderColor>
          <font family="Arial" displayName="Arial" postScript="" weightStyle="Standaard" weight="400" isBold="False" isItalic="False"/>
          <textSize>14</textSize>
          <selectedIndex>-1</selectedIndex>
        </control>
        <control controlID="781F58E6-3919-4CBA-898B-43A31F1A3720" controlTypeID="Icon" x="26" y="14" w="20" h="20" zOrder="1">
          <color>4279673312</color>
          <icon>
            <ID/>
            <iconFontName>jdIonicons</iconFontName>
            <iconCode>62334</iconCode>
          </icon>
          <URL>69A4D1E5CE13432C6A4F579026917C6A.svg</URL>
        </control>
      </groupChildrenDescriptors>
    </control>
    <control controlID="7992BBCA-B109-40B0-8332-8ACB2F091966" controlTypeID="__group__" x="304" y="189" w="71" h="47" zOrder="19">
      <links eventType="AtClick" animate="AmNone" animateAutoDelay="0" animateDuration="500">
        <link targetPageID="EA76D640-C778-41CF-A672-07D279F8E670" linkType="ltPageLink" isApplyIncludePage="False" title="Edit+problem">
          <area shape="0" alt="" ID="{2135397D-118F-4DF2-B4A9-0CA3CB4970FD}" coords="(0,0,71,47)"/>
        </link>
      </links>
      <groupChildrenDescriptors>
        <control controlID="E98B1C8A-75CD-4651-A9F8-66E515F046F8" controlTypeID="Shape" x="0" y="0" w="71" h="47" zOrder="0">
          <color>4294769916</color>
          <borderColor>4293190884</borderColor>
          <font family="Arial" displayName="Arial" postScript="" weightStyle="Standaard" weight="400" isBold="False" isItalic="False"/>
          <textSize>14</textSize>
          <selectedIndex>-1</selectedIndex>
        </control>
        <control controlID="0293E1B8-9C48-4672-BD6C-6098CE3E9A97" controlTypeID="Icon" x="26" y="14" w="20" h="20" zOrder="1">
          <color>4279673312</color>
          <icon>
            <ID/>
            <iconFontName>jdIonicons</iconFontName>
            <iconCode>62334</iconCode>
          </icon>
          <URL>69A4D1E5CE13432C6A4F579026917C6A.svg</URL>
        </control>
      </groupChildrenDescriptors>
    </control>
    <control controlID="013280AF-488C-4046-978F-00637F7FDC5F" controlTypeID="StatusBar(Android)" x="0" y="0" w="375" h="20" zOrder="20"/>
    <control controlID="14C55371-28B9-4AF6-BEF4-B5E238E48005" controlTypeID="AlertWindow" x="420" y="119" w="46" h="46" zOrder="21">
      <groupChildrenDescriptors>
        <control controlID="8730560D-9C99-4632-9253-9148E699EB03" controlTypeID="Panel" x="0" y="0" w="375" h="667" zOrder="0">
          <locked>True</locked>
          <color>1879048192</color>
          <borderVisible>False</borderVisible>
          <canMove>False</canMove>
          <alias>background</alias>
          <groupChildrenDescriptors>
            <control controlID="8F63EE3E-373F-4A9F-B987-984E1AC47CF4" controlTypeID="Border" x="0" y="0" w="375" h="667" zOrder="0">
              <borderVisible>False</borderVisible>
              <alias>borderLayer</alias>
            </control>
          </groupChildrenDescriptors>
          <thinkness>1</thinkness>
        </control>
        <control controlID="A5FFD6B2-C979-4399-B1C1-063945B58CFB" controlTypeID="PopupPanelContent" x="63" y="129" w="250" h="162" zOrder="1">
          <color>16777215</color>
          <alias>content</alias>
          <groupChildrenDescriptors>
            <control controlID="A9371450-12F3-43FE-A23B-4781FB3C5CB6" controlTypeID="Alert" x="0" y="0" w="250" h="162" zOrder="0">
              <alias>alert</alias>
              <links eventType="AtClick" animate="AmNone" animateAutoDelay="0" animateDuration="500">
                <link targetPageID="7CA04D08-6E6C-435D-8BBB-D9F34A54E4D8" linkType="ltPageLink" isApplyIncludePage="False" title="No">
                  <area shape="0" alt="" ID="{9AD11ACE-4247-485D-AE91-30F156C48BD1}" coords="(4.5,126.5,120.5,157.5)"/>
                </link>
                <link targetPageID="7CA04D08-6E6C-435D-8BBB-D9F34A54E4D8" linkType="ltPageLink" isApplyIncludePage="False" title="Yes">
                  <area shape="0" alt="" ID="{82615A3E-8495-418C-8D20-DF2AB9D2F5DE}" coords="(129.5,126.5,245.5,157.5)"/>
                </link>
              </links>
              <font family="Arial" displayName="Arial" postScript="" weightStyle="Standaard" weight="400" isBold="False" isItalic="False"/>
              <text>Alert%0D%0AAre+you+sure+you+want+to+delete+this+post%3F+%0D%0ANo%2CYes</text>
              <textSize>14</textSize>
              <lineSpacing>0</lineSpacing>
            </control>
          </groupChildrenDescriptors>
        </control>
      </groupChildrenDescriptors>
    </control>
  </controls>
  <param>
    <backgroundColor>4294967295</backgroundColor>
    <fontSize>0</fontSize>
    <fontFamily>Arial</fontFamily>
    <guideLines/>
  </param>
</mockup>