﻿<mockup version="5.3" minAllowVersion="5.3" ID="7E574E4F-8F50-44F6-9B89-CF090A494B2C" platform="MtMobile" defaultW="375" defaultH="667" screenOrientation="MoPortrait" mobileScreenScale="1.77777779102325" measureW="375" measureH="667" clipArea="(0,0,0,0)">
  <controls controlCount="25">
    <control controlID="56A3EBDB-F954-426E-920E-3314405CF62E" controlTypeID="Shape" x="0" y="20" w="375" h="46" zOrder="0">
      <color>4294506744</color>
      <borderColor>4291611852</borderColor>
      <font family="Arial" displayName="Arial_%26_Bold" postScript="" weightStyle="Bold" weight="700" isBold="True" isItalic="False"/>
      <textSize>14</textSize>
      <textStyles>[fsBold]</textStyles>
      <selectedIndex>-1</selectedIndex>
      <borderMode>[bmBottom]</borderMode>
    </control>
    <control controlID="5EBBC1A4-3C86-417A-A833-5D7B6067E555" controlTypeID="Image" x="34" y="84" w="307" h="133" zOrder="1">
      <URL>A0CD77E23211AC73E8A847ED3498F68A.jpg</URL>
    </control>
    <control controlID="AB238925-D0B4-4427-AEAD-B92B2AA41E8A" controlTypeID="ScopeBar" x="20" y="240" w="335" h="42" zOrder="2">
      <color>16777215</color>
      <links eventType="AtClick" animate="AmNone" animateAutoDelay="0" animateDuration="500">
        <link targetPageID="01E91AD8-2213-4F6E-99B7-A919BBE3C326" linkType="ltPageLink" isApplyIncludePage="False" title="Create+Account">
          <area shape="0" alt="" ID="{E460D8A7-BE96-4CF0-AF65-A96A0A0A1A79}" coords="(0,0,167,42)"/>
        </link>
        <link targetPageID="" linkType="ltPageLink" isApplyIncludePage="False" title="Sign+In">
          <area shape="0" alt="" ID="{6FBADF68-A737-4755-80E7-EF995B39FFCC}" coords="(167,0,334,42)"/>
        </link>
      </links>
      <font family="Arial" displayName="Arial" postScript="" weightStyle="Standaard" weight="400" isBold="False" isItalic="False" useDefaultFontFamily="False"/>
      <text>Create+Account%2CSign+In</text>
      <lineSpacing>0</lineSpacing>
      <selectedIndex>1</selectedIndex>
      <selectedColor>4279673312</selectedColor>
      <selectedTextColor>4294967295</selectedTextColor>
    </control>
    <control controlID="A2CEB507-25A8-4714-B97B-85BD98F646C4" controlTypeID="Shape" x="-1" y="330" w="375" h="91" zOrder="3">
      <borderColor>4293190884</borderColor>
      <font family="Arial" displayName="Arial" postScript="" weightStyle="Standaard" weight="400" isBold="False" isItalic="False"/>
      <textSize>14</textSize>
      <selectedIndex>-1</selectedIndex>
      <borderMode>[bmTop,bmBottom]</borderMode>
    </control>
    <control controlID="199547EC-4575-4642-AE8B-15640845B64F" controlTypeID="Shape" x="0" y="432" w="375" h="42" zOrder="4">
      <borderColor>4293190884</borderColor>
      <links eventType="AtClick" animate="AmNone" animateAutoDelay="0" animateDuration="500">
        <link targetPageID="9C029B47-B162-4D46-9BD5-0299F0D4E449" linkType="ltPageLink" isApplyIncludePage="False" title="Lists">
          <area shape="0" alt="" ID="{2D73C664-D9BD-46F7-AB3D-ABBCAE4C311D}" coords="(0,0,375,42)"/>
        </link>
      </links>
      <font family="Arial" displayName="Arial" postScript="" weightStyle="Standaard" weight="400" isBold="False" isItalic="False"/>
      <text>Sign+In+with+CityWatch+Account</text>
      <textColor>4279673312</textColor>
      <textSize>15</textSize>
      <useDefaultTextSize>False</useDefaultTextSize>
      <selectedIndex>-1</selectedIndex>
      <borderMode>[bmTop,bmBottom]</borderMode>
    </control>
    <control controlID="E8822945-B8D0-4112-AC08-F56C09B6FADE" controlTypeID="Shape" x="0" y="485" w="375" h="42" zOrder="5">
      <borderColor>4293190884</borderColor>
      <interactiveData>
        <entry title="">
          <area shape="0" alt="" ID="{E7B38461-122C-4738-BC47-6712DC1E2228}" coords="(0,0,375,42)"/>
          <events title="">
            <event eventType="atClick" isChecked="True">
              <behaviour title="" isChecked="True" isWait="False" isLoop="False" execMode="emParallel">
                <target targetID="A584682D-C3B4-4FA5-ACAB-1007A1212619" isChecked="True" isAutoRecovery="False" isLoop="False" execMode="emSequence">
                  <command name="Popup State Change" isChecked="True" descrition="">
                    <param name="AniInterpolation" value="0" varType="3" description=""/>
                    <param name="AniDuration" value="200" varType="3" description=""/>
                    <param name="AniAutoReverse" value="False" varType="11" description=""/>
                    <param name="AniLoop" value="False" varType="11" description=""/>
                    <param name="AniInterpolationTypeOut" value="False" varType="11" description=""/>
                    <param name="Delay" value="0" varType="3" description=""/>
                    <param name="Value" value="2" varType="3" description=""/>
                    <param name="AniType" value="0" varType="3" description=""/>
                  </command>
                </target>
              </behaviour>
            </event>
          </events>
        </entry>
      </interactiveData>
      <font family="Arial" displayName="Arial" postScript="" weightStyle="Standaard" weight="400" isBold="False" isItalic="False"/>
      <text>Forgot+Password%3F</text>
      <textColor>4279673312</textColor>
      <textSize>15</textSize>
      <useDefaultTextSize>False</useDefaultTextSize>
      <selectedIndex>-1</selectedIndex>
      <borderMode>[bmTop,bmBottom]</borderMode>
    </control>
    <control controlID="25630176-B08C-4D8B-8B16-6764346F551E" controlTypeID="Shape" x="0" y="589" w="375" h="42" zOrder="6">
      <borderColor>4293190884</borderColor>
      <font family="Arial" displayName="Arial" postScript="" weightStyle="Standaard" weight="400" isBold="False" isItalic="False"/>
      <text>+++Sign+In+with+Facebook</text>
      <textColor>4282079640</textColor>
      <textSize>15</textSize>
      <useDefaultTextSize>False</useDefaultTextSize>
      <selectedIndex>-1</selectedIndex>
      <borderMode>[bmTop,bmBottom]</borderMode>
    </control>
    <control controlID="FE93BF68-DB61-44EE-910D-91C7A8C36AE9" controlTypeID="Line" x="12" y="376" w="362" h="1" zOrder="7">
      <color>4293190884</color>
      <font family="Arial" displayName="Arial" postScript="" weightStyle="Standaard" weight="400" isBold="False" isItalic="False"/>
      <textSize>14</textSize>
      <lineSpacing>0</lineSpacing>
      <selectedIndex>-1</selectedIndex>
      <controlPoint>(181,0)</controlPoint>
      <startPoint>(0,0)</startPoint>
      <endPoint>(362,0)</endPoint>
    </control>
    <control controlID="358929D8-A6F3-47B0-81CB-76C441948B23" controlTypeID="TextInput" x="11" y="333" w="363" h="42" zOrder="8">
      <borderVisible>False</borderVisible>
      <font family="Arial" displayName="Arial" postScript="" weightStyle="Standaard" weight="400" isBold="False" isItalic="False"/>
      <lineSpacing>0</lineSpacing>
      <selectedIndex>-1</selectedIndex>
      <placeHolder>Email</placeHolder>
    </control>
    <control controlID="D6A5309E-D946-41D4-9321-B322395BF006" controlTypeID="TextInput" x="9" y="377" w="363" h="42" zOrder="9">
      <borderVisible>False</borderVisible>
      <font family="Arial" displayName="Arial" postScript="" weightStyle="Standaard" weight="400" isBold="False" isItalic="False"/>
      <lineSpacing>0</lineSpacing>
      <selectedIndex>-1</selectedIndex>
      <placeHolder>Password</placeHolder>
    </control>
    <control controlID="421B94AC-6862-434C-B848-0D53AD8A5B07" controlTypeID="Line" x="0" y="561" w="171" h="1" zOrder="10">
      <color>4291611852</color>
      <font family="Arial" displayName="Arial" postScript="" weightStyle="Standaard" weight="400" isBold="False" isItalic="False"/>
      <textSize>14</textSize>
      <lineSpacing>0</lineSpacing>
      <selectedIndex>-1</selectedIndex>
      <controlPoint>(86,0)</controlPoint>
      <startPoint>(0,0)</startPoint>
      <endPoint>(171,0)</endPoint>
    </control>
    <control controlID="EE65158D-E10A-48E2-8064-EA912034D5CD" controlTypeID="Line" x="203" y="561" w="171" h="1" zOrder="11">
      <color>4291611852</color>
      <font family="Arial" displayName="Arial" postScript="" weightStyle="Standaard" weight="400" isBold="False" isItalic="False"/>
      <textSize>14</textSize>
      <lineSpacing>0</lineSpacing>
      <selectedIndex>-1</selectedIndex>
      <controlPoint>(86,0)</controlPoint>
      <startPoint>(0,0)</startPoint>
      <endPoint>(171,0)</endPoint>
    </control>
    <control controlID="4DE5F2CD-5D2E-4E16-834D-0F7460EA7E1C" controlTypeID="Label" x="178" y="551" w="13" h="17" zOrder="12">
      <font family="Arial" displayName="Arial" postScript="" weightStyle="Standaard" weight="400" isBold="False" isItalic="False"/>
      <text>or</text>
      <textColor>4288256409</textColor>
      <textVAlign>VaTop</textVAlign>
      <lineSpacing>0</lineSpacing>
      <selectedIndex>-1</selectedIndex>
    </control>
    <control controlID="2CC3C541-115D-48AF-A1FC-79090DA6C67E" controlTypeID="Icon" x="76" y="596" w="27" h="27" zOrder="13">
      <color>4282079640</color>
      <icon>
        <ID/>
        <iconFontName>jdFontAwesome</iconFontName>
        <iconCode>62000</iconCode>
      </icon>
      <URL>3FE208D35395AF97638B5CE09975FF47.svg</URL>
    </control>
    <control controlID="AA09348E-2C0C-406D-AE53-90A3AB088EEE" controlTypeID="StatusBar(Android)" x="0" y="0" w="375" h="20" zOrder="14"/>
    <control controlID="EC2DB2B3-5B61-473C-80AD-89FAB0282EB7" controlTypeID="Label" x="108" y="20" w="161" h="37" zOrder="15">
      <font family="Arial" displayName="Arial_%26_Bold+Italic" postScript="" weightStyle="Bold+Italic" weight="700" isBold="True" isItalic="True"/>
      <text>CityWatch</text>
      <textColor>4279673312</textColor>
      <textSize>32</textSize>
      <lineSpacing>0</lineSpacing>
      <textStyles>[fsBold,fsItalic]</textStyles>
      <useDefaultTextSize>False</useDefaultTextSize>
      <selectedIndex>-1</selectedIndex>
    </control>
    <control controlID="A584682D-C3B4-4FA5-ACAB-1007A1212619" controlTypeID="PopupPanel" x="460" y="95" w="46" h="46" zOrder="16">
      <groupChildrenDescriptors>
        <control controlID="D2DC86D7-25FF-40FF-906C-F93145BA8A9F" controlTypeID="Panel" x="0" y="0" w="375" h="667" zOrder="0">
          <locked>True</locked>
          <color>1879048192</color>
          <borderVisible>False</borderVisible>
          <canMove>False</canMove>
          <alias>background</alias>
          <groupChildrenDescriptors>
            <control controlID="474DE0DC-41BE-41B1-B543-FB2540EBD1F4" controlTypeID="Border" x="0" y="0" w="375" h="667" zOrder="0">
              <borderVisible>False</borderVisible>
              <alias>borderLayer</alias>
            </control>
          </groupChildrenDescriptors>
          <thinkness>1</thinkness>
        </control>
        <control controlID="D14CB72B-73FB-4F19-A162-81C5E121A776" controlTypeID="PopupPanelContent" x="0" y="160" w="375" h="388" zOrder="1">
          <color>16777215</color>
          <alias>content</alias>
          <groupChildrenDescriptors>
            <control controlID="D42676D9-E054-4FD0-B424-DCC51F939E53" controlTypeID="TitleWindow" x="0" y="0" w="375" h="388" zOrder="0">
              <font family="Arial" displayName="Arial" postScript="" weightStyle="Standaard" weight="400" isBold="False" isItalic="False"/>
              <text>Forgot+your+password%3F</text>
              <textSize>14</textSize>
              <textVAlign>VaTop</textVAlign>
              <lineSpacing>0</lineSpacing>
              <selectedIndex>-1</selectedIndex>
            </control>
            <control controlID="9C365B35-FEAF-4F98-A913-76885AD3207A" controlTypeID="Label" x="10" y="47" w="337" h="14" zOrder="1">
              <font family="Arial" displayName="Arial" postScript="" weightStyle="Standaard" weight="400" isBold="False" isItalic="False"/>
              <text>Enter+your+email+address+below+and+we'll+get+you+back+on+track.</text>
              <textSize>12</textSize>
              <lineSpacing>0</lineSpacing>
              <useDefaultTextSize>False</useDefaultTextSize>
              <selectedIndex>-1</selectedIndex>
            </control>
            <control controlID="FFC3EA62-12BE-4F00-BB7E-DABFBB3F35A8" controlTypeID="TextInput" x="11" y="71" w="337" h="38" zOrder="2">
              <font family="Arial" displayName="Arial" postScript="" weightStyle="Standaard" weight="400" isBold="False" isItalic="False"/>
              <lineSpacing>0</lineSpacing>
              <selectedIndex>-1</selectedIndex>
              <placeHolder>Email</placeHolder>
            </control>
            <control controlID="C5F841E9-6C28-4ACE-B874-2FA6F4F361D8" controlTypeID="Button" x="83" y="149" w="190" h="74" zOrder="3">
              <color>4279673312</color>
              <borderVisible>False</borderVisible>
              <links eventType="AtClick" animate="AmNone" animateAutoDelay="0" animateDuration="500">
                <link targetPageID="7E574E4F-8F50-44F6-9B89-CF090A494B2C" linkType="ltPageLink" isApplyIncludePage="False" title="Sign+In">
                  <area shape="0" alt="" ID="{166972AC-7179-466D-BFE7-40A8D21F372A}" coords="(0,0,190,74)"/>
                </link>
              </links>
              <font family="Arial" displayName="Arial" postScript="" weightStyle="Standaard" weight="400" isBold="False" isItalic="False" useDefaultFontFamily="False"/>
              <text>SEND+ME+RESET+PASSWORD+INSTRUCTIONS</text>
              <textColor>4294967295</textColor>
              <textSize>12</textSize>
              <lineSpacing>0</lineSpacing>
              <selectedIndex>-1</selectedIndex>
            </control>
            <control controlID="EF67E7F9-CD19-489C-980F-631DFBEC1C78" controlTypeID="Label" x="132" y="241" w="92" h="17" zOrder="4">
              <links eventType="AtClick" animate="AmNone" animateAutoDelay="0" animateDuration="500">
                <link targetPageID="7E574E4F-8F50-44F6-9B89-CF090A494B2C" linkType="ltPageLink" isApplyIncludePage="False" title="Sign+In">
                  <area shape="0" alt="" ID="{ACB3D247-37C8-4275-B2D3-B0F2587A81E1}" coords="(0,0,92,17)"/>
                </link>
              </links>
              <font family="Arial" displayName="Arial" postScript="" weightStyle="Standaard" weight="400" isBold="False" isItalic="False" useDefaultFontFamily="False"/>
              <text>Back+to+Sign+in</text>
              <lineSpacing>0</lineSpacing>
              <useDefaultTextSize>False</useDefaultTextSize>
              <selectedIndex>-1</selectedIndex>
            </control>
          </groupChildrenDescriptors>
        </control>
      </groupChildrenDescriptors>
    </control>
  </controls>
  <param>
    <backgroundColor>4293914612</backgroundColor>
    <fontSize>14</fontSize>
    <fontFamily>Arial</fontFamily>
    <guideLines/>
  </param>
</mockup>