﻿<mockup version="5.3" minAllowVersion="5.3" ID="9C029B47-B162-4D46-9BD5-0299F0D4E449" platform="MtMobile" defaultW="375" defaultH="667" screenOrientation="MoPortrait" mobileScreenScale="1.77777779102325" measureW="375" measureH="667" clipArea="(0,0,0,0)">
  <controls controlCount="43">
    <control controlID="8C98F63D-9D6E-4640-9C1B-12B7A49768AB" controlTypeID="Shape" x="0" y="20" w="375" h="46" zOrder="0">
      <color>4294506744</color>
      <borderColor>4291611852</borderColor>
      <font family="Arial" displayName="Arial" postScript="" weightStyle="Standaard" weight="400" isBold="False" isItalic="False"/>
      <text>Lists</text>
      <textSize>16</textSize>
      <useDefaultTextSize>False</useDefaultTextSize>
      <selectedIndex>-1</selectedIndex>
      <borderMode>[bmBottom]</borderMode>
    </control>
    <control controlID="3BF1F055-F919-4215-88DD-DC569D919661" controlTypeID="Shape" x="0" y="100" w="304" h="49" zOrder="1">
      <borderColor>4293190884</borderColor>
      <links eventType="AtClick" animate="AmPushLeft" animateAutoDelay="0" animateDuration="500">
        <link targetPageID="7CA04D08-6E6C-435D-8BBB-D9F34A54E4D8" linkType="ltPageLink" isApplyIncludePage="False" title="My+Grocery+List">
          <area shape="0" alt="" ID="{2D73C664-D9BD-46F7-AB3D-ABBCAE4C311D}" coords="(0,0,304,49)"/>
        </link>
      </links>
      <font family="Arial" displayName="Arial" postScript="" weightStyle="Standaard" weight="400" isBold="False" isItalic="False"/>
      <textColor>4279673312</textColor>
      <textSize>15</textSize>
      <useDefaultTextSize>False</useDefaultTextSize>
      <selectedIndex>-1</selectedIndex>
      <borderMode>[bmTop,bmBottom]</borderMode>
    </control>
    <control controlID="16331029-5F2F-4684-947E-0313F7590E1F" controlTypeID="Shape" x="0" y="169" w="375" h="45" zOrder="2">
      <borderColor>4293190884</borderColor>
      <interactiveData>
        <entry title="">
          <area shape="0" alt="" ID="{52A9AD85-16AD-4143-BFD1-5725C283F6DF}" coords="(0,0,375,45)"/>
          <events title="">
            <event eventType="atClick" isChecked="True">
              <behaviour title="" isChecked="True" isWait="False" isLoop="False" execMode="emParallel">
                <target targetID="895C0A55-11B8-49D1-8322-C2DF94BB7FBA" isChecked="True" isAutoRecovery="False" isLoop="False" execMode="emSequence">
                  <command name="Popup State Change" isChecked="True" descrition="">
                    <param name="AniInterpolation" value="0" varType="3" description=""/>
                    <param name="AniDuration" value="200" varType="3" description=""/>
                    <param name="AniAutoReverse" value="False" varType="11" description=""/>
                    <param name="AniLoop" value="False" varType="11" description=""/>
                    <param name="AniInterpolationTypeOut" value="False" varType="11" description=""/>
                    <param name="Delay" value="0" varType="3" description=""/>
                    <param name="Value" value="2" varType="3" description=""/>
                    <param name="AniType" value="0" varType="3" description=""/>
                  </command>
                </target>
              </behaviour>
            </event>
          </events>
        </entry>
      </interactiveData>
      <font family="Arial" displayName="Arial" postScript="" weightStyle="Standaard" weight="400" isBold="False" isItalic="False"/>
      <text>Create+a+new+list</text>
      <textColor>4279673312</textColor>
      <textSize>16</textSize>
      <useDefaultTextSize>False</useDefaultTextSize>
      <selectedIndex>-1</selectedIndex>
      <borderMode>[bmTop,bmBottom]</borderMode>
    </control>
    <control controlID="B8935253-3047-47AC-B59B-57D9473C230B" controlTypeID="Shape" x="0" y="618" w="375" h="49" zOrder="3">
      <color>4294440951</color>
      <borderColor>4291611852</borderColor>
      <font family="Arial" displayName="Arial" postScript="" weightStyle="Standaard" weight="400" isBold="False" isItalic="False"/>
      <textColor>4279673312</textColor>
      <textSize>16</textSize>
      <useDefaultTextSize>False</useDefaultTextSize>
      <selectedIndex>-1</selectedIndex>
      <borderMode>[bmTop,bmBottom]</borderMode>
    </control>
    <control controlID="09F33C1A-89F8-4745-A528-9D9243173626" controlTypeID="Image" x="10" y="107" w="38" h="34" zOrder="4">
      <links eventType="AtClick" animate="AmNone" animateAutoDelay="0" animateDuration="500">
        <link targetPageID="7CA04D08-6E6C-435D-8BBB-D9F34A54E4D8" linkType="ltPageLink" isApplyIncludePage="False" title="My+Post+List">
          <area shape="0" alt="" ID="{452A3878-CFD5-4A2F-9296-1CEE5D314A7A}" coords="(0,0,38,34)"/>
        </link>
      </links>
      <URL>D9F8C6968CAE4A967322347C70101746.png</URL>
    </control>
    <control controlID="6D0BBE7C-7F7F-4E36-A56A-54BF1295AFB0" controlTypeID="Label" x="58" y="107" w="89" h="18" zOrder="5">
      <links eventType="AtClick" animate="AmNone" animateAutoDelay="0" animateDuration="500">
        <link targetPageID="7CA04D08-6E6C-435D-8BBB-D9F34A54E4D8" linkType="ltPageLink" isApplyIncludePage="False" title="My+Post+List">
          <area shape="0" alt="" ID="{E524E66E-BEBA-4249-B651-ACF68125C0BA}" coords="(0,0,89,18)"/>
        </link>
      </links>
      <font family="Arial" displayName="Arial" postScript="" weightStyle="Standaard" weight="400" isBold="False" isItalic="False"/>
      <text>My+Posts+List</text>
      <textSize>15</textSize>
      <textVAlign>VaTop</textVAlign>
      <lineSpacing>0</lineSpacing>
      <useDefaultTextSize>False</useDefaultTextSize>
      <selectedIndex>-1</selectedIndex>
    </control>
    <control controlID="734DD968-8349-4060-8080-C9956A132BFD" controlTypeID="Label" x="58" y="127" w="41" h="15" zOrder="6">
      <links eventType="AtClick" animate="AmNone" animateAutoDelay="0" animateDuration="500">
        <link targetPageID="7CA04D08-6E6C-435D-8BBB-D9F34A54E4D8" linkType="ltPageLink" isApplyIncludePage="False" title="My+Post+List">
          <area shape="0" alt="" ID="{F56BD301-4C1E-4A2A-A584-4D1BD9BAB699}" coords="(0,0,41,15)"/>
        </link>
      </links>
      <font family="Arial" displayName="Arial" postScript="" weightStyle="Standaard" weight="400" isBold="False" isItalic="False"/>
      <text>2+items</text>
      <textColor>4288256409</textColor>
      <textSize>13</textSize>
      <textVAlign>VaTop</textVAlign>
      <lineSpacing>0</lineSpacing>
      <useDefaultTextSize>False</useDefaultTextSize>
      <selectedIndex>-1</selectedIndex>
    </control>
    <control controlID="E93F71AD-C5CC-4266-88B4-F1A2C5BFB109" controlTypeID="__group__" x="304" y="100" w="71" h="49" zOrder="7">
      <interactiveData>
        <entry title="">
          <area shape="0" alt="" ID="{D2B29AAE-D105-46F6-9389-05725EF8C3CC}" coords="(0,0,71,49)"/>
          <events title="">
            <event eventType="atClick" isChecked="True">
              <behaviour title="" isChecked="True" isWait="False" isLoop="False" execMode="emParallel">
                <target targetID="F364042C-671D-4942-8166-085FCECA410E" isChecked="True" isAutoRecovery="False" isLoop="False" execMode="emSequence">
                  <command name="Popup State Change" isChecked="True" descrition="">
                    <param name="AniInterpolation" value="0" varType="3" description=""/>
                    <param name="AniDuration" value="200" varType="3" description=""/>
                    <param name="AniAutoReverse" value="False" varType="11" description=""/>
                    <param name="AniLoop" value="False" varType="11" description=""/>
                    <param name="AniInterpolationTypeOut" value="False" varType="11" description=""/>
                    <param name="Delay" value="0" varType="3" description=""/>
                    <param name="Value" value="2" varType="3" description=""/>
                    <param name="AniType" value="0" varType="3" description=""/>
                  </command>
                </target>
              </behaviour>
            </event>
          </events>
        </entry>
      </interactiveData>
      <groupChildrenDescriptors>
        <control controlID="2CA39230-4866-40E9-8416-E3C00FAEF258" controlTypeID="Shape" x="0" y="0" w="71" h="49" zOrder="0">
          <color>4294769916</color>
          <borderColor>4293190884</borderColor>
          <font family="Arial" displayName="Arial" postScript="" weightStyle="Standaard" weight="400" isBold="False" isItalic="False"/>
          <textSize>14</textSize>
          <selectedIndex>-1</selectedIndex>
        </control>
        <control controlID="B09CFDEA-9F16-4B84-BC66-9C45DB171BA1" controlTypeID="Icon" x="26" y="14" w="20" h="20" zOrder="1">
          <color>4279673312</color>
          <interactiveData>
            <entry title="">
              <area shape="0" alt="" ID="{30E6CB4B-9D09-4489-B527-C7FD5F12F99A}" coords="(0,0,20,20)"/>
              <events title="">
                <event eventType="atClick" isChecked="True">
                  <behaviour title="" isChecked="True" isWait="False" isLoop="False" execMode="emParallel">
                    <target targetID="F364042C-671D-4942-8166-085FCECA410E" isChecked="True" isAutoRecovery="False" isLoop="False" execMode="emSequence">
                      <command name="Popup State Change" isChecked="True" descrition="">
                        <param name="AniInterpolation" value="0" varType="3" description=""/>
                        <param name="AniDuration" value="200" varType="3" description=""/>
                        <param name="AniAutoReverse" value="False" varType="11" description=""/>
                        <param name="AniLoop" value="False" varType="11" description=""/>
                        <param name="AniInterpolationTypeOut" value="False" varType="11" description=""/>
                        <param name="Delay" value="0" varType="3" description=""/>
                        <param name="Value" value="2" varType="3" description=""/>
                        <param name="AniType" value="0" varType="3" description=""/>
                      </command>
                    </target>
                  </behaviour>
                </event>
              </events>
            </entry>
          </interactiveData>
          <icon>
            <ID/>
            <iconFontName>jdIonicons</iconFontName>
            <iconCode>62335</iconCode>
          </icon>
          <URL>51ED992D000055983D8B8802C65E2870.svg</URL>
        </control>
      </groupChildrenDescriptors>
    </control>
    <control controlID="11DDF6FB-536C-4161-BD09-DFB849C6DBD6" controlTypeID="Label" x="94" y="224" w="182" h="14" zOrder="8">
      <font family="Arial" displayName="Arial+Cursief" postScript="" weightStyle="Cursief" weight="400" isBold="False" isItalic="True"/>
      <text>Signed+in+as+48xxx85@gmail.com</text>
      <textColor>4284900966</textColor>
      <textSize>12</textSize>
      <textVAlign>VaTop</textVAlign>
      <lineSpacing>0</lineSpacing>
      <textStyles>[fsItalic]</textStyles>
      <useDefaultTextSize>False</useDefaultTextSize>
      <selectedIndex>-1</selectedIndex>
    </control>
    <control controlID="0163E83E-541B-41E3-9C02-89CD4A34E00C" controlTypeID="__group__" x="26" y="619" w="38" h="44" zOrder="9">
      <groupChildrenDescriptors>
        <control controlID="147BF202-1DA9-42A1-B5D7-085D111E89E6" controlTypeID="Image" x="0" y="0" w="38" h="34" zOrder="0">
          <URL>8705F41D24C70D2BE5F8C85DF26742E0.png</URL>
        </control>
        <control controlID="B780BE4F-8344-4B92-AE64-22A60EAD4310" controlTypeID="Label" x="6" y="32" w="20" h="12" zOrder="1">
          <font family="Arial" displayName="Arial" postScript="" weightStyle="Standaard" weight="400" isBold="False" isItalic="False"/>
          <text>Lists</text>
          <textColor>4279673312</textColor>
          <textSize>10</textSize>
          <textVAlign>VaTop</textVAlign>
          <lineSpacing>0</lineSpacing>
          <useDefaultTextSize>False</useDefaultTextSize>
          <selectedIndex>-1</selectedIndex>
        </control>
      </groupChildrenDescriptors>
    </control>
    <control controlID="EC5C885F-F001-4757-9270-02CCBD74E582" controlTypeID="IconLabel2" x="106" y="623" w="37" h="40" zOrder="10">
      <links eventType="AtClick" animate="AmNone" animateAutoDelay="0" animateDuration="500">
        <link targetPageID="ADABD2F4-7944-423C-A28A-E7505F4E0D3E" linkType="ltPageLink" isApplyIncludePage="False" title="Recipes">
          <area shape="0" alt="" ID="{193033F6-766D-467F-B7EB-53F2BFD4E266}" coords="(0,0,37,40)"/>
        </link>
      </links>
      <groupChildrenDescriptors>
        <control controlID="A905C50F-8BA8-4211-B79B-C2A38F92E7D4" controlTypeID="Shape" x="6" y="0" w="24" h="24" zOrder="0">
          <canMove>False</canMove>
          <alias>shape</alias>
          <font family="Arial" displayName="Arial" postScript="" weightStyle="Standaard" weight="400" isBold="False" isItalic="False"/>
          <textSize>14</textSize>
          <selectedIndex>-1</selectedIndex>
        </control>
        <control controlID="EDE2B6C4-6ADC-4AD3-BB5C-B7272049AEBC" controlTypeID="Icon" x="6" y="0" w="24" h="24" zOrder="1">
          <color>4288917945</color>
          <canMove>False</canMove>
          <alias>icon</alias>
          <icon>
            <ID/>
            <iconFontName>jdIonicons</iconFontName>
            <iconCode>62299</iconCode>
          </icon>
          <URL>807B9BF23EE1023139B925F62B0D2029.svg</URL>
        </control>
        <control controlID="0D963A4B-DAA5-47E6-8D06-97AB25945C16" controlTypeID="Label" x="2" y="28" w="33" h="12" zOrder="2">
          <canMove>False</canMove>
          <alias>label</alias>
          <font family="Arial" displayName="Arial" postScript="" weightStyle="Standaard" weight="400" isBold="False" isItalic="False" useDefaultFontFamily="False"/>
          <text>Explore</text>
          <textColor>4288917945</textColor>
          <textSize>10</textSize>
          <textAlign>HaCenter</textAlign>
          <textVAlign>VaTop</textVAlign>
          <lineSpacing>0</lineSpacing>
          <useDefaultTextSize>False</useDefaultTextSize>
          <selectedIndex>-1</selectedIndex>
        </control>
        <control controlID="171AB530-DE96-441F-B2F6-B5BDA0D2461E" controlTypeID="Shape" x="24" y="0" w="13" h="12" zOrder="3">
          <color>4294901760</color>
          <borderVisible>False</borderVisible>
          <canMove>False</canMove>
          <alias>alarm</alias>
          <font family="Arial" displayName="Arial" postScript="" weightStyle="Standaard" weight="400" isBold="False" isItalic="False"/>
          <text>2</text>
          <textColor>4294967295</textColor>
          <textSize>7</textSize>
          <selectedIndex>-1</selectedIndex>
          <radius>100</radius>
          <radiusIsPercent>True</radiusIsPercent>
        </control>
      </groupChildrenDescriptors>
    </control>
    <control controlID="26028CF0-BF91-4E26-9138-8FF751BE1DE6" controlTypeID="IconLabel2" x="212" y="623" w="62" h="40" zOrder="11">
      <groupChildrenDescriptors>
        <control controlID="7E61FA68-079C-4D8C-B5BD-96898EBEEC56" controlTypeID="Shape" x="19" y="0" w="24" h="24" zOrder="0">
          <canMove>False</canMove>
          <alias>shape</alias>
          <font family="Arial" displayName="Arial" postScript="" weightStyle="Standaard" weight="400" isBold="False" isItalic="False"/>
          <textSize>14</textSize>
          <selectedIndex>-1</selectedIndex>
        </control>
        <control controlID="3E5E41B4-BD8F-45DD-9EC5-85F071D94EB5" controlTypeID="Icon" x="19" y="0" w="24" h="24" zOrder="1">
          <color>4288917945</color>
          <canMove>False</canMove>
          <alias>icon</alias>
          <icon>
            <ID/>
            <iconFontName>jdIonicons</iconFontName>
            <iconCode>62348</iconCode>
          </icon>
          <URL>C9A19AEA8333861081ABFD164D361FEF.svg</URL>
        </control>
        <control controlID="1383A24D-0180-4D54-AC81-740688A1CF1E" controlTypeID="Label" x="2" y="28" w="58" h="12" zOrder="2">
          <canMove>False</canMove>
          <alias>label</alias>
          <font family="Arial" displayName="Arial" postScript="" weightStyle="Standaard" weight="400" isBold="False" isItalic="False"/>
          <text>See+all+Posts</text>
          <textColor>4288917945</textColor>
          <textSize>10</textSize>
          <textAlign>HaCenter</textAlign>
          <textVAlign>VaTop</textVAlign>
          <lineSpacing>0</lineSpacing>
          <useDefaultTextSize>False</useDefaultTextSize>
          <selectedIndex>-1</selectedIndex>
        </control>
        <control controlID="F8EFB567-99F7-4070-AD62-0960A88F82F9" controlTypeID="Shape" x="49" y="0" w="13" h="12" zOrder="3">
          <color>4294901760</color>
          <borderVisible>False</borderVisible>
          <canMove>False</canMove>
          <alias>alarm</alias>
          <font family="Arial" displayName="Arial" postScript="" weightStyle="Standaard" weight="400" isBold="False" isItalic="False"/>
          <text>2</text>
          <textColor>4294967295</textColor>
          <textSize>7</textSize>
          <selectedIndex>-1</selectedIndex>
          <radius>100</radius>
          <radiusIsPercent>True</radiusIsPercent>
        </control>
      </groupChildrenDescriptors>
    </control>
    <control controlID="E8CCCDC8-F8D3-45A3-8AAB-769C95553DF5" controlTypeID="IconLabel2" x="298" y="623" w="40" h="40" zOrder="12">
      <links eventType="AtClick" animate="AmNone" animateAutoDelay="0" animateDuration="500">
        <link targetPageID="23A32FDF-A3FC-406B-822C-B3D29FA08195" linkType="ltPageLink" isApplyIncludePage="False" title="Settings">
          <area shape="0" alt="" ID="{193033F6-766D-467F-B7EB-53F2BFD4E266}" coords="(0,0,40,40)"/>
        </link>
      </links>
      <groupChildrenDescriptors>
        <control controlID="418F02A5-AC5D-40E0-B1CC-A34DA66139B5" controlTypeID="Shape" x="8" y="0" w="24" h="24" zOrder="0">
          <canMove>False</canMove>
          <alias>shape</alias>
          <font family="Arial" displayName="Arial" postScript="" weightStyle="Standaard" weight="400" isBold="False" isItalic="False"/>
          <textSize>14</textSize>
          <selectedIndex>-1</selectedIndex>
        </control>
        <control controlID="A79A8120-0931-4739-B5CE-11AAD776A9FC" controlTypeID="Icon" x="8" y="0" w="24" h="24" zOrder="1">
          <color>4288917945</color>
          <canMove>False</canMove>
          <alias>icon</alias>
          <icon>
            <ID/>
            <iconFontName>jdIonicons</iconFontName>
            <iconCode>62199</iconCode>
          </icon>
          <URL>DED0E6A8242D8DE296EBCBE2FFA15EDA.svg</URL>
        </control>
        <control controlID="1ACEF943-246E-46AC-BE2E-1CC1B7EC3D79" controlTypeID="Label" x="2" y="28" w="36" h="12" zOrder="2">
          <canMove>False</canMove>
          <alias>label</alias>
          <font family="Arial" displayName="Arial" postScript="" weightStyle="Standaard" weight="400" isBold="False" isItalic="False"/>
          <text>Settings</text>
          <textColor>4288917945</textColor>
          <textSize>10</textSize>
          <textAlign>HaCenter</textAlign>
          <textVAlign>VaTop</textVAlign>
          <lineSpacing>0</lineSpacing>
          <useDefaultTextSize>False</useDefaultTextSize>
          <selectedIndex>-1</selectedIndex>
        </control>
        <control controlID="F71E2849-EBBC-4251-A8C6-8B3BD5061AC7" controlTypeID="Shape" x="27" y="0" w="13" h="12" zOrder="3">
          <color>4294901760</color>
          <borderVisible>False</borderVisible>
          <canMove>False</canMove>
          <alias>alarm</alias>
          <font family="Arial" displayName="Arial" postScript="" weightStyle="Standaard" weight="400" isBold="False" isItalic="False"/>
          <text>2</text>
          <textColor>4294967295</textColor>
          <textSize>7</textSize>
          <selectedIndex>-1</selectedIndex>
          <radius>100</radius>
          <radiusIsPercent>True</radiusIsPercent>
        </control>
      </groupChildrenDescriptors>
    </control>
    <control controlID="49A3C725-2668-473F-8EC6-7EEF05749434" controlTypeID="StatusBar(Android)" x="0" y="0" w="375" h="20" zOrder="13"/>
    <control controlID="F364042C-671D-4942-8166-085FCECA410E" controlTypeID="AlertWindow" x="472" y="96" w="46" h="46" zOrder="14">
      <groupChildrenDescriptors>
        <control controlID="E893D83B-44ED-4360-8D72-756692F97A5C" controlTypeID="Panel" x="0" y="0" w="375" h="667" zOrder="0">
          <locked>True</locked>
          <color>1879048192</color>
          <borderVisible>False</borderVisible>
          <canMove>False</canMove>
          <alias>background</alias>
          <groupChildrenDescriptors>
            <control controlID="34AC7039-949D-4C1C-8416-55E81DBC2A30" controlTypeID="Border" x="0" y="0" w="375" h="667" zOrder="0">
              <borderVisible>False</borderVisible>
              <alias>borderLayer</alias>
            </control>
          </groupChildrenDescriptors>
          <thinkness>1</thinkness>
        </control>
        <control controlID="BED75FC1-A5D4-4EE1-9CE7-ECB6DD97FD57" controlTypeID="PopupPanelContent" x="63" y="129" w="250" h="162" zOrder="1">
          <color>16777215</color>
          <alias>content</alias>
          <groupChildrenDescriptors>
            <control controlID="B7588726-377F-4A59-8A4A-89B2E4016723" controlTypeID="Alert" x="0" y="0" w="250" h="162" zOrder="0">
              <alias>alert</alias>
              <links eventType="AtClick" animate="AmNone" animateAutoDelay="0" animateDuration="500">
                <link targetPageID="9C029B47-B162-4D46-9BD5-0299F0D4E449" linkType="ltPageLink" isApplyIncludePage="False" title="No">
                  <area shape="0" alt="" ID="{9AD11ACE-4247-485D-AE91-30F156C48BD1}" coords="(4.5,126.5,120.5,157.5)"/>
                </link>
                <link targetPageID="9C029B47-B162-4D46-9BD5-0299F0D4E449" linkType="ltPageLink" isApplyIncludePage="False" title="Yes">
                  <area shape="0" alt="" ID="{82615A3E-8495-418C-8D20-DF2AB9D2F5DE}" coords="(129.5,126.5,245.5,157.5)"/>
                </link>
              </links>
              <font family="Arial" displayName="Arial" postScript="" weightStyle="Standaard" weight="400" isBold="False" isItalic="False"/>
              <text>Alert%0D%0AAre+you+sure+you+want+to+delete+this+list%3F+%0D%0ANo%2CYes</text>
              <textSize>14</textSize>
              <lineSpacing>0</lineSpacing>
            </control>
          </groupChildrenDescriptors>
        </control>
      </groupChildrenDescriptors>
    </control>
    <control controlID="895C0A55-11B8-49D1-8322-C2DF94BB7FBA" controlTypeID="PopupPanel" x="472" y="192" w="46" h="46" zOrder="15">
      <groupChildrenDescriptors>
        <control controlID="24258214-7933-4B40-8F34-3E438E88FC50" controlTypeID="Panel" x="0" y="0" w="375" h="667" zOrder="0">
          <locked>True</locked>
          <color>1879048192</color>
          <borderVisible>False</borderVisible>
          <canMove>False</canMove>
          <alias>background</alias>
          <groupChildrenDescriptors>
            <control controlID="848B8398-F29E-4745-9D98-6188FCADF956" controlTypeID="Border" x="0" y="0" w="375" h="667" zOrder="0">
              <borderVisible>False</borderVisible>
              <alias>borderLayer</alias>
            </control>
          </groupChildrenDescriptors>
          <thinkness>1</thinkness>
        </control>
        <control controlID="D3FC27F5-EBDA-42E2-8933-34C6C5C17324" controlTypeID="PopupPanelContent" x="0" y="211" w="375" h="187" zOrder="1">
          <color>16777215</color>
          <alias>content</alias>
          <groupChildrenDescriptors>
            <control controlID="64089D24-3C27-4DC5-BA71-F89B1A722872" controlTypeID="TitleWindow" x="0" y="0" w="375" h="187" zOrder="0">
              <font family="Arial" displayName="Arial" postScript="" weightStyle="Standaard" weight="400" isBold="False" isItalic="False"/>
              <text>Give+your+list+a+name</text>
              <textSize>14</textSize>
              <textVAlign>VaTop</textVAlign>
              <lineSpacing>0</lineSpacing>
              <selectedIndex>-1</selectedIndex>
            </control>
            <control controlID="CE59A6E9-4D28-45A9-ACD3-77287B0AF664" controlTypeID="TextInput" x="70" y="41" w="295" h="48" zOrder="1">
              <font family="Arial" displayName="Arial" postScript="" weightStyle="Standaard" weight="400" isBold="False" isItalic="False"/>
              <lineSpacing>0</lineSpacing>
              <selectedIndex>-1</selectedIndex>
            </control>
            <control controlID="68F3DB1C-E77B-4A52-8358-84A5089086F1" controlTypeID="Label" x="10" y="57" w="37" h="17" zOrder="2">
              <font family="Arial" displayName="Arial" postScript="" weightStyle="Standaard" weight="400" isBold="False" isItalic="False"/>
              <text>Name</text>
              <lineSpacing>0</lineSpacing>
              <selectedIndex>-1</selectedIndex>
            </control>
            <control controlID="7697BFB4-66B6-4002-BFC7-FF069A7C587F" controlTypeID="Button" x="245" y="99" w="120" h="48" zOrder="3">
              <color>4282501083</color>
              <borderVisible>False</borderVisible>
              <links eventType="AtClick" animate="AmNone" animateAutoDelay="0" animateDuration="500">
                <link targetPageID="9C029B47-B162-4D46-9BD5-0299F0D4E449" linkType="ltPageLink" isApplyIncludePage="False" title="List+Of+Posts+List">
                  <area shape="0" alt="" ID="{B69C3045-78A8-4977-8C29-473CCF9A5ADC}" coords="(0,0,120,48)"/>
                </link>
              </links>
              <font family="Arial" displayName="Arial" postScript="" weightStyle="Standaard" weight="400" isBold="False" isItalic="False" useDefaultFontFamily="False"/>
              <text>Create+new+list</text>
              <textColor>4294967295</textColor>
              <textSize>12</textSize>
              <lineSpacing>0</lineSpacing>
              <selectedIndex>-1</selectedIndex>
            </control>
          </groupChildrenDescriptors>
        </control>
      </groupChildrenDescriptors>
    </control>
  </controls>
  <param>
    <backgroundColor>4293914612</backgroundColor>
    <fontSize>14</fontSize>
    <fontFamily>Arial</fontFamily>
    <guideLines/>
  </param>
</mockup>