﻿<mockup version="5.3" minAllowVersion="5.3" ID="ADABD2F4-7944-423C-A28A-E7505F4E0D3E" platform="MtMobile" defaultW="375" defaultH="667" screenOrientation="MoPortrait" mobileScreenScale="1.77777779102325" measureW="375" measureH="667" clipArea="(0,0,0,0)">
  <controls controlCount="60">
    <control controlID="8C98F63D-9D6E-4640-9C1B-12B7A49768AB" controlTypeID="Shape" x="0" y="20" w="375" h="46" zOrder="0">
      <color>4294506744</color>
      <borderColor>4291611852</borderColor>
      <font family="Arial" displayName="Arial" postScript="" weightStyle="Standaard" weight="400" isBold="False" isItalic="False"/>
      <text>Explore+Posts</text>
      <textSize>16</textSize>
      <useDefaultTextSize>False</useDefaultTextSize>
      <selectedIndex>-1</selectedIndex>
      <borderMode>[bmBottom]</borderMode>
    </control>
    <control controlID="B8935253-3047-47AC-B59B-57D9473C230B" controlTypeID="Shape" x="0" y="618" w="375" h="49" zOrder="1">
      <color>4294440951</color>
      <borderColor>4291611852</borderColor>
      <font family="Arial" displayName="Arial" postScript="" weightStyle="Standaard" weight="400" isBold="False" isItalic="False"/>
      <textColor>4279673312</textColor>
      <textSize>16</textSize>
      <useDefaultTextSize>False</useDefaultTextSize>
      <selectedIndex>-1</selectedIndex>
      <borderMode>[bmTop,bmBottom]</borderMode>
    </control>
    <control controlID="0163E83E-541B-41E3-9C02-89CD4A34E00C" controlTypeID="__group__" x="26" y="623" w="38" h="40" zOrder="2">
      <links eventType="AtClick" animate="AmNone" animateAutoDelay="0" animateDuration="500">
        <link targetPageID="9C029B47-B162-4D46-9BD5-0299F0D4E449" linkType="ltPageLink" isApplyIncludePage="False" title="Lists">
          <area shape="0" alt="" ID="{864AFF8F-EEB3-4FD0-84B5-DD46227FC57F}" coords="(0,0,38,40)"/>
        </link>
      </links>
      <groupChildrenDescriptors>
        <control controlID="47C23769-5EF1-4669-87F8-A543A5991B89" controlTypeID="Image" x="0" y="0" w="38" h="31" zOrder="0">
          <URL>5444F5AECE736EBEEE063F9EFEC7198E.png</URL>
        </control>
        <control controlID="B780BE4F-8344-4B92-AE64-22A60EAD4310" controlTypeID="Label" x="7" y="28" w="20" h="12" zOrder="1">
          <font family="Arial" displayName="Arial" postScript="" weightStyle="Standaard" weight="400" isBold="False" isItalic="False"/>
          <text>Lists</text>
          <textColor>4288917945</textColor>
          <textSize>10</textSize>
          <textVAlign>VaTop</textVAlign>
          <lineSpacing>0</lineSpacing>
          <useDefaultTextSize>False</useDefaultTextSize>
          <selectedIndex>-1</selectedIndex>
        </control>
      </groupChildrenDescriptors>
    </control>
    <control controlID="EC5C885F-F001-4757-9270-02CCBD74E582" controlTypeID="IconLabel2" x="170" y="623" w="37" h="40" zOrder="3">
      <groupChildrenDescriptors>
        <control controlID="A905C50F-8BA8-4211-B79B-C2A38F92E7D4" controlTypeID="Shape" x="6" y="0" w="24" h="24" zOrder="0">
          <canMove>False</canMove>
          <alias>shape</alias>
          <font family="Arial" displayName="Arial" postScript="" weightStyle="Standaard" weight="400" isBold="False" isItalic="False"/>
          <textSize>14</textSize>
          <selectedIndex>-1</selectedIndex>
        </control>
        <control controlID="EDE2B6C4-6ADC-4AD3-BB5C-B7272049AEBC" controlTypeID="Icon" x="6" y="0" w="24" h="24" zOrder="1">
          <color>4279673312</color>
          <canMove>False</canMove>
          <alias>icon</alias>
          <icon>
            <ID/>
            <iconFontName>jdIonicons</iconFontName>
            <iconCode>62299</iconCode>
          </icon>
          <URL>807B9BF23EE1023139B925F62B0D2029.svg</URL>
        </control>
        <control controlID="0D963A4B-DAA5-47E6-8D06-97AB25945C16" controlTypeID="Label" x="2" y="28" w="33" h="12" zOrder="2">
          <canMove>False</canMove>
          <alias>label</alias>
          <font family="Arial" displayName="Arial" postScript="" weightStyle="Standaard" weight="400" isBold="False" isItalic="False"/>
          <text>Explore</text>
          <textColor>4279673312</textColor>
          <textSize>10</textSize>
          <textAlign>HaCenter</textAlign>
          <textVAlign>VaTop</textVAlign>
          <lineSpacing>0</lineSpacing>
          <useDefaultTextSize>False</useDefaultTextSize>
          <selectedIndex>-1</selectedIndex>
        </control>
        <control controlID="171AB530-DE96-441F-B2F6-B5BDA0D2461E" controlTypeID="Shape" x="24" y="0" w="13" h="12" zOrder="3">
          <color>4294901760</color>
          <borderVisible>False</borderVisible>
          <canMove>False</canMove>
          <alias>alarm</alias>
          <font family="Arial" displayName="Arial" postScript="" weightStyle="Standaard" weight="400" isBold="False" isItalic="False"/>
          <text>2</text>
          <textColor>4294967295</textColor>
          <textSize>7</textSize>
          <selectedIndex>-1</selectedIndex>
          <radius>100</radius>
          <radiusIsPercent>True</radiusIsPercent>
        </control>
      </groupChildrenDescriptors>
    </control>
    <control controlID="E8CCCDC8-F8D3-45A3-8AAB-769C95553DF5" controlTypeID="IconLabel2" x="298" y="623" w="40" h="40" zOrder="4">
      <links eventType="AtClick" animate="AmNone" animateAutoDelay="0" animateDuration="500">
        <link targetPageID="23A32FDF-A3FC-406B-822C-B3D29FA08195" linkType="ltPageLink" isApplyIncludePage="False" title="Settings">
          <area shape="0" alt="" ID="{193033F6-766D-467F-B7EB-53F2BFD4E266}" coords="(0,0,40,40)"/>
        </link>
      </links>
      <groupChildrenDescriptors>
        <control controlID="418F02A5-AC5D-40E0-B1CC-A34DA66139B5" controlTypeID="Shape" x="8" y="0" w="24" h="24" zOrder="0">
          <canMove>False</canMove>
          <alias>shape</alias>
          <font family="Arial" displayName="Arial" postScript="" weightStyle="Standaard" weight="400" isBold="False" isItalic="False"/>
          <textSize>14</textSize>
          <selectedIndex>-1</selectedIndex>
        </control>
        <control controlID="A79A8120-0931-4739-B5CE-11AAD776A9FC" controlTypeID="Icon" x="8" y="0" w="24" h="24" zOrder="1">
          <color>4288917945</color>
          <canMove>False</canMove>
          <alias>icon</alias>
          <icon>
            <ID/>
            <iconFontName>jdIonicons</iconFontName>
            <iconCode>62199</iconCode>
          </icon>
          <URL>DED0E6A8242D8DE296EBCBE2FFA15EDA.svg</URL>
        </control>
        <control controlID="1ACEF943-246E-46AC-BE2E-1CC1B7EC3D79" controlTypeID="Label" x="2" y="28" w="36" h="12" zOrder="2">
          <canMove>False</canMove>
          <alias>label</alias>
          <font family="Arial" displayName="Arial" postScript="" weightStyle="Standaard" weight="400" isBold="False" isItalic="False"/>
          <text>Settings</text>
          <textColor>4288917945</textColor>
          <textSize>10</textSize>
          <textAlign>HaCenter</textAlign>
          <textVAlign>VaTop</textVAlign>
          <lineSpacing>0</lineSpacing>
          <useDefaultTextSize>False</useDefaultTextSize>
          <selectedIndex>-1</selectedIndex>
        </control>
        <control controlID="F71E2849-EBBC-4251-A8C6-8B3BD5061AC7" controlTypeID="Shape" x="27" y="0" w="13" h="12" zOrder="3">
          <color>4294901760</color>
          <borderVisible>False</borderVisible>
          <canMove>False</canMove>
          <alias>alarm</alias>
          <font family="Arial" displayName="Arial" postScript="" weightStyle="Standaard" weight="400" isBold="False" isItalic="False"/>
          <text>2</text>
          <textColor>4294967295</textColor>
          <textSize>7</textSize>
          <selectedIndex>-1</selectedIndex>
          <radius>100</radius>
          <radiusIsPercent>True</radiusIsPercent>
        </control>
      </groupChildrenDescriptors>
    </control>
    <control controlID="4C259A2C-8B48-48FB-A9AA-0EB8EBA04A7E" controlTypeID="StatusBar(Android)" x="0" y="0" w="375" h="20" zOrder="5"/>
    <control controlID="A0DE378C-7DCE-4055-AAB9-4B4CCCBF57A5" controlTypeID="Calendar" x="56" y="403" w="265" h="182" zOrder="6">
      <isShow>False</isShow>
    </control>
    <control controlID="227F8001-3064-4A23-AA2F-ECF151396397" controlTypeID="Shape" x="0" y="101" w="375" h="233" zOrder="7">
      <borderColor>4293190884</borderColor>
      <font family="Arial" displayName="Arial" postScript="" weightStyle="Standaard" weight="400" isBold="False" isItalic="False"/>
      <textColor>4279673312</textColor>
      <textSize>16</textSize>
      <useDefaultTextSize>False</useDefaultTextSize>
      <selectedIndex>-1</selectedIndex>
      <borderMode>[bmTop,bmBottom]</borderMode>
    </control>
    <control controlID="957FF766-BB7F-4AB7-94B3-4A319DE1BF56" controlTypeID="DateTimePicker" x="188" y="156" w="182" h="39" zOrder="8">
      <interactiveData>
        <entry title="">
          <area shape="0" alt="" ID="{A5738287-AB94-4406-A07B-EBE34C4174E5}" coords="(0,0,182,39)"/>
          <events title="">
            <event eventType="atClick" isChecked="True">
              <behaviour title="" isChecked="True" isWait="False" isLoop="False" execMode="emParallel">
                <target targetID="A0DE378C-7DCE-4055-AAB9-4B4CCCBF57A5" isChecked="True" isAutoRecovery="False" isLoop="False" execMode="emSequence">
                  <command name="Change Visibility" isChecked="True" descrition="">
                    <param name="AniInterpolation" value="1" varType="3" description=""/>
                    <param name="AniDuration" value="200" varType="3" description=""/>
                    <param name="AniAutoReverse" value="False" varType="11" description=""/>
                    <param name="AniLoop" value="False" varType="11" description=""/>
                    <param name="AniInterpolationTypeOut" value="False" varType="11" description=""/>
                    <param name="Delay" value="0" varType="3" description=""/>
                    <param name="ValueFromCurrent" value="True" varType="11" description=""/>
                    <param name="ForceFromInitValue" value="False" varType="11" description=""/>
                    <param name="ForceSetVisible" value="False" varType="11" description=""/>
                    <param name="Value" value="2" varType="3" description=""/>
                    <param name="TerminateLoopByClick" value="True" varType="11" description=""/>
                  </command>
                </target>
              </behaviour>
            </event>
          </events>
        </entry>
      </interactiveData>
      <font family="Arial" displayName="Arial" postScript="" weightStyle="Standaard" weight="400" isBold="False" isItalic="False"/>
      <text>03+%2F+10+%2F+2014</text>
      <textSize>14</textSize>
      <lineSpacing>0</lineSpacing>
      <selectedIndex>-1</selectedIndex>
    </control>
    <control controlID="BCFDF8AF-E61B-4D2A-A97C-3842E8093FD5" controlTypeID="CompositeComboBox" x="213" y="246" w="156" h="39" zOrder="9">
      <groupChildrenDescriptors>
        <control controlID="C3092664-4A77-45A0-8972-E5C570F9CDE1" controlTypeID="TextInput" x="0" y="0" w="133" h="39" zOrder="0">
          <locked>True</locked>
          <canMove>False</canMove>
          <alias>input</alias>
          <font family="Segoe+UI" displayName="Segoe+UI" postScript="" weightStyle="Standaard" weight="400" isBold="False" isItalic="False" useDefaultFontFamily="False"/>
          <text>Accident</text>
          <lineSpacing>0</lineSpacing>
          <selectedIndex>-1</selectedIndex>
        </control>
        <control controlID="AC9D17DA-521C-43DB-B162-A395D7858D67" controlTypeID="Button" x="132" y="0" w="24" h="39" zOrder="1">
          <locked>True</locked>
          <canMove>False</canMove>
          <alias>button</alias>
          <font family="Arial" displayName="Arial" postScript="" weightStyle="Standaard" weight="400" isBold="False" isItalic="False"/>
          <lineSpacing>0</lineSpacing>
          <selectedIndex>-1</selectedIndex>
          <radius>0</radius>
        </control>
        <control controlID="D37F3F43-402F-468A-B5CD-DDED99F9CA97" controlTypeID="List" x="0" y="39" w="156" h="158" zOrder="2">
          <isShow>False</isShow>
          <canMove>False</canMove>
          <alias>dropDown</alias>
          <font family="Segoe+UI" displayName="Segoe+UI" postScript="" weightStyle="Standaard" weight="400" isBold="False" isItalic="False" useDefaultFontFamily="False"/>
          <text>Accident%0D%0ATraffic+jam%0D%0APothole%0D%0ARoad+diversion</text>
          <textSize>14</textSize>
          <lineSpacing>0</lineSpacing>
          <itemHeight>39</itemHeight>
          <interlaceColor>4294967295</interlaceColor>
        </control>
      </groupChildrenDescriptors>
      <font family="Segoe+UI"/>
      <textSize>14</textSize>
    </control>
    <control controlID="E8EB796F-FA26-4569-B231-62578395B980" controlTypeID="CompositeComboBox" x="190" y="199" w="180" h="39" zOrder="10">
      <groupChildrenDescriptors>
        <control controlID="4BA83335-94B1-41D9-A746-58DF96BD35E8" controlTypeID="TextInput" x="0" y="0" w="157" h="39" zOrder="0">
          <locked>True</locked>
          <canMove>False</canMove>
          <alias>input</alias>
          <font family="Segoe+UI" displayName="Segoe+UI" postScript="" weightStyle="Standaard" weight="400" isBold="False" isItalic="False" useDefaultFontFamily="False"/>
          <text>1</text>
          <lineSpacing>0</lineSpacing>
          <selectedIndex>-1</selectedIndex>
        </control>
        <control controlID="488977C9-749D-47B4-81EA-C312CC742EB8" controlTypeID="Button" x="156" y="0" w="24" h="39" zOrder="1">
          <locked>True</locked>
          <canMove>False</canMove>
          <alias>button</alias>
          <font family="Arial" displayName="Arial" postScript="" weightStyle="Standaard" weight="400" isBold="False" isItalic="False"/>
          <lineSpacing>0</lineSpacing>
          <selectedIndex>-1</selectedIndex>
          <radius>0</radius>
        </control>
        <control controlID="00B3CC30-983C-458F-BCA3-76BF60E6D6BB" controlTypeID="List" x="0" y="39" w="180" h="197" zOrder="2">
          <isShow>False</isShow>
          <canMove>False</canMove>
          <alias>dropDown</alias>
          <font family="Segoe+UI" displayName="Segoe+UI" postScript="" weightStyle="Standaard" weight="400" isBold="False" isItalic="False" useDefaultFontFamily="False"/>
          <text>1%0D%0A2%0D%0A3%0D%0A4%0D%0A5</text>
          <textSize>14</textSize>
          <lineSpacing>0</lineSpacing>
          <itemHeight>39</itemHeight>
          <interlaceColor>4294967295</interlaceColor>
        </control>
      </groupChildrenDescriptors>
      <font family="Segoe+UI"/>
      <textSize>14</textSize>
    </control>
    <control controlID="77CA2C06-48D2-4B74-9B1F-4C99F97640C9" controlTypeID="Label" x="12" y="71" w="61" h="15" zOrder="11">
      <font family="Arial" displayName="Arial" postScript="" weightStyle="Standaard" weight="400" isBold="False" isItalic="False"/>
      <text>EXPLORE</text>
      <textColor>4284900966</textColor>
      <textSize>13</textSize>
      <textVAlign>VaTop</textVAlign>
      <lineSpacing>0</lineSpacing>
      <useDefaultTextSize>False</useDefaultTextSize>
      <selectedIndex>-1</selectedIndex>
    </control>
    <control controlID="42F9DEFE-49FE-452B-891B-22EC2EB1E8E5" controlTypeID="Line" x="51" y="155" w="325" h="1" zOrder="12">
      <color>4291611852</color>
      <font family="Arial" displayName="Arial" postScript="" weightStyle="Standaard" weight="400" isBold="False" isItalic="False"/>
      <textSize>14</textSize>
      <lineSpacing>0</lineSpacing>
      <selectedIndex>-1</selectedIndex>
      <controlPoint>(162,0)</controlPoint>
      <startPoint>(0,0)</startPoint>
      <endPoint>(325,0)</endPoint>
    </control>
    <control controlID="9A6FCB1B-50BA-4FDA-9778-F62E7C47ED38" controlTypeID="Line" x="52" y="197" w="325" h="1" zOrder="13">
      <color>4291611852</color>
      <font family="Arial" displayName="Arial" postScript="" weightStyle="Standaard" weight="400" isBold="False" isItalic="False"/>
      <textSize>14</textSize>
      <lineSpacing>0</lineSpacing>
      <selectedIndex>-1</selectedIndex>
      <controlPoint>(162,0)</controlPoint>
      <startPoint>(0,0)</startPoint>
      <endPoint>(325,0)</endPoint>
    </control>
    <control controlID="E2F40A7B-3264-4FF4-A347-F389060483BD" controlTypeID="Line" x="52" y="243" w="325" h="1" zOrder="14">
      <color>4291611852</color>
      <font family="Arial" displayName="Arial" postScript="" weightStyle="Standaard" weight="400" isBold="False" isItalic="False"/>
      <textSize>14</textSize>
      <lineSpacing>0</lineSpacing>
      <selectedIndex>-1</selectedIndex>
      <controlPoint>(162,0)</controlPoint>
      <startPoint>(0,0)</startPoint>
      <endPoint>(325,0)</endPoint>
    </control>
    <control controlID="FC3B50BF-8E1A-47C1-B538-D664A1AF7C37" controlTypeID="IconLabel2" x="13" y="164" w="150" h="24" zOrder="15">
      <links eventType="AtClick" animate="AmNone" animateAutoDelay="0" animateDuration="500">
        <link targetPageID="62227D2C-0329-4F44-A608-91E01FBCBCEF" linkType="ltPageLink" isApplyIncludePage="False" title="All+Posts">
          <area shape="0" alt="" ID="{D57CB36F-5B49-417B-8D34-7CE02C935DDB}" coords="(0,0,150,24)"/>
        </link>
      </links>
      <groupChildrenDescriptors>
        <control controlID="97426C39-0744-4081-9ACE-ACDB0C0AAF86" controlTypeID="Shape" x="0" y="0" w="24" h="24" zOrder="0">
          <canMove>False</canMove>
          <alias>shape</alias>
          <font family="Arial" displayName="Arial" postScript="" weightStyle="Standaard" weight="400" isBold="False" isItalic="False"/>
          <textSize>14</textSize>
          <selectedIndex>-1</selectedIndex>
        </control>
        <control controlID="36943200-76AD-4727-AD6B-4E2861A6D39C" controlTypeID="Icon" x="0" y="0" w="24" h="24" zOrder="1">
          <color>4279673312</color>
          <canMove>False</canMove>
          <alias>icon</alias>
          <icon>
            <ID/>
            <iconFontName>jdIonicons</iconFontName>
            <iconCode>62387</iconCode>
          </icon>
          <URL>0CCFED0BD1BC3BB4D610117937314139.svg</URL>
        </control>
        <control controlID="B8660722-909E-49C3-A367-80C4F7BBA39B" controlTypeID="Label" x="28" y="2" w="122" h="19" zOrder="2">
          <canMove>False</canMove>
          <alias>label</alias>
          <font family="Arial" displayName="Arial" postScript="" weightStyle="Standaard" weight="400" isBold="False" isItalic="False"/>
          <text>+By+Date+Created</text>
          <textColor>4279673312</textColor>
          <textSize>16</textSize>
          <textAlign>HaCenter</textAlign>
          <textVAlign>VaTop</textVAlign>
          <lineSpacing>0</lineSpacing>
          <useDefaultTextSize>False</useDefaultTextSize>
          <selectedIndex>-1</selectedIndex>
        </control>
        <control controlID="F1F30F20-DE30-4906-A955-460660C162CB" controlTypeID="Shape" x="137" y="0" w="13" h="12" zOrder="3">
          <color>4294901760</color>
          <borderVisible>False</borderVisible>
          <canMove>False</canMove>
          <alias>alarm</alias>
          <font family="Arial" displayName="Arial" postScript="" weightStyle="Standaard" weight="400" isBold="False" isItalic="False"/>
          <text>2</text>
          <textColor>4294967295</textColor>
          <textSize>7</textSize>
          <selectedIndex>-1</selectedIndex>
          <radius>100</radius>
          <radiusIsPercent>True</radiusIsPercent>
        </control>
      </groupChildrenDescriptors>
      <textDirection>MiTextRight</textDirection>
    </control>
    <control controlID="F1C401A0-840F-4A21-8A73-C3ED9517993D" controlTypeID="IconLabel2" x="14" y="118" w="98" h="24" zOrder="16">
      <links eventType="AtClick" animate="AmNone" animateAutoDelay="0" animateDuration="500">
        <link targetPageID="62227D2C-0329-4F44-A608-91E01FBCBCEF" linkType="ltPageLink" isApplyIncludePage="False" title="All+Posts">
          <area shape="0" alt="" ID="{98672B29-91D2-4955-8B7B-7D6C23CE25AB}" coords="(0,0,98,24)"/>
        </link>
      </links>
      <groupChildrenDescriptors>
        <control controlID="3CE6BAE4-5986-4B98-9CC2-DDC5061FFADB" controlTypeID="Shape" x="0" y="0" w="24" h="24" zOrder="0">
          <canMove>False</canMove>
          <alias>shape</alias>
          <font family="Arial" displayName="Arial" postScript="" weightStyle="Standaard" weight="400" isBold="False" isItalic="False"/>
          <textSize>14</textSize>
          <selectedIndex>-1</selectedIndex>
        </control>
        <control controlID="77298E27-BEEF-479C-9EAE-593D7669E9EA" controlTypeID="Icon" x="0" y="0" w="24" h="24" zOrder="1">
          <color>4279673312</color>
          <canMove>False</canMove>
          <alias>icon</alias>
          <icon>
            <ID/>
            <iconFontName>jdIcoMoonFree</iconFontName>
            <iconCode>59740</iconCode>
          </icon>
          <URL>F0BDAC64E7EBA2A3D254960B288224AB.svg</URL>
        </control>
        <control controlID="594342B0-B6C4-452F-9986-F8B945ADFB75" controlTypeID="Label" x="28" y="2" w="70" h="19" zOrder="2">
          <canMove>False</canMove>
          <alias>label</alias>
          <font family="Arial" displayName="Arial" postScript="" weightStyle="Standaard" weight="400" isBold="False" isItalic="False"/>
          <text>+By+Name</text>
          <textColor>4279673312</textColor>
          <textSize>16</textSize>
          <textAlign>HaCenter</textAlign>
          <textVAlign>VaTop</textVAlign>
          <lineSpacing>0</lineSpacing>
          <useDefaultTextSize>False</useDefaultTextSize>
          <selectedIndex>-1</selectedIndex>
        </control>
        <control controlID="EC200494-AA27-4E44-8895-227DD6E214B8" controlTypeID="Shape" x="85" y="0" w="13" h="12" zOrder="3">
          <color>4294901760</color>
          <borderVisible>False</borderVisible>
          <canMove>False</canMove>
          <alias>alarm</alias>
          <font family="Arial" displayName="Arial" postScript="" weightStyle="Standaard" weight="400" isBold="False" isItalic="False"/>
          <text>2</text>
          <textColor>4294967295</textColor>
          <textSize>7</textSize>
          <selectedIndex>-1</selectedIndex>
          <radius>100</radius>
          <radiusIsPercent>True</radiusIsPercent>
        </control>
      </groupChildrenDescriptors>
      <textDirection>MiTextRight</textDirection>
    </control>
    <control controlID="6411D883-18D7-48F2-AADA-9546070BF4CC" controlTypeID="IconLabel2" x="14" y="206" w="101" h="24" zOrder="17">
      <links eventType="AtClick" animate="AmNone" animateAutoDelay="0" animateDuration="500">
        <link targetPageID="62227D2C-0329-4F44-A608-91E01FBCBCEF" linkType="ltPageLink" isApplyIncludePage="False" title="All+Posts">
          <area shape="0" alt="" ID="{A95846EF-A309-41EB-A6F7-3C761187276A}" coords="(0,0,101,24)"/>
        </link>
      </links>
      <groupChildrenDescriptors>
        <control controlID="9E7BC859-39C6-46D5-BE53-A344EF9519F2" controlTypeID="Shape" x="0" y="0" w="24" h="24" zOrder="0">
          <canMove>False</canMove>
          <alias>shape</alias>
          <font family="Arial" displayName="Arial" postScript="" weightStyle="Standaard" weight="400" isBold="False" isItalic="False"/>
          <textSize>14</textSize>
          <selectedIndex>-1</selectedIndex>
        </control>
        <control controlID="5E36D042-88DC-45C5-B6C5-2BB2BE808051" controlTypeID="Icon" x="0" y="0" w="24" h="24" zOrder="1">
          <color>4279673312</color>
          <canMove>False</canMove>
          <alias>icon</alias>
          <icon>
            <ID/>
            <iconFontName>jdIonicons</iconFontName>
            <iconCode>62204</iconCode>
          </icon>
          <URL>7368E932054EB35095B123FCB5C28A31.svg</URL>
        </control>
        <control controlID="1B80534A-874F-497B-9747-273CB21C32D6" controlTypeID="Label" x="28" y="2" w="73" h="19" zOrder="2">
          <canMove>False</canMove>
          <alias>label</alias>
          <font family="Arial" displayName="Arial" postScript="" weightStyle="Standaard" weight="400" isBold="False" isItalic="False"/>
          <text>+By+Rating</text>
          <textColor>4279673312</textColor>
          <textSize>16</textSize>
          <textAlign>HaCenter</textAlign>
          <textVAlign>VaTop</textVAlign>
          <lineSpacing>0</lineSpacing>
          <useDefaultTextSize>False</useDefaultTextSize>
          <selectedIndex>-1</selectedIndex>
        </control>
        <control controlID="35749B0E-D412-4BBF-B435-CD4B94B42FF2" controlTypeID="Shape" x="88" y="0" w="13" h="12" zOrder="3">
          <color>4294901760</color>
          <borderVisible>False</borderVisible>
          <canMove>False</canMove>
          <alias>alarm</alias>
          <font family="Arial" displayName="Arial" postScript="" weightStyle="Standaard" weight="400" isBold="False" isItalic="False"/>
          <text>2</text>
          <textColor>4294967295</textColor>
          <textSize>7</textSize>
          <selectedIndex>-1</selectedIndex>
          <radius>100</radius>
          <radiusIsPercent>True</radiusIsPercent>
        </control>
      </groupChildrenDescriptors>
      <textDirection>MiTextRight</textDirection>
    </control>
    <control controlID="E46F7371-80EC-42B1-9151-038453D65AD8" controlTypeID="IconLabel2" x="13" y="254" w="89" h="24" zOrder="18">
      <links eventType="AtClick" animate="AmNone" animateAutoDelay="0" animateDuration="500">
        <link targetPageID="62227D2C-0329-4F44-A608-91E01FBCBCEF" linkType="ltPageLink" isApplyIncludePage="False" title="All+Posts">
          <area shape="0" alt="" ID="{6FFC388D-EC55-4203-908C-12A06B801394}" coords="(0,0,89,24)"/>
        </link>
      </links>
      <groupChildrenDescriptors>
        <control controlID="0CFF05AA-98EF-4F81-B3CC-042BA3DCE257" controlTypeID="Shape" x="0" y="0" w="24" h="24" zOrder="0">
          <canMove>False</canMove>
          <alias>shape</alias>
          <font family="Arial" displayName="Arial" postScript="" weightStyle="Standaard" weight="400" isBold="False" isItalic="False"/>
          <textSize>14</textSize>
          <selectedIndex>-1</selectedIndex>
        </control>
        <control controlID="3DAA5F37-C122-4C84-9F3E-7FABF4DFEBF9" controlTypeID="Icon" x="0" y="0" w="24" h="24" zOrder="1">
          <color>4279673312</color>
          <canMove>False</canMove>
          <alias>icon</alias>
          <icon>
            <ID/>
            <iconFontName>jdIcoFont</iconFontName>
            <iconCode>59217</iconCode>
          </icon>
          <URL>5B42555577E2EDEFD5648F7EACF271B1.svg</URL>
        </control>
        <control controlID="577D7D5E-C016-47C5-A752-055942B7358D" controlTypeID="Label" x="28" y="2" w="61" h="19" zOrder="2">
          <canMove>False</canMove>
          <alias>label</alias>
          <font family="Arial" displayName="Arial" postScript="" weightStyle="Standaard" weight="400" isBold="False" isItalic="False"/>
          <text>+By+Type</text>
          <textColor>4279673312</textColor>
          <textSize>16</textSize>
          <textAlign>HaCenter</textAlign>
          <textVAlign>VaTop</textVAlign>
          <lineSpacing>0</lineSpacing>
          <useDefaultTextSize>False</useDefaultTextSize>
          <selectedIndex>-1</selectedIndex>
        </control>
        <control controlID="6792A724-26E8-4F25-83A6-76FC590567EC" controlTypeID="Shape" x="76" y="0" w="13" h="12" zOrder="3">
          <color>4294901760</color>
          <borderVisible>False</borderVisible>
          <canMove>False</canMove>
          <alias>alarm</alias>
          <font family="Arial" displayName="Arial" postScript="" weightStyle="Standaard" weight="400" isBold="False" isItalic="False"/>
          <text>2</text>
          <textColor>4294967295</textColor>
          <textSize>7</textSize>
          <selectedIndex>-1</selectedIndex>
          <radius>100</radius>
          <radiusIsPercent>True</radiusIsPercent>
        </control>
      </groupChildrenDescriptors>
      <textDirection>MiTextRight</textDirection>
    </control>
    <control controlID="5C98FDBB-05D6-4488-B33D-3253FEC3925D" controlTypeID="Icon" x="349" y="301" w="14" h="14" zOrder="19">
      <color>4288256409</color>
      <links eventType="AtClick" animate="AmNone" animateAutoDelay="0" animateDuration="500">
        <link targetPageID="62227D2C-0329-4F44-A608-91E01FBCBCEF" linkType="ltPageLink" isApplyIncludePage="False" title="All+Posts">
          <area shape="0" alt="" ID="{1EFA5EAD-6764-496F-BFA3-5C9789A6526F}" coords="(0,0,14,14)"/>
        </link>
      </links>
      <icon>
        <ID/>
        <iconFontName>jdIonicons</iconFontName>
        <iconCode>62419</iconCode>
      </icon>
      <URL>2E967326C22523F5F084001B9F4E5BC7.svg</URL>
    </control>
    <control controlID="7ED56A51-BA5B-4D90-BD2A-187C9F988CB0" controlTypeID="Line" x="52" y="288" w="325" h="1" zOrder="20">
      <color>4291611852</color>
      <font family="Arial" displayName="Arial" postScript="" weightStyle="Standaard" weight="400" isBold="False" isItalic="False"/>
      <textSize>14</textSize>
      <lineSpacing>0</lineSpacing>
      <selectedIndex>-1</selectedIndex>
      <controlPoint>(162,0)</controlPoint>
      <startPoint>(0,0)</startPoint>
      <endPoint>(325,0)</endPoint>
    </control>
    <control controlID="8991EC9B-48C6-4DC7-800A-4C2DC01B9A9E" controlTypeID="IconLabel2" x="13" y="296" w="80" h="24" zOrder="21">
      <links eventType="AtClick" animate="AmNone" animateAutoDelay="0" animateDuration="500">
        <link targetPageID="62227D2C-0329-4F44-A608-91E01FBCBCEF" linkType="ltPageLink" isApplyIncludePage="False" title="All+Posts">
          <area shape="0" alt="" ID="{000A2546-CFFA-4388-8E1B-1FE2D6CDD68A}" coords="(0,0,80,24)"/>
        </link>
      </links>
      <groupChildrenDescriptors>
        <control controlID="A91CA0B9-E623-4CF1-AE27-7CCDEB08B174" controlTypeID="Shape" x="0" y="0" w="24" h="24" zOrder="0">
          <canMove>False</canMove>
          <alias>shape</alias>
          <font family="Arial" displayName="Arial" postScript="" weightStyle="Standaard" weight="400" isBold="False" isItalic="False"/>
          <textSize>14</textSize>
          <selectedIndex>-1</selectedIndex>
        </control>
        <control controlID="C46DD2B7-E9C0-421A-B51C-2B0FEA2A2B0E" controlTypeID="Icon" x="0" y="0" w="24" h="24" zOrder="1">
          <color>4279673312</color>
          <canMove>False</canMove>
          <alias>icon</alias>
          <icon>
            <ID/>
            <iconFontName>jdIonicons</iconFontName>
            <iconCode>62348</iconCode>
          </icon>
          <URL>C9A19AEA8333861081ABFD164D361FEF.svg</URL>
        </control>
        <control controlID="67CDAB99-9D6D-486D-BBBD-EC105F286405" controlTypeID="Label" x="28" y="2" w="52" h="19" zOrder="2">
          <canMove>False</canMove>
          <alias>label</alias>
          <font family="Arial" displayName="Arial" postScript="" weightStyle="Standaard" weight="400" isBold="False" isItalic="False"/>
          <text>+See+all+</text>
          <textColor>4279673312</textColor>
          <textSize>16</textSize>
          <textAlign>HaCenter</textAlign>
          <textVAlign>VaTop</textVAlign>
          <lineSpacing>0</lineSpacing>
          <useDefaultTextSize>False</useDefaultTextSize>
          <selectedIndex>-1</selectedIndex>
        </control>
        <control controlID="E41B21E0-D73B-4586-A64A-DFBF94A98B3E" controlTypeID="Shape" x="67" y="0" w="13" h="12" zOrder="3">
          <color>4294901760</color>
          <borderVisible>False</borderVisible>
          <canMove>False</canMove>
          <alias>alarm</alias>
          <font family="Arial" displayName="Arial" postScript="" weightStyle="Standaard" weight="400" isBold="False" isItalic="False"/>
          <text>2</text>
          <textColor>4294967295</textColor>
          <textSize>7</textSize>
          <selectedIndex>-1</selectedIndex>
          <radius>100</radius>
          <radiusIsPercent>True</radiusIsPercent>
        </control>
      </groupChildrenDescriptors>
      <textDirection>MiTextRight</textDirection>
    </control>
    <control controlID="0FEC5851-69FC-4FCC-9F7F-521584E039C8" controlTypeID="TextInput" x="122" y="110" w="246" h="39" zOrder="22">
      <interactiveData>
        <entry title="">
          <area shape="0" alt="" ID="{06FCD4E9-9C30-48F6-AD43-804EA55AFC4C}" coords="(0,0,246,39)"/>
          <events title="">
            <event eventType="atClick" isChecked="True">
              <behaviour title="" isChecked="True" isWait="False" isLoop="False" execMode="emParallel">
                <target targetID="7D6876BA-6EE5-48EF-BC49-517171575468" isChecked="True" isAutoRecovery="False" isLoop="False" execMode="emSequence">
                  <command name="Change Visibility" isChecked="True" descrition="">
                    <param name="AniInterpolation" value="1" varType="3" description=""/>
                    <param name="AniDuration" value="200" varType="3" description=""/>
                    <param name="AniAutoReverse" value="False" varType="11" description=""/>
                    <param name="AniLoop" value="False" varType="11" description=""/>
                    <param name="AniInterpolationTypeOut" value="False" varType="11" description=""/>
                    <param name="Delay" value="0" varType="3" description=""/>
                    <param name="ValueFromCurrent" value="True" varType="11" description=""/>
                    <param name="ForceFromInitValue" value="False" varType="11" description=""/>
                    <param name="ForceSetVisible" value="False" varType="11" description=""/>
                    <param name="Value" value="2" varType="3" description=""/>
                    <param name="TerminateLoopByClick" value="True" varType="11" description=""/>
                  </command>
                </target>
              </behaviour>
            </event>
          </events>
        </entry>
      </interactiveData>
      <font family="Arial" displayName="Arial" postScript="" weightStyle="Standaard" weight="400" isBold="False" isItalic="False"/>
      <lineSpacing>0</lineSpacing>
      <selectedIndex>-1</selectedIndex>
    </control>
    <control controlID="7D6876BA-6EE5-48EF-BC49-517171575468" controlTypeID="Keyboard" x="2" y="344" w="375" h="269" zOrder="23">
      <isShow>False</isShow>
    </control>
  </controls>
  <param>
    <backgroundColor>4293914612</backgroundColor>
    <fontSize>14</fontSize>
    <fontFamily>Arial</fontFamily>
    <guideLines/>
  </param>
</mockup>