﻿<mockup version="5.3" minAllowVersion="5.3" ID="B8E7BDC5-0112-428D-9472-0CA3AC0B0148" platform="MtMobile" defaultW="375" defaultH="667" screenOrientation="MoPortrait" mobileScreenScale="1.77777779102325" measureW="375" measureH="667">
  <controls controlCount="28">
    <control controlID="3CF510E0-A0C2-42E8-93C6-CD40C25D8A64" controlTypeID="Shape" x="0" y="66" w="375" h="49" zOrder="0">
      <color>4294440951</color>
      <borderVisible>False</borderVisible>
      <font family="Arial" displayName="Arial" postScript="" weightStyle="Standaard" weight="400" isBold="False" isItalic="False"/>
      <textSize>14</textSize>
      <selectedIndex>-1</selectedIndex>
    </control>
    <control controlID="B67181D7-0ECD-4A69-AB0D-B30A5CE0C8CF" controlTypeID="Shape" x="0" y="20" w="375" h="46" zOrder="1">
      <color>4294506744</color>
      <borderColor>4291611852</borderColor>
      <font family="Arial" displayName="Arial" postScript="" weightStyle="Standaard" weight="400" isBold="False" isItalic="False"/>
      <textSize>16</textSize>
      <useDefaultTextSize>False</useDefaultTextSize>
      <selectedIndex>-1</selectedIndex>
      <borderMode>[bmBottom]</borderMode>
    </control>
    <control controlID="73A4416F-9B56-40DA-A91F-71362E3C14BE" controlTypeID="Icon" x="10" y="32" w="20" h="20" zOrder="2">
      <color>4279673312</color>
      <links eventType="AtClick" animate="AmPushRight" animateAutoDelay="0" animateDuration="500">
        <link targetPageID="7CA04D08-6E6C-435D-8BBB-D9F34A54E4D8" linkType="ltPageLink" isApplyIncludePage="False" title="My+problem+List">
          <area shape="0" alt="" ID="{C3653764-F803-4D9A-93D3-2F3144A16F63}" coords="(0,0,20,20)"/>
        </link>
      </links>
      <icon>
        <ID/>
        <iconFontName>jdIonicons</iconFontName>
        <iconCode>62415</iconCode>
      </icon>
      <URL>D6859759E093AABA6D618DD6AA733504.svg</URL>
    </control>
    <control controlID="6E1261A3-2497-43E5-87CA-4142EF1EAE62" controlTypeID="Label" x="152" y="30" w="71" h="19" zOrder="3">
      <font family="Arial" displayName="Arial" postScript="" weightStyle="Standaard" weight="400" isBold="False" isItalic="False"/>
      <text>View+Post</text>
      <textSize>16</textSize>
      <textVAlign>VaTop</textVAlign>
      <lineSpacing>0</lineSpacing>
      <useDefaultTextSize>False</useDefaultTextSize>
      <selectedIndex>-1</selectedIndex>
    </control>
    <control controlID="6C8155C6-A801-4DCA-821F-5A1985CD100C" controlTypeID="IconLabel2" x="160" y="119" w="52" h="18" zOrder="4">
      <groupChildrenDescriptors>
        <control controlID="4713319B-8D02-48A7-8792-73A1C3186D2F" controlTypeID="Shape" x="0" y="1" w="16" h="16" zOrder="0">
          <canMove>False</canMove>
          <alias>shape</alias>
          <font family="Arial" displayName="Arial" postScript="" weightStyle="Standaard" weight="400" isBold="False" isItalic="False"/>
          <textSize>14</textSize>
          <selectedIndex>-1</selectedIndex>
        </control>
        <control controlID="826538B3-D745-4FFC-A511-3640D992DF36" controlTypeID="Icon" x="0" y="1" w="16" h="16" zOrder="1">
          <color>4294967295</color>
          <canMove>False</canMove>
          <alias>icon</alias>
          <icon>
            <ID/>
            <iconFontName>jdIonicons</iconFontName>
            <iconCode>62320</iconCode>
          </icon>
          <URL>DE7A3840C7CBA1B69449E3DDB42FE32A.svg</URL>
        </control>
        <control controlID="CE91EE18-933C-48D7-9189-AF9DB5FCA62B" controlTypeID="Label" x="20" y="2" w="32" h="14" zOrder="2">
          <canMove>False</canMove>
          <alias>label</alias>
          <font family="Arial" displayName="Arial_%26_Bold" postScript="" weightStyle="Bold" weight="700" isBold="True" isItalic="False"/>
          <text>Other</text>
          <textColor>4294967295</textColor>
          <textSize>12</textSize>
          <textAlign>HaCenter</textAlign>
          <textVAlign>VaTop</textVAlign>
          <lineSpacing>0</lineSpacing>
          <textStyles>[fsBold]</textStyles>
          <selectedIndex>-1</selectedIndex>
        </control>
        <control controlID="270F718A-B7DD-48F7-AB29-F8A7F2ACE323" controlTypeID="Shape" x="39" y="0" w="13" h="12" zOrder="3">
          <color>4294901760</color>
          <borderVisible>False</borderVisible>
          <canMove>False</canMove>
          <alias>alarm</alias>
          <font family="Arial" displayName="Arial" postScript="" weightStyle="Standaard" weight="400" isBold="False" isItalic="False"/>
          <text>2</text>
          <textColor>4294967295</textColor>
          <textSize>7</textSize>
          <selectedIndex>-1</selectedIndex>
          <radius>100</radius>
          <radiusIsPercent>True</radiusIsPercent>
        </control>
      </groupChildrenDescriptors>
      <textDirection>MiTextRight</textDirection>
      <iconSize>16</iconSize>
    </control>
    <control controlID="175BC07A-201E-4480-8FB5-D2A97CEFC7EF" controlTypeID="Shape" x="0" y="618" w="375" h="49" zOrder="5">
      <color>4294440951</color>
      <borderColor>4291611852</borderColor>
      <font family="Arial" displayName="Arial" postScript="" weightStyle="Standaard" weight="400" isBold="False" isItalic="False"/>
      <textColor>4279673312</textColor>
      <textSize>16</textSize>
      <useDefaultTextSize>False</useDefaultTextSize>
      <selectedIndex>-1</selectedIndex>
      <borderMode>[bmTop,bmBottom]</borderMode>
    </control>
    <control controlID="CB4F99EA-E862-4B63-851C-03F9444791A6" controlTypeID="Map" x="20" y="146" w="156" h="173" zOrder="6">
      <interactiveData>
        <entry title="">
          <area shape="0" alt="" ID="{B844A9FE-A2D4-4198-B8DD-8A6A0518AC42}" coords="(0,0,156,173)"/>
          <events title="">
            <event eventType="atClick" isChecked="True">
              <behaviour title="" isChecked="True" isWait="False" isLoop="False" execMode="emParallel">
                <target targetID="CB4F99EA-E862-4B63-851C-03F9444791A6" IsNeedReplaceAsSelfID="True" isChecked="True" isAutoRecovery="False" isLoop="False" execMode="emSequence">
                  <command name="Scale" isChecked="True" descrition="">
                    <param name="AniInterpolation" value="1" varType="3" description=""/>
                    <param name="AniDuration" value="200" varType="3" description=""/>
                    <param name="AniAutoReverse" value="False" varType="11" description=""/>
                    <param name="AniLoop" value="False" varType="11" description=""/>
                    <param name="AniInterpolationTypeOut" value="False" varType="11" description=""/>
                    <param name="Delay" value="0" varType="3" description=""/>
                    <param name="ValueFromCurrent" value="True" varType="11" description=""/>
                    <param name="ScaleDirection" value="0" varType="3" description=""/>
                    <param name="ValueMode" value="0" varType="3" description=""/>
                    <param name="FromScaleX" value="1" varType="3" description=""/>
                    <param name="FromScaleY" value="1" varType="3" description=""/>
                    <param name="ToScaleX" value="1" varType="3" description=""/>
                    <param name="ToScaleY" value="1" varType="3" description=""/>
                    <param name="ToX" value="0" varType="3" description=""/>
                    <param name="ToY" value="0" varType="3" description=""/>
                    <param name="TerminateLoopByClick" value="True" varType="11" description=""/>
                  </command>
                </target>
              </behaviour>
            </event>
          </events>
        </entry>
      </interactiveData>
    </control>
    <control controlID="7A77D3D5-E86D-4F37-922E-0061540FAEE5" controlTypeID="Icon" x="152" y="288" w="24" h="24" zOrder="7">
      <icon>
        <ID/>
        <iconFontName>jdIonicons</iconFontName>
        <iconCode>62185</iconCode>
      </icon>
      <URL>2784B999C40CAFF09E2D9FF5F4DBA473.svg</URL>
    </control>
    <control controlID="E286198A-893F-4925-BF3D-249B19946D5B" controlTypeID="Label" x="20" y="118" w="140" h="19" zOrder="8">
      <font family="Arial" displayName="Arial" postScript="" weightStyle="Standaard" weight="400" isBold="False" isItalic="False"/>
      <text>Location+of+the+post</text>
      <textSize>16</textSize>
      <textVAlign>VaTop</textVAlign>
      <lineSpacing>0</lineSpacing>
      <useDefaultTextSize>False</useDefaultTextSize>
      <selectedIndex>-1</selectedIndex>
    </control>
    <control controlID="08732C23-5037-449A-82F0-D1A44B9593F0" controlTypeID="Image" x="205" y="147" w="150" h="150" zOrder="9">
      <caption>Tap+to+select+an+image</caption>
      <URL>3061E2477CAA5B520A2C85EC38F2DF26.jpg</URL>
    </control>
    <control controlID="AB4294F7-0F85-4730-9C1C-7DE755545B29" controlTypeID="Label" x="205" y="118" w="124" h="19" zOrder="10">
      <font family="Arial" displayName="Arial" postScript="" weightStyle="Standaard" weight="400" isBold="False" isItalic="False"/>
      <text>Image+of+the+post</text>
      <textSize>16</textSize>
      <textVAlign>VaTop</textVAlign>
      <lineSpacing>0</lineSpacing>
      <useDefaultTextSize>False</useDefaultTextSize>
      <selectedIndex>-1</selectedIndex>
    </control>
    <control controlID="9FDDD661-58F2-4626-A40A-959551C1ADC6" controlTypeID="StatusBar(Android)" x="0" y="0" w="375" h="20" zOrder="11"/>
    <control controlID="813D4B33-4237-4C3F-9DEF-CD47AFC40EAF" controlTypeID="CompositeComboBox" x="155" y="416" w="200" h="39" zOrder="12">
      <groupChildrenDescriptors>
        <control controlID="60B13676-B55F-4EAD-8461-6A0C474CC941" controlTypeID="TextInput" x="0" y="0" w="177" h="39" zOrder="0">
          <locked>True</locked>
          <canMove>False</canMove>
          <alias>input</alias>
          <font family="Segoe+UI" displayName="Segoe+UI" postScript="" weightStyle="Standaard" weight="400" isBold="False" isItalic="False" useDefaultFontFamily="False"/>
          <text>Accident</text>
          <lineSpacing>0</lineSpacing>
          <selectedIndex>-1</selectedIndex>
        </control>
        <control controlID="ECA9200A-3320-47C2-8C63-2B7E48298B87" controlTypeID="Button" x="176" y="0" w="24" h="39" zOrder="1">
          <locked>True</locked>
          <canMove>False</canMove>
          <alias>button</alias>
          <font family="Arial" displayName="Arial" postScript="" weightStyle="Standaard" weight="400" isBold="False" isItalic="False"/>
          <lineSpacing>0</lineSpacing>
          <selectedIndex>-1</selectedIndex>
          <radius>0</radius>
        </control>
        <control controlID="953A223B-CB9E-4B0C-92C4-6ACB78AA26AF" controlTypeID="List" x="0" y="39" w="200" h="158" zOrder="2">
          <isShow>False</isShow>
          <canMove>False</canMove>
          <alias>dropDown</alias>
          <font family="Segoe+UI" displayName="Segoe+UI" postScript="" weightStyle="Standaard" weight="400" isBold="False" isItalic="False" useDefaultFontFamily="False"/>
          <text>Accident%0D%0ATraffic+jam%0D%0APothole%0D%0ARoad+diversion</text>
          <textSize>14</textSize>
          <lineSpacing>0</lineSpacing>
          <itemHeight>39</itemHeight>
          <interlaceColor>4294967295</interlaceColor>
        </control>
      </groupChildrenDescriptors>
      <font family="Segoe+UI"/>
      <textSize>14</textSize>
    </control>
    <control controlID="A7986968-30C9-4633-A60E-EDB6875FE190" controlTypeID="Label" x="20" y="428" w="76" h="17" zOrder="13">
      <font family="Arial" displayName="Arial" postScript="" weightStyle="Standaard" weight="400" isBold="False" isItalic="False"/>
      <text>Type+of+post</text>
      <lineSpacing>0</lineSpacing>
      <selectedIndex>-1</selectedIndex>
    </control>
    <control controlID="B131816D-2B56-4660-979F-617D372C7D60" controlTypeID="Label" x="20" y="376" w="83" h="17" zOrder="14">
      <font family="Arial" displayName="Arial" postScript="" weightStyle="Standaard" weight="400" isBold="False" isItalic="False"/>
      <text>Name+of+post</text>
      <lineSpacing>0</lineSpacing>
      <selectedIndex>-1</selectedIndex>
    </control>
    <control controlID="530204E6-AFFE-4667-A07A-85AE1F009B49" controlTypeID="TextInput" x="155" y="364" w="200" h="39" zOrder="15">
      <font family="Arial" displayName="Arial" postScript="" weightStyle="Standaard" weight="400" isBold="False" isItalic="False"/>
      <text>Giant+crash</text>
      <lineSpacing>0</lineSpacing>
      <selectedIndex>-1</selectedIndex>
    </control>
    <control controlID="32246D0A-32C4-4221-811F-22DF69573B55" controlTypeID="Icon" x="79" y="210" w="24" h="24" zOrder="16">
      <color>4291559424</color>
      <icon>
        <ID/>
        <iconFontName>jdIonicons</iconFontName>
        <iconCode>62371</iconCode>
      </icon>
      <URL>474A61FDC203C97B2EEFAF494C017CCB.svg</URL>
    </control>
    <control controlID="07DE2546-853A-4AF6-B4B9-6CABAB918AD8" controlTypeID="Label" x="20" y="329" w="165" h="17" zOrder="17">
      <font family="Arial" displayName="Arial" postScript="" weightStyle="Standaard" weight="400" isBold="False" isItalic="False"/>
      <text>Hasselt%2C+Kapermolenstraat</text>
      <lineSpacing>0</lineSpacing>
      <selectedIndex>-1</selectedIndex>
    </control>
    <control controlID="BF064BE1-CA20-416F-866A-3E9176900D52" controlTypeID="Icon" x="42" y="474" w="24" h="24" zOrder="18">
      <color>4294940928</color>
      <icon>
        <ID/>
        <iconFontName>jdIonicons</iconFontName>
        <iconCode>62204</iconCode>
      </icon>
      <URL>7368E932054EB35095B123FCB5C28A31.svg</URL>
    </control>
    <control controlID="5D6462E7-83FA-4DC6-9FFC-E97B6486AADC" controlTypeID="Label" x="79" y="478" w="9" h="21" zOrder="19">
      <font family="Arial" displayName="Arial" postScript="" weightStyle="Standaard" weight="400" isBold="False" isItalic="False"/>
      <text>5</text>
      <textSize>18</textSize>
      <lineSpacing>0</lineSpacing>
      <useDefaultTextSize>False</useDefaultTextSize>
      <selectedIndex>-1</selectedIndex>
    </control>
    <control controlID="0FCEF772-16FD-49C5-ADA0-C026324A338A" controlTypeID="Label" x="102" y="576" w="176" h="19" zOrder="20">
      <font family="Arial" displayName="Arial" postScript="" weightStyle="Standaard" weight="400" isBold="False" isItalic="False"/>
      <text>Share+Post+on+Facebook</text>
      <textColor>4279673312</textColor>
      <textSize>16</textSize>
      <textVAlign>VaTop</textVAlign>
      <lineSpacing>0</lineSpacing>
      <useDefaultTextSize>False</useDefaultTextSize>
      <selectedIndex>-1</selectedIndex>
    </control>
  </controls>
  <param>
    <backgroundColor>4294967295</backgroundColor>
    <fontSize>0</fontSize>
    <fontFamily>Arial</fontFamily>
    <guideLines/>
  </param>
</mockup>