﻿<mockup version="5.3" minAllowVersion="5.3" ID="EA76D640-C778-41CF-A672-07D279F8E670" platform="MtMobile" defaultW="375" defaultH="667" screenOrientation="MoPortrait" mobileScreenScale="1.77777779102325" measureW="375" measureH="667">
  <controls controlCount="21">
    <control controlID="B67181D7-0ECD-4A69-AB0D-B30A5CE0C8CF" controlTypeID="Shape" x="0" y="20" w="375" h="46" zOrder="0">
      <color>4294506744</color>
      <borderColor>4291611852</borderColor>
      <font family="Arial" displayName="Arial" postScript="" weightStyle="Standaard" weight="400" isBold="False" isItalic="False"/>
      <textSize>16</textSize>
      <useDefaultTextSize>False</useDefaultTextSize>
      <selectedIndex>-1</selectedIndex>
      <borderMode>[bmBottom]</borderMode>
    </control>
    <control controlID="73A4416F-9B56-40DA-A91F-71362E3C14BE" controlTypeID="Icon" x="10" y="32" w="20" h="20" zOrder="1">
      <color>4279673312</color>
      <links eventType="AtClick" animate="AmPushRight" animateAutoDelay="0" animateDuration="500">
        <link targetPageID="7CA04D08-6E6C-435D-8BBB-D9F34A54E4D8" linkType="ltPageLink" isApplyIncludePage="False" title="My+problem+List">
          <area shape="0" alt="" ID="{C3653764-F803-4D9A-93D3-2F3144A16F63}" coords="(0,0,20,20)"/>
        </link>
      </links>
      <icon>
        <ID/>
        <iconFontName>jdIonicons</iconFontName>
        <iconCode>62415</iconCode>
      </icon>
      <URL>D6859759E093AABA6D618DD6AA733504.svg</URL>
    </control>
    <control controlID="6E1261A3-2497-43E5-87CA-4142EF1EAE62" controlTypeID="Label" x="157" y="30" w="62" h="19" zOrder="2">
      <font family="Arial" displayName="Arial" postScript="" weightStyle="Standaard" weight="400" isBold="False" isItalic="False"/>
      <text>Edit+post</text>
      <textSize>16</textSize>
      <textVAlign>VaTop</textVAlign>
      <lineSpacing>0</lineSpacing>
      <useDefaultTextSize>False</useDefaultTextSize>
      <selectedIndex>-1</selectedIndex>
    </control>
    <control controlID="175BC07A-201E-4480-8FB5-D2A97CEFC7EF" controlTypeID="Shape" x="0" y="618" w="375" h="49" zOrder="3">
      <color>4294440951</color>
      <borderColor>4291611852</borderColor>
      <font family="Arial" displayName="Arial" postScript="" weightStyle="Standaard" weight="400" isBold="False" isItalic="False"/>
      <textColor>4279673312</textColor>
      <textSize>16</textSize>
      <useDefaultTextSize>False</useDefaultTextSize>
      <selectedIndex>-1</selectedIndex>
      <borderMode>[bmTop,bmBottom]</borderMode>
    </control>
    <control controlID="CB4F99EA-E862-4B63-851C-03F9444791A6" controlTypeID="Map" x="20" y="105" w="156" h="173" zOrder="4"/>
    <control controlID="7A77D3D5-E86D-4F37-922E-0061540FAEE5" controlTypeID="Icon" x="152" y="247" w="24" h="24" zOrder="5">
      <icon>
        <ID/>
        <iconFontName>jdIonicons</iconFontName>
        <iconCode>62185</iconCode>
      </icon>
      <URL>2784B999C40CAFF09E2D9FF5F4DBA473.svg</URL>
    </control>
    <control controlID="E286198A-893F-4925-BF3D-249B19946D5B" controlTypeID="Label" x="20" y="77" w="148" h="19" zOrder="6">
      <font family="Arial" displayName="Arial" postScript="" weightStyle="Standaard" weight="400" isBold="False" isItalic="False"/>
      <text>Location+of+your+post</text>
      <textSize>16</textSize>
      <textVAlign>VaTop</textVAlign>
      <lineSpacing>0</lineSpacing>
      <useDefaultTextSize>False</useDefaultTextSize>
      <selectedIndex>-1</selectedIndex>
    </control>
    <control controlID="08732C23-5037-449A-82F0-D1A44B9593F0" controlTypeID="Image" x="205" y="106" w="150" h="165" zOrder="7">
      <caption>Tap+to+select+an+image</caption>
      <URL>3DB88A2744AEB80517B5300F485C5520.jpg</URL>
      <flipHorizontal>True</flipHorizontal>
    </control>
    <control controlID="AB4294F7-0F85-4730-9C1C-7DE755545B29" controlTypeID="Label" x="205" y="77" w="124" h="19" zOrder="8">
      <font family="Arial" displayName="Arial" postScript="" weightStyle="Standaard" weight="400" isBold="False" isItalic="False"/>
      <text>Image+of+the+post</text>
      <textSize>16</textSize>
      <textVAlign>VaTop</textVAlign>
      <lineSpacing>0</lineSpacing>
      <useDefaultTextSize>False</useDefaultTextSize>
      <selectedIndex>-1</selectedIndex>
    </control>
    <control controlID="9FDDD661-58F2-4626-A40A-959551C1ADC6" controlTypeID="StatusBar(Android)" x="0" y="0" w="375" h="20" zOrder="9"/>
    <control controlID="476890E6-558E-4BEA-97DA-06D0F61A5AAF" controlTypeID="CompositeComboBox" x="155" y="349" w="200" h="39" zOrder="10">
      <groupChildrenDescriptors>
        <control controlID="44CB484C-964D-4B1B-A37C-76442000583E" controlTypeID="TextInput" x="0" y="0" w="177" h="39" zOrder="0">
          <locked>True</locked>
          <canMove>False</canMove>
          <alias>input</alias>
          <font family="Segoe+UI" displayName="Segoe+UI" postScript="" weightStyle="Standaard" weight="400" isBold="False" isItalic="False" useDefaultFontFamily="False"/>
          <text>Misc</text>
          <lineSpacing>0</lineSpacing>
          <selectedIndex>-1</selectedIndex>
        </control>
        <control controlID="ECC88075-CB7D-4BF6-8276-11D77EB86BDB" controlTypeID="Button" x="176" y="0" w="24" h="39" zOrder="1">
          <locked>True</locked>
          <canMove>False</canMove>
          <alias>button</alias>
          <font family="Arial" displayName="Arial" postScript="" weightStyle="Standaard" weight="400" isBold="False" isItalic="False"/>
          <lineSpacing>0</lineSpacing>
          <selectedIndex>-1</selectedIndex>
          <radius>0</radius>
        </control>
        <control controlID="70C6B88A-3F70-4F26-97AA-49F84C32C234" controlTypeID="List" x="0" y="39" w="200" h="197" zOrder="2">
          <isShow>False</isShow>
          <canMove>False</canMove>
          <alias>dropDown</alias>
          <font family="Segoe+UI" displayName="Segoe+UI" postScript="" weightStyle="Standaard" weight="400" isBold="False" isItalic="False" useDefaultFontFamily="False"/>
          <text>Misc%0D%0ACar+accident%0D%0ATraffic+jam%0D%0APothole%0D%0ARoad+diversion%0D%0A</text>
          <textSize>14</textSize>
          <lineSpacing>0</lineSpacing>
          <itemHeight>39</itemHeight>
          <interlaceColor>4294967295</interlaceColor>
        </control>
      </groupChildrenDescriptors>
      <font family="Segoe+UI"/>
      <textSize>14</textSize>
    </control>
    <control controlID="CFE87D1E-F2AE-4804-A601-FBD3368A4DFB" controlTypeID="Label" x="20" y="361" w="76" h="17" zOrder="11">
      <font family="Arial" displayName="Arial" postScript="" weightStyle="Standaard" weight="400" isBold="False" isItalic="False"/>
      <text>Type+of+post</text>
      <lineSpacing>0</lineSpacing>
      <selectedIndex>-1</selectedIndex>
    </control>
    <control controlID="AD5C0331-E574-48A2-B0C0-788C741BD83C" controlTypeID="Label" x="20" y="309" w="83" h="17" zOrder="12">
      <font family="Arial" displayName="Arial" postScript="" weightStyle="Standaard" weight="400" isBold="False" isItalic="False"/>
      <text>Name+of+post</text>
      <lineSpacing>0</lineSpacing>
      <selectedIndex>-1</selectedIndex>
    </control>
    <control controlID="A83F3CA5-822D-4C1D-9B9D-403C36B559D9" controlTypeID="TextInput" x="155" y="297" w="200" h="39" zOrder="13">
      <font family="Arial" displayName="Arial" postScript="" weightStyle="Standaard" weight="400" isBold="False" isItalic="False"/>
      <text>Broken+glass+on+the+road</text>
      <lineSpacing>0</lineSpacing>
      <selectedIndex>-1</selectedIndex>
    </control>
    <control controlID="4E03CA02-201C-4C04-ADC3-5BA7A1651CCA" controlTypeID="Button" x="107" y="536" w="162" h="48" zOrder="14">
      <color>4282501083</color>
      <borderVisible>False</borderVisible>
      <links eventType="AtClick" animate="AmNone" animateAutoDelay="0" animateDuration="500">
        <link targetPageID="9C029B47-B162-4D46-9BD5-0299F0D4E449" linkType="ltPageLink" isApplyIncludePage="False" title="List+Of+Posts+List">
          <area shape="0" alt="" ID="{43576CDE-DE9A-486A-BAAD-2378739F1BA1}" coords="(0,0,162,48)"/>
        </link>
      </links>
      <font family="Arial" displayName="Arial" postScript="" weightStyle="Standaard" weight="400" isBold="False" isItalic="False" useDefaultFontFamily="False"/>
      <text>Save</text>
      <textColor>4294967295</textColor>
      <textSize>24</textSize>
      <lineSpacing>0</lineSpacing>
      <useDefaultTextSize>False</useDefaultTextSize>
      <selectedIndex>-1</selectedIndex>
    </control>
    <control controlID="8D8C4AE7-B61B-43AF-A4DE-C639CB192847" controlTypeID="Icon" x="176" y="630" w="24" h="24" zOrder="15">
      <icon>
        <ID/>
        <iconFontName>jdIonicons</iconFontName>
        <iconCode>62163</iconCode>
      </icon>
      <URL>C7D1B4CE058A7FC0691E8FF41CC36AD9.svg</URL>
    </control>
    <control controlID="8AFACF18-87F8-4E9A-B08D-11D22903A13D" controlTypeID="Keyboard" x="0" y="404" w="375" h="263" zOrder="16">
      <isShow>False</isShow>
      <interactiveData>
        <entry title="">
          <area shape="0" alt="" ID="{514B7BFF-9C90-42CA-BDF9-17B286C84D13}" coords="(0,0,60,60)"/>
          <events title="">
            <event eventType="atClick" isChecked="True">
              <behaviour title="" isChecked="True" isWait="False" isLoop="False" execMode="emParallel">
                <target targetID="8AFACF18-87F8-4E9A-B08D-11D22903A13D" IsNeedReplaceAsSelfID="True" isChecked="True" isAutoRecovery="False" isLoop="False" execMode="emSequence">
                  <command name="Change Visibility" isChecked="True" descrition="">
                    <param name="AniInterpolation" value="1" varType="3" description=""/>
                    <param name="AniDuration" value="200" varType="3" description=""/>
                    <param name="AniAutoReverse" value="False" varType="11" description=""/>
                    <param name="AniLoop" value="False" varType="11" description=""/>
                    <param name="AniInterpolationTypeOut" value="False" varType="11" description=""/>
                    <param name="Delay" value="0" varType="3" description=""/>
                    <param name="ValueFromCurrent" value="True" varType="11" description=""/>
                    <param name="ForceFromInitValue" value="False" varType="11" description=""/>
                    <param name="ForceSetVisible" value="False" varType="11" description=""/>
                    <param name="Value" value="2" varType="3" description=""/>
                    <param name="TerminateLoopByClick" value="True" varType="11" description=""/>
                  </command>
                </target>
              </behaviour>
            </event>
          </events>
        </entry>
      </interactiveData>
    </control>
    <control controlID="62A4A280-4EDC-4782-8F80-95095CA63F9D" controlTypeID="Icon" x="79" y="175" w="24" h="24" zOrder="17">
      <color>4291559424</color>
      <icon>
        <ID/>
        <iconFontName>jdIonicons</iconFontName>
        <iconCode>62371</iconCode>
      </icon>
      <URL>474A61FDC203C97B2EEFAF494C017CCB.svg</URL>
    </control>
  </controls>
  <param>
    <backgroundColor>4294967295</backgroundColor>
    <fontSize>0</fontSize>
    <fontFamily>Arial</fontFamily>
    <guideLines/>
  </param>
</mockup>