﻿<LinkSources version="1.02">
  <page ID="274A8EE7-7400-4E9A-B425-077265BDA01A">
    <linkSource sourcePageID="C1FFFC42-2807-48E5-8B38-63859A93DFF2" comID="26DD0C6A-6170-4D55-94C6-BA3496803384" comLinkType="cltPageLink"/>
    <linkSource sourcePageID="23A32FDF-A3FC-406B-822C-B3D29FA08195" comID="E041C3DB-B02E-4419-A785-6412B134994E" comLinkType="cltPageLink"/>
  </page>
  <page ID="7E574E4F-8F50-44F6-9B89-CF090A494B2C">
    <linkSource sourcePageID="01E91AD8-2213-4F6E-99B7-A919BBE3C326" comID="AB238925-D0B4-4427-AEAD-B92B2AA41E8A" comLinkType="cltPageLink"/>
    <linkSource sourcePageID="7E574E4F-8F50-44F6-9B89-CF090A494B2C" comID="EF67E7F9-CD19-489C-980F-631DFBEC1C78" comLinkType="cltPageLink"/>
    <linkSource sourcePageID="7E574E4F-8F50-44F6-9B89-CF090A494B2C" comID="C5F841E9-6C28-4ACE-B874-2FA6F4F361D8" comLinkType="cltPageLink"/>
    <linkSource sourcePageID="01E91AD8-2213-4F6E-99B7-A919BBE3C326" comID="4FFBD564-C862-4FE1-ACA4-9DF9D59E9C39" comLinkType="cltPageLink"/>
  </page>
  <page ID="23A32FDF-A3FC-406B-822C-B3D29FA08195">
    <linkSource sourcePageID="9C029B47-B162-4D46-9BD5-0299F0D4E449" comID="E8CCCDC8-F8D3-45A3-8AAB-769C95553DF5" comLinkType="cltPageLink"/>
    <linkSource sourcePageID="9C029B47-B162-4D46-9BD5-0299F0D4E449" comID="E93F71AD-C5CC-4266-88B4-F1A2C5BFB109" comLinkType="cltPageLink"/>
    <linkSource sourcePageID="7CA04D08-6E6C-435D-8BBB-D9F34A54E4D8" comID="61AA1D3D-E0DB-4495-BA8E-07B5D5024AD5" comLinkType="cltPageLink"/>
    <linkSource sourcePageID="ADABD2F4-7944-423C-A28A-E7505F4E0D3E" comID="5F0A5627-CC93-4D54-A494-E76582469253" comLinkType="cltPageLink"/>
    <linkSource sourcePageID="7CA04D08-6E6C-435D-8BBB-D9F34A54E4D8" comID="4061E5F0-09B3-4B42-9959-29A80E0C8BCC" comLinkType="cltPageLink"/>
    <linkSource sourcePageID="ADABD2F4-7944-423C-A28A-E7505F4E0D3E" comID="BF354117-CBA7-4252-9CB6-45B6763A75D3" comLinkType="cltPageLink"/>
    <linkSource sourcePageID="ADABD2F4-7944-423C-A28A-E7505F4E0D3E" comID="1798640E-2B00-4B5C-B90B-6FF3DC0E031D" comLinkType="cltPageLink"/>
    <linkSource sourcePageID="ADABD2F4-7944-423C-A28A-E7505F4E0D3E" comID="62AE4757-E7FA-4F5B-8D3E-A296EE3D6F2F" comLinkType="cltPageLink"/>
    <linkSource sourcePageID="ADABD2F4-7944-423C-A28A-E7505F4E0D3E" comID="E8CCCDC8-F8D3-45A3-8AAB-769C95553DF5" comLinkType="cltPageLink"/>
  </page>
  <page ID="ADABD2F4-7944-423C-A28A-E7505F4E0D3E">
    <linkSource sourcePageID="9C029B47-B162-4D46-9BD5-0299F0D4E449" comID="EC5C885F-F001-4757-9270-02CCBD74E582" comLinkType="cltPageLink"/>
    <linkSource sourcePageID="23A32FDF-A3FC-406B-822C-B3D29FA08195" comID="EC5C885F-F001-4757-9270-02CCBD74E582" comLinkType="cltPageLink"/>
    <linkSource sourcePageID="7CA04D08-6E6C-435D-8BBB-D9F34A54E4D8" comID="731EAE16-DC8D-4564-81AB-37944D7DE5ED" comLinkType="cltPageLink"/>
    <linkSource sourcePageID="ADABD2F4-7944-423C-A28A-E7505F4E0D3E" comID="145EC77F-BA7A-4920-90A5-AAD113E4BA54" comLinkType="cltPageLink"/>
    <linkSource sourcePageID="7CA04D08-6E6C-435D-8BBB-D9F34A54E4D8" comID="C7EE1A78-FFF5-4224-8A58-A30D9831B508" comLinkType="cltPageLink"/>
    <linkSource sourcePageID="ADABD2F4-7944-423C-A28A-E7505F4E0D3E" comID="D2D0AB93-0C0B-425E-A5DB-ED6F7370A2C7" comLinkType="cltPageLink"/>
    <linkSource sourcePageID="ADABD2F4-7944-423C-A28A-E7505F4E0D3E" comID="19A21EE0-29F1-4F76-9CC0-95BD0299959C" comLinkType="cltPageLink"/>
    <linkSource sourcePageID="ADABD2F4-7944-423C-A28A-E7505F4E0D3E" comID="99EFEAD9-355A-4B95-A8DF-6C39EB030A90" comLinkType="cltPageLink"/>
    <linkSource sourcePageID="25C21F01-276C-498C-A495-433F3CF20C80" comID="C965DE11-2821-46EE-8165-19338DDDBE3B" comLinkType="cltPageLink"/>
    <linkSource sourcePageID="62227D2C-0329-4F44-A608-91E01FBCBCEF" comID="73A4416F-9B56-40DA-A91F-71362E3C14BE" comLinkType="cltPageLink"/>
  </page>
  <page ID="62227D2C-0329-4F44-A608-91E01FBCBCEF">
    <linkSource sourcePageID="62227D2C-0329-4F44-A608-91E01FBCBCEF" comID="A9371450-12F3-43FE-A23B-4781FB3C5CB6" comLinkType="cltPageLink"/>
    <linkSource sourcePageID="ADABD2F4-7944-423C-A28A-E7505F4E0D3E" comID="8991EC9B-48C6-4DC7-800A-4C2DC01B9A9E" comLinkType="cltPageLink"/>
    <linkSource sourcePageID="ADABD2F4-7944-423C-A28A-E7505F4E0D3E" comID="5C98FDBB-05D6-4488-B33D-3253FEC3925D" comLinkType="cltPageLink"/>
    <linkSource sourcePageID="ADABD2F4-7944-423C-A28A-E7505F4E0D3E" comID="EC5C885F-F001-4757-9270-02CCBD74E582" comLinkType="cltPageLink"/>
    <linkSource sourcePageID="ADABD2F4-7944-423C-A28A-E7505F4E0D3E" comID="E46F7371-80EC-42B1-9151-038453D65AD8" comLinkType="cltPageLink"/>
    <linkSource sourcePageID="ADABD2F4-7944-423C-A28A-E7505F4E0D3E" comID="6411D883-18D7-48F2-AADA-9546070BF4CC" comLinkType="cltPageLink"/>
    <linkSource sourcePageID="ADABD2F4-7944-423C-A28A-E7505F4E0D3E" comID="FC3B50BF-8E1A-47C1-B538-D664A1AF7C37" comLinkType="cltPageLink"/>
    <linkSource sourcePageID="ADABD2F4-7944-423C-A28A-E7505F4E0D3E" comID="F1C401A0-840F-4A21-8A73-C3ED9517993D" comLinkType="cltPageLink"/>
  </page>
  <page ID="9C029B47-B162-4D46-9BD5-0299F0D4E449">
    <linkSource sourcePageID="01E91AD8-2213-4F6E-99B7-A919BBE3C326" comID="199547EC-4575-4642-AE8B-15640845B64F" comLinkType="cltPageLink"/>
    <linkSource sourcePageID="7E574E4F-8F50-44F6-9B89-CF090A494B2C" comID="199547EC-4575-4642-AE8B-15640845B64F" comLinkType="cltPageLink"/>
    <linkSource sourcePageID="9C029B47-B162-4D46-9BD5-0299F0D4E449" comID="3BF1F055-F919-4215-88DD-DC569D919661" comLinkType="cltPageLink"/>
    <linkSource sourcePageID="23A32FDF-A3FC-406B-822C-B3D29FA08195" comID="0163E83E-541B-41E3-9C02-89CD4A34E00C" comLinkType="cltPageLink"/>
    <linkSource sourcePageID="7CA04D08-6E6C-435D-8BBB-D9F34A54E4D8" comID="73A4416F-9B56-40DA-A91F-71362E3C14BE" comLinkType="cltPageLink"/>
    <linkSource sourcePageID="ADABD2F4-7944-423C-A28A-E7505F4E0D3E" comID="0163E83E-541B-41E3-9C02-89CD4A34E00C" comLinkType="cltPageLink"/>
    <linkSource sourcePageID="9C029B47-B162-4D46-9BD5-0299F0D4E449" comID="B7588726-377F-4A59-8A4A-89B2E4016723" comLinkType="cltPageLink"/>
    <linkSource sourcePageID="25C21F01-276C-498C-A495-433F3CF20C80" comID="73A4416F-9B56-40DA-A91F-71362E3C14BE" comLinkType="cltPageLink"/>
    <linkSource sourcePageID="62227D2C-0329-4F44-A608-91E01FBCBCEF" comID="73A4416F-9B56-40DA-A91F-71362E3C14BE" comLinkType="cltPageLink"/>
    <linkSource sourcePageID="EA76D640-C778-41CF-A672-07D279F8E670" comID="4E03CA02-201C-4C04-ADC3-5BA7A1651CCA" comLinkType="cltPageLink"/>
    <linkSource sourcePageID="01E91AD8-2213-4F6E-99B7-A919BBE3C326" comID="4FFBD564-C862-4FE1-ACA4-9DF9D59E9C39" comLinkType="cltPageLink"/>
    <linkSource sourcePageID="9C029B47-B162-4D46-9BD5-0299F0D4E449" comID="7697BFB4-66B6-4002-BFC7-FF069A7C587F" comLinkType="cltPageLink"/>
  </page>
  <page ID="EA76D640-C778-41CF-A672-07D279F8E670">
    <linkSource sourcePageID="7CA04D08-6E6C-435D-8BBB-D9F34A54E4D8" comID="BDADE6B6-1F85-49A1-82FF-5A95FBB3D1BA" comLinkType="cltPageLink"/>
    <linkSource sourcePageID="7CA04D08-6E6C-435D-8BBB-D9F34A54E4D8" comID="7992BBCA-B109-40B0-8332-8ACB2F091966" comLinkType="cltPageLink"/>
  </page>
  <page ID="7CA04D08-6E6C-435D-8BBB-D9F34A54E4D8">
    <linkSource sourcePageID="9C029B47-B162-4D46-9BD5-0299F0D4E449" comID="3BF1F055-F919-4215-88DD-DC569D919661" comLinkType="cltPageLink"/>
    <linkSource sourcePageID="7CA04D08-6E6C-435D-8BBB-D9F34A54E4D8" comID="A9371450-12F3-43FE-A23B-4781FB3C5CB6" comLinkType="cltPageLink"/>
    <linkSource sourcePageID="9C029B47-B162-4D46-9BD5-0299F0D4E449" comID="B7588726-377F-4A59-8A4A-89B2E4016723" comLinkType="cltPageLink"/>
    <linkSource sourcePageID="25C21F01-276C-498C-A495-433F3CF20C80" comID="73A4416F-9B56-40DA-A91F-71362E3C14BE" comLinkType="cltPageLink"/>
    <linkSource sourcePageID="EA76D640-C778-41CF-A672-07D279F8E670" comID="73A4416F-9B56-40DA-A91F-71362E3C14BE" comLinkType="cltPageLink"/>
    <linkSource sourcePageID="25C21F01-276C-498C-A495-433F3CF20C80" comID="61EC041B-CE4B-4980-A410-2B41455BE12A" comLinkType="cltPageLink"/>
    <linkSource sourcePageID="B8E7BDC5-0112-428D-9472-0CA3AC0B0148" comID="73A4416F-9B56-40DA-A91F-71362E3C14BE" comLinkType="cltPageLink"/>
    <linkSource sourcePageID="9C029B47-B162-4D46-9BD5-0299F0D4E449" comID="6D0BBE7C-7F7F-4E36-A56A-54BF1295AFB0" comLinkType="cltPageLink"/>
    <linkSource sourcePageID="9C029B47-B162-4D46-9BD5-0299F0D4E449" comID="734DD968-8349-4060-8080-C9956A132BFD" comLinkType="cltPageLink"/>
    <linkSource sourcePageID="9C029B47-B162-4D46-9BD5-0299F0D4E449" comID="09F33C1A-89F8-4745-A528-9D9243173626" comLinkType="cltPageLink"/>
  </page>
  <page ID="25C21F01-276C-498C-A495-433F3CF20C80">
    <linkSource sourcePageID="25C21F01-276C-498C-A495-433F3CF20C80" comID="A9371450-12F3-43FE-A23B-4781FB3C5CB6" comLinkType="cltPageLink"/>
    <linkSource sourcePageID="7CA04D08-6E6C-435D-8BBB-D9F34A54E4D8" comID="4F85EEC0-09B8-49C6-944A-A68CE7704606" comLinkType="cltPageLink"/>
  </page>
  <page ID="B8E7BDC5-0112-428D-9472-0CA3AC0B0148">
    <linkSource sourcePageID="7CA04D08-6E6C-435D-8BBB-D9F34A54E4D8" comID="0E878606-668A-402D-A897-450D20749BFA" comLinkType="cltPageLink"/>
    <linkSource sourcePageID="7CA04D08-6E6C-435D-8BBB-D9F34A54E4D8" comID="E5723D3F-8724-4145-AC39-1706AE1B96CA" comLinkType="cltPageLink"/>
    <linkSource sourcePageID="7CA04D08-6E6C-435D-8BBB-D9F34A54E4D8" comID="C8F0E14F-0001-4611-A602-5D17AF273E1C" comLinkType="cltPageLink"/>
    <linkSource sourcePageID="7CA04D08-6E6C-435D-8BBB-D9F34A54E4D8" comID="832E62BC-F703-4EBE-86C6-D1C1E7A5558E" comLinkType="cltPageLink"/>
  </page>
  <page ID="01E91AD8-2213-4F6E-99B7-A919BBE3C326">
    <linkSource sourcePageID="C1FFFC42-2807-48E5-8B38-63859A93DFF2" comID="6B37EA03-FC12-4B74-B1E7-52F48A2BA462" comLinkType="cltPageLink"/>
    <linkSource sourcePageID="9D61D66B-50C3-4F69-B3EA-8C06CD4EEC53" comID="6B37EA03-FC12-4B74-B1E7-52F48A2BA462" comLinkType="cltPageLink"/>
    <linkSource sourcePageID="80DA5815-0B69-44E5-9AA8-3B474BACCBA2" comID="6B37EA03-FC12-4B74-B1E7-52F48A2BA462" comLinkType="cltPageLink"/>
    <linkSource sourcePageID="EDAD8CB8-73BF-4619-9AC5-EABF2BECE0BB" comID="6B37EA03-FC12-4B74-B1E7-52F48A2BA462" comLinkType="cltPageLink"/>
    <linkSource sourcePageID="43D188EC-A18F-4484-A0EF-520CBA0C5549" comID="758E3F3C-5941-4E8B-9467-0E9F20690A43" comLinkType="cltPageLink"/>
    <linkSource sourcePageID="274A8EE7-7400-4E9A-B425-077265BDA01A" comID="52CDC18F-B10C-4B24-83D1-68C6E56873D5" comLinkType="cltPageLink"/>
    <linkSource sourcePageID="7E574E4F-8F50-44F6-9B89-CF090A494B2C" comID="AB238925-D0B4-4427-AEAD-B92B2AA41E8A" comLinkType="cltPageLink"/>
    <linkSource sourcePageID="274A8EE7-7400-4E9A-B425-077265BDA01A" comID="373EE273-1491-4428-B853-662F66B78694" comLinkType="cltPageLink"/>
  </page>
</LinkSources>