﻿<mockup version="5.3" minAllowVersion="5.3" ID="18D4FAAD-B6FE-43D4-888D-92B0C51B3AEB" platform="MtMobile" defaultW="640" defaultH="360" measureW="640" measureH="360" screenOrientation="MoLandscape" mobileScreenScale="1.77777779102325">
  <controls controlCount="39">
    <control controlID="91937323-862E-4F6B-A0BA-4A28BDB165F7" controlTypeID="ScrollView" x="0" y="18" w="640" h="347" zOrder="0">
      <color>4293914612</color>
      <groupChildrenDescriptors>
        <control controlID="777F89E4-EBE8-4225-A115-50CECC78BAC3" controlTypeID="ScrollViewContentPanel" x="0" y="0" w="646" h="728" zOrder="0">
          <alias>contentPanel</alias>
          <groupChildrenDescriptors>
            <control controlID="A71B06CF-1824-4A5A-8695-DCE94F0B77AE" controlTypeID="Shape" x="0" y="1" w="646" h="46" zOrder="0">
              <color>4294506744</color>
              <borderColor>4291611852</borderColor>
              <font family="Arial" displayName="Arial" postScript="" weightStyle="Standaard" weight="400" isBold="False" isItalic="False"/>
              <text>All+Posts</text>
              <textSize>16</textSize>
              <useDefaultTextSize>False</useDefaultTextSize>
              <selectedIndex>-1</selectedIndex>
              <borderMode>[bmBottom]</borderMode>
            </control>
            <control controlID="3A4DA077-A702-43D1-8256-D23E739A641C" controlTypeID="Icon" x="612" y="8" w="24" h="24" zOrder="1">
              <interactiveData>
                <entry title="">
                  <area shape="0" alt="" ID="{DFB3E8DB-9F2D-4C31-8BEF-7AB4F354946F}" coords="(0,0,24,24)"/>
                  <events title="">
                    <event eventType="atClick" isChecked="True">
                      <behaviour title="" isChecked="True" isWait="False" isLoop="False" execMode="emParallel">
                        <target targetID="6E77199C-BA24-4480-8419-368F1CCD22A8" isChecked="True" isAutoRecovery="False" isLoop="False" execMode="emSequence">
                          <command name="Popup State Change" isChecked="True" descrition="">
                            <param name="AniInterpolation" value="0" varType="3" description=""/>
                            <param name="AniDuration" value="200" varType="3" description=""/>
                            <param name="AniAutoReverse" value="False" varType="11" description=""/>
                            <param name="AniLoop" value="False" varType="11" description=""/>
                            <param name="AniInterpolationTypeOut" value="False" varType="11" description=""/>
                            <param name="Delay" value="0" varType="3" description=""/>
                            <param name="Value" value="2" varType="3" description=""/>
                            <param name="AniType" value="0" varType="3" description=""/>
                          </command>
                        </target>
                      </behaviour>
                    </event>
                  </events>
                </entry>
              </interactiveData>
              <icon>
                <ID/>
                <iconFontName>jdIonicons</iconFontName>
                <iconCode>62356</iconCode>
              </icon>
              <URL>F8C2434C2C958119B1E6150C97C501FA.svg</URL>
            </control>
            <control controlID="74487957-FB30-4FC8-B59F-587ED3BA1E3C" controlTypeID="Icon" x="16" y="13" w="20" h="20" zOrder="2">
              <color>4279673312</color>
              <links eventType="AtClick" animate="AmNone" animateAutoDelay="0" animateDuration="500">
                <link targetPageID="920C7524-E26B-4DE3-8062-5C7FDE8E7BC4" linkType="ltPageLink" isApplyIncludePage="False" title="Posts">
                  <area shape="0" alt="" ID="{1D259949-0F4F-4A5A-8BC6-ECDAF9217E7C}" coords="(0,0,20,20)"/>
                </link>
              </links>
              <icon>
                <ID/>
                <iconFontName>jdIonicons</iconFontName>
                <iconCode>62415</iconCode>
              </icon>
              <URL>D6859759E093AABA6D618DD6AA733504.svg</URL>
            </control>
            <control controlID="2061C5B8-D4EA-4E4B-8348-BF277F0B259A" controlTypeID="Line" x="0" y="47" w="352" h="1" zOrder="3">
              <color>4293190884</color>
              <font family="Arial" displayName="Arial" postScript="" weightStyle="Standaard" weight="400" isBold="False" isItalic="False"/>
              <textSize>14</textSize>
              <lineSpacing>0</lineSpacing>
              <selectedIndex>-1</selectedIndex>
              <controlPoint>(176,0)</controlPoint>
              <startPoint>(0,0)</startPoint>
              <endPoint>(352,0)</endPoint>
            </control>
            <control controlID="4729D664-158D-45A9-929C-099A047FC9C0" controlTypeID="Line" x="5" y="257" w="629" h="1" zOrder="4">
              <color>4293190884</color>
              <font family="Arial" displayName="Arial" postScript="" weightStyle="Standaard" weight="400" isBold="False" isItalic="False"/>
              <textSize>14</textSize>
              <lineSpacing>0</lineSpacing>
              <selectedIndex>-1</selectedIndex>
              <controlPoint>(314,0)</controlPoint>
              <startPoint>(0,0)</startPoint>
              <endPoint>(629,0)</endPoint>
            </control>
            <control controlID="495FAAA3-AD3B-4415-B10D-5BBCAA807B4B" controlTypeID="Label" x="19" y="52" w="216" h="19" zOrder="5">
              <font family="Arial" displayName="Arial" postScript="" weightStyle="Standaard" weight="400" isBold="False" isItalic="False"/>
              <text>Traffic+jam+on+Elfde-Liniestraat</text>
              <textSize>16</textSize>
              <textVAlign>VaTop</textVAlign>
              <lineSpacing>0</lineSpacing>
              <useDefaultTextSize>False</useDefaultTextSize>
              <selectedIndex>-1</selectedIndex>
            </control>
            <control controlID="A2204B64-A77B-4A78-B725-6FBF5FE484E9" controlTypeID="Icon" x="19" y="80" w="33" h="33" zOrder="6">
              <color>4291559424</color>
              <icon>
                <ID/>
                <iconFontName>jdIonicons</iconFontName>
                <iconCode>62550</iconCode>
              </icon>
              <URL>6C8BC6B2B9FA7B8BF47604B61E110114.svg</URL>
            </control>
            <control controlID="948A05C8-22A1-424C-8C65-38644A5FA8FE" controlTypeID="Label" x="78" y="89" w="53" h="19" zOrder="7">
              <font family="Arial" displayName="Arial" postScript="" weightStyle="Standaard" weight="400" isBold="False" isItalic="False"/>
              <text>Hasselt</text>
              <textSize>16</textSize>
              <textVAlign>VaTop</textVAlign>
              <lineSpacing>0</lineSpacing>
              <useDefaultTextSize>False</useDefaultTextSize>
              <selectedIndex>-1</selectedIndex>
            </control>
            <control controlID="31A7F298-D3A2-4E81-981A-0E223C754193" controlTypeID="Icon" x="19" y="119" w="33" h="33" zOrder="8">
              <color>4294940928</color>
              <icon>
                <ID/>
                <iconFontName>jdIonicons</iconFontName>
                <iconCode>62204</iconCode>
              </icon>
              <URL>7368E932054EB35095B123FCB5C28A31.svg</URL>
            </control>
            <control controlID="0851BCBA-EC48-4BE6-ACA6-8A74A02112FE" controlTypeID="Label" x="119" y="130" w="8" h="19" zOrder="9">
              <font family="Arial" displayName="Arial" postScript="" weightStyle="Standaard" weight="400" isBold="False" isItalic="False"/>
              <text>5</text>
              <textSize>16</textSize>
              <textVAlign>VaTop</textVAlign>
              <lineSpacing>0</lineSpacing>
              <useDefaultTextSize>False</useDefaultTextSize>
              <selectedIndex>-1</selectedIndex>
            </control>
            <control controlID="46D6BD64-2461-41D8-B49C-0EF7D9388D97" controlTypeID="Icon" x="19" y="165" w="33" h="33" zOrder="10">
              <icon>
                <ID/>
                <iconFontName>jdIonicons</iconFontName>
                <iconCode>62161</iconCode>
              </icon>
              <URL>524D9A41776CD1EF98956BB68F9875AC.svg</URL>
            </control>
            <control controlID="5823DE7F-8DD5-434C-9E41-F9A44F1808DC" controlTypeID="Label" x="78" y="173" w="62" h="19" zOrder="11">
              <font family="Arial" displayName="Arial" postScript="" weightStyle="Standaard" weight="400" isBold="False" isItalic="False"/>
              <text>22%2F10%2F19</text>
              <textSize>16</textSize>
              <textVAlign>VaTop</textVAlign>
              <lineSpacing>0</lineSpacing>
              <useDefaultTextSize>False</useDefaultTextSize>
              <selectedIndex>-1</selectedIndex>
            </control>
            <control controlID="1A9F48AC-05CE-4214-A94C-E74E458446B4" controlTypeID="Map" x="204" y="75" w="205" h="166" zOrder="12"/>
            <control controlID="AAFC66E2-E521-4FFB-A98B-1D92A9DB4CDD" controlTypeID="Image" x="437" y="74" w="195" h="167" zOrder="13">
              <URL>C0D3BB78FF02405939453048A6B1FB60.jpg</URL>
            </control>
            <control controlID="0E96A0C3-1FDA-4EF7-8932-F565F4B64852" controlTypeID="Icon" x="337" y="152" w="42" h="42" zOrder="14">
              <color>4291559424</color>
              <icon>
                <ID/>
                <iconFontName>jdIonicons</iconFontName>
                <iconCode>62371</iconCode>
              </icon>
              <URL>474A61FDC203C97B2EEFAF494C017CCB.svg</URL>
            </control>
            <control controlID="3CE3070B-014C-4891-AFEC-55DBD32A225A" controlTypeID="Icon" x="19" y="208" w="33" h="33" zOrder="15">
              <color>4282501083</color>
              <icon>
                <ID/>
                <iconFontName>jdIonicons</iconFontName>
                <iconCode>62200</iconCode>
              </icon>
              <URL>B9619BF0A6C60DFCDA16F57946ED93CE.svg</URL>
            </control>
            <control controlID="CB743BE4-5ABF-455F-BC39-410912A305A9" controlTypeID="Label" x="87" y="214" w="42" h="19" zOrder="16">
              <font family="Arial" displayName="Arial" postScript="" weightStyle="Standaard" weight="400" isBold="False" isItalic="False"/>
              <text>Share</text>
              <textColor>4282501083</textColor>
              <textSize>16</textSize>
              <textVAlign>VaTop</textVAlign>
              <lineSpacing>0</lineSpacing>
              <useDefaultTextSize>False</useDefaultTextSize>
              <selectedIndex>-1</selectedIndex>
            </control>
            <control controlID="2785BC56-EB99-4B43-B124-155D84187734" controlTypeID="Line" x="5" y="466" w="629" h="1" zOrder="17">
              <color>4293190884</color>
              <font family="Arial" displayName="Arial" postScript="" weightStyle="Standaard" weight="400" isBold="False" isItalic="False"/>
              <textSize>14</textSize>
              <lineSpacing>0</lineSpacing>
              <selectedIndex>-1</selectedIndex>
              <controlPoint>(314,0)</controlPoint>
              <startPoint>(0,0)</startPoint>
              <endPoint>(629,0)</endPoint>
            </control>
            <control controlID="CC7B8818-05FE-4003-B81A-DF405FFA1464" controlTypeID="Label" x="19" y="261" w="199" h="19" zOrder="18">
              <font family="Arial" displayName="Arial" postScript="" weightStyle="Standaard" weight="400" isBold="False" isItalic="False"/>
              <text>Broken+glass+on+Dusartplein</text>
              <textSize>16</textSize>
              <textVAlign>VaTop</textVAlign>
              <lineSpacing>0</lineSpacing>
              <useDefaultTextSize>False</useDefaultTextSize>
              <selectedIndex>-1</selectedIndex>
            </control>
            <control controlID="3A37665C-EF93-40E6-92E0-C1541388D1BA" controlTypeID="Icon" x="19" y="289" w="33" h="33" zOrder="19">
              <color>4291559424</color>
              <icon>
                <ID/>
                <iconFontName>jdIonicons</iconFontName>
                <iconCode>62550</iconCode>
              </icon>
              <URL>6C8BC6B2B9FA7B8BF47604B61E110114.svg</URL>
            </control>
            <control controlID="15FF74A1-76EE-4C1E-9674-6D01AD6A9C01" controlTypeID="Label" x="78" y="298" w="53" h="19" zOrder="20">
              <font family="Arial" displayName="Arial" postScript="" weightStyle="Standaard" weight="400" isBold="False" isItalic="False"/>
              <text>Hasselt</text>
              <textSize>16</textSize>
              <textVAlign>VaTop</textVAlign>
              <lineSpacing>0</lineSpacing>
              <useDefaultTextSize>False</useDefaultTextSize>
              <selectedIndex>-1</selectedIndex>
            </control>
            <control controlID="AC2FDAFB-CE3D-4141-8B67-9312541E9881" controlTypeID="Icon" x="19" y="328" w="33" h="33" zOrder="21">
              <color>4294940928</color>
              <icon>
                <ID/>
                <iconFontName>jdIonicons</iconFontName>
                <iconCode>62204</iconCode>
              </icon>
              <URL>7368E932054EB35095B123FCB5C28A31.svg</URL>
            </control>
            <control controlID="9EA97C62-9F05-41B3-8711-8A9FDE2B8751" controlTypeID="Label" x="119" y="339" w="8" h="19" zOrder="22">
              <font family="Arial" displayName="Arial" postScript="" weightStyle="Standaard" weight="400" isBold="False" isItalic="False"/>
              <text>5</text>
              <textSize>16</textSize>
              <textVAlign>VaTop</textVAlign>
              <lineSpacing>0</lineSpacing>
              <useDefaultTextSize>False</useDefaultTextSize>
              <selectedIndex>-1</selectedIndex>
            </control>
            <control controlID="E7F180FB-7604-4266-A20B-E5D7E1A9E4CA" controlTypeID="Icon" x="19" y="374" w="33" h="33" zOrder="23">
              <icon>
                <ID/>
                <iconFontName>jdIonicons</iconFontName>
                <iconCode>62161</iconCode>
              </icon>
              <URL>524D9A41776CD1EF98956BB68F9875AC.svg</URL>
            </control>
            <control controlID="10BE2AFE-BDA5-411E-8238-C5188731BEF5" controlTypeID="Label" x="78" y="382" w="62" h="19" zOrder="24">
              <font family="Arial" displayName="Arial" postScript="" weightStyle="Standaard" weight="400" isBold="False" isItalic="False"/>
              <text>22%2F10%2F19</text>
              <textSize>16</textSize>
              <textVAlign>VaTop</textVAlign>
              <lineSpacing>0</lineSpacing>
              <useDefaultTextSize>False</useDefaultTextSize>
              <selectedIndex>-1</selectedIndex>
            </control>
            <control controlID="9DAE0513-C744-4E0C-8E2D-6E27DF716973" controlTypeID="Map" x="204" y="284" w="205" h="166" zOrder="25"/>
            <control controlID="19100624-93B0-4715-83D8-537C3154A4CC" controlTypeID="Icon" x="337" y="361" w="42" h="42" zOrder="26">
              <color>4291559424</color>
              <icon>
                <ID/>
                <iconFontName>jdIonicons</iconFontName>
                <iconCode>62371</iconCode>
              </icon>
              <URL>474A61FDC203C97B2EEFAF494C017CCB.svg</URL>
            </control>
            <control controlID="8ADDDAD7-4E48-4218-B2A2-26FF71E7DF80" controlTypeID="Icon" x="19" y="417" w="33" h="33" zOrder="27">
              <color>4282501083</color>
              <icon>
                <ID/>
                <iconFontName>jdIonicons</iconFontName>
                <iconCode>62200</iconCode>
              </icon>
              <URL>B9619BF0A6C60DFCDA16F57946ED93CE.svg</URL>
            </control>
            <control controlID="ED0ED712-9808-498D-A59C-527F669C2A35" controlTypeID="Label" x="87" y="423" w="42" h="19" zOrder="28">
              <font family="Arial" displayName="Arial" postScript="" weightStyle="Standaard" weight="400" isBold="False" isItalic="False"/>
              <text>Share</text>
              <textColor>4282501083</textColor>
              <textSize>16</textSize>
              <textVAlign>VaTop</textVAlign>
              <lineSpacing>0</lineSpacing>
              <useDefaultTextSize>False</useDefaultTextSize>
              <selectedIndex>-1</selectedIndex>
            </control>
            <control controlID="7799479C-CAFD-4832-9FE6-7401A56947D7" controlTypeID="Image" x="437" y="284" w="193" h="166" zOrder="29">
              <URL>3DB88A2744AEB80517B5300F485C5520.jpg</URL>
            </control>
          </groupChildrenDescriptors>
        </control>
        <control controlID="8BA92D2F-D596-4A73-BDAA-A6D309857FF1" controlTypeID="Border" x="0" y="0" w="640" h="347" zOrder="1">
          <color>4284900966</color>
          <borderColor>4278190080</borderColor>
          <alias>borderLayer</alias>
        </control>
      </groupChildrenDescriptors>
    </control>
    <control controlID="E0FF95AA-151B-422A-9414-56E72B11545D" controlTypeID="StatusBar(Android)" x="0" y="0" w="640" h="20" zOrder="1"/>
    <control controlID="6E77199C-BA24-4480-8419-368F1CCD22A8" controlTypeID="PopupMenu" x="783" y="47" w="46" h="46" zOrder="2">
      <groupChildrenDescriptors>
        <control controlID="429B9B7E-88A2-4AA4-82D1-1FB7A17DAD09" controlTypeID="Panel" x="0" y="0" w="640" h="360" zOrder="0">
          <locked>True</locked>
          <color>1879048192</color>
          <borderVisible>False</borderVisible>
          <canMove>False</canMove>
          <alias>background</alias>
          <groupChildrenDescriptors>
            <control controlID="4521E375-FE35-4347-82F4-951BDE45C3CA" controlTypeID="Border" x="0" y="0" w="640" h="360" zOrder="0">
              <borderVisible>False</borderVisible>
              <alias>borderLayer</alias>
            </control>
          </groupChildrenDescriptors>
          <thinkness>1</thinkness>
        </control>
        <control controlID="E4C7E97A-7ED8-45CA-808F-C1490B3DC203" controlTypeID="PopupPanelContent" x="472" y="20" w="168" h="140" zOrder="1">
          <borderVisible>True</borderVisible>
          <alias>content</alias>
          <groupChildrenDescriptors>
            <control controlID="8B3DF603-1368-48ED-99D6-9D6E36C9BF8E" controlTypeID="List" x="0" y="0" w="168" h="140" zOrder="0">
              <color>4293980400</color>
              <alias>menu</alias>
              <links eventType="AtClick" animate="AmNone" animateAutoDelay="0" animateDuration="500">
                <link targetPageID="C13E7167-EA51-4060-B85C-BA8018C77DA1" linkType="ltPageLink" isApplyIncludePage="False" title="Lists">
                  <area shape="0" alt="" ID="{A2967597-C398-4F70-A2D3-469C83C4664D}" coords="(1,1,167,49)"/>
                </link>
                <link targetPageID="920C7524-E26B-4DE3-8062-5C7FDE8E7BC4" linkType="ltPageLink" isApplyIncludePage="False" title="Explore">
                  <area shape="0" alt="" ID="{EB30F506-30C7-4AC6-B445-6032A8A5EF30}" coords="(1,49,167,97)"/>
                </link>
                <link targetPageID="55E4334F-E707-47D3-83F8-6F602B8FF295" linkType="ltPageLink" isApplyIncludePage="False" title="Settings">
                  <area shape="0" alt="" ID="{9D1F6AA2-216E-4B0C-B704-A2E464E31DC7}" coords="(1,97,167,140)"/>
                </link>
              </links>
              <font family="Arial" displayName="Arial" postScript="" weightStyle="Standaard" weight="400" isBold="False" isItalic="False"/>
              <text>Lists%0D%0AExplore%0D%0ASettings</text>
              <textSize>14</textSize>
              <lineSpacing>0</lineSpacing>
              <selectedColor>268435455</selectedColor>
              <itemHeight>48</itemHeight>
            </control>
          </groupChildrenDescriptors>
        </control>
      </groupChildrenDescriptors>
    </control>
  </controls>
  <param>
    <backgroundColor>4293914612</backgroundColor>
    <fontSize>14</fontSize>
    <fontFamily>Arial</fontFamily>
    <guideLines/>
  </param>
</mockup>