﻿<mockup version="5.3" minAllowVersion="5.3" ID="55E4334F-E707-47D3-83F8-6F602B8FF295" platform="MtMobile" defaultW="640" defaultH="360" measureW="640" measureH="360" screenOrientation="MoLandscape" mobileScreenScale="1.77777779102325" clipArea="(0,0,0,0)">
  <controls controlCount="49">
    <control controlID="C154836C-5D38-41FF-A45B-196FE9497E92" controlTypeID="StatusBar(Android)" x="0" y="0" w="640" h="20" zOrder="0"/>
    <control controlID="39AD7F0A-F058-46B3-BE2E-0AD2AE4086D8" controlTypeID="ScrollView" x="0" y="18" w="640" h="347" zOrder="1">
      <color>4293914612</color>
      <groupChildrenDescriptors>
        <control controlID="A322AC5C-A9AC-4ABC-BA6C-F906B0C939DA" controlTypeID="ScrollViewContentPanel" x="0" y="0" w="646" h="517" zOrder="0">
          <alias>contentPanel</alias>
          <groupChildrenDescriptors>
            <control controlID="A9F473C2-9EA9-4704-94DB-FDD72C0D7988" controlTypeID="Shape" x="9" y="60" w="621" h="65" zOrder="0">
              <font family="Segoe+UI" displayName="Segoe+UI" postScript="" weightStyle="Standaard" weight="400" isBold="False" isItalic="False" useDefaultFontFamily="False"/>
              <textSize>14</textSize>
              <useDefaultTextSize>False</useDefaultTextSize>
              <selectedIndex>-1</selectedIndex>
              <radius>8</radius>
            </control>
            <control controlID="9AF60E8D-58D4-4CEC-97D8-1C4FA115DD9B" controlTypeID="Line" x="24" y="107" w="605" h="1" zOrder="1">
              <color>4293190884</color>
              <font family="Arial" displayName="Arial" postScript="" weightStyle="Standaard" weight="400" isBold="False" isItalic="False"/>
              <textSize>14</textSize>
              <lineSpacing>0</lineSpacing>
              <selectedIndex>-1</selectedIndex>
              <controlPoint>(302,0)</controlPoint>
              <startPoint>(0,0)</startPoint>
              <endPoint>(605,0)</endPoint>
            </control>
            <control controlID="A4D7223F-B7B2-4105-8A6E-F37A4723EF20" controlTypeID="Label" x="26" y="66" w="58" h="19" zOrder="2">
              <font family="Arial" displayName="Arial" postScript="" weightStyle="Standaard" weight="400" isBold="False" isItalic="False"/>
              <text>Account</text>
              <textSize>16</textSize>
              <textVAlign>VaTop</textVAlign>
              <lineSpacing>0</lineSpacing>
              <useDefaultTextSize>False</useDefaultTextSize>
              <selectedIndex>-1</selectedIndex>
            </control>
            <control controlID="6E0B42DA-76B1-486A-8DC7-627257810298" controlTypeID="Label" x="26" y="87" w="111" h="14" zOrder="3">
              <font family="Arial" displayName="Arial" postScript="" weightStyle="Standaard" weight="400" isBold="False" isItalic="False"/>
              <text>48xxx85@gmail.com</text>
              <textColor>4288256409</textColor>
              <textSize>12</textSize>
              <textVAlign>VaTop</textVAlign>
              <lineSpacing>0</lineSpacing>
              <useDefaultTextSize>False</useDefaultTextSize>
              <selectedIndex>-1</selectedIndex>
            </control>
            <control controlID="E9BB9606-732D-4BFA-98F2-26C45D499BD3" controlTypeID="Shape" x="10" y="124" w="620" h="65" zOrder="4">
              <links eventType="AtClick" animate="AmNone" animateAutoDelay="0" animateDuration="500">
                <link targetPageID="C57C2DF5-EA4D-4788-8EBA-EC357F7DF733" linkType="ltPageLink" isApplyIncludePage="False" title="Home">
                  <area shape="0" alt="" ID="{2B8FDC6E-61DD-4042-AB16-A1D74462459A}" coords="(0,0,620,65)"/>
                </link>
              </links>
              <font family="Segoe+UI" displayName="Segoe+UI" postScript="" weightStyle="Standaard" weight="400" isBold="False" isItalic="False" useDefaultFontFamily="False"/>
              <textSize>14</textSize>
              <useDefaultTextSize>False</useDefaultTextSize>
              <selectedIndex>-1</selectedIndex>
              <radius>8</radius>
            </control>
            <control controlID="D4C8079D-D2ED-4B58-84BC-1AB98B63327C" controlTypeID="Line" x="24" y="171" w="603" h="1" zOrder="5">
              <color>4293190884</color>
              <font family="Arial" displayName="Arial" postScript="" weightStyle="Standaard" weight="400" isBold="False" isItalic="False"/>
              <textSize>14</textSize>
              <lineSpacing>0</lineSpacing>
              <selectedIndex>-1</selectedIndex>
              <controlPoint>(302,0)</controlPoint>
              <startPoint>(0,0)</startPoint>
              <endPoint>(603,0)</endPoint>
            </control>
            <control controlID="B10FEA74-E1F3-42B4-8FC5-BBA2C785FB92" controlTypeID="Label" x="24" y="142" w="49" h="19" zOrder="6">
              <font family="Arial" displayName="Arial" postScript="" weightStyle="Standaard" weight="400" isBold="False" isItalic="False"/>
              <text>Logout</text>
              <textSize>16</textSize>
              <textVAlign>VaTop</textVAlign>
              <lineSpacing>0</lineSpacing>
              <useDefaultTextSize>False</useDefaultTextSize>
              <selectedIndex>-1</selectedIndex>
            </control>
            <control controlID="83B2079E-016D-496A-955F-EB8617F53523" controlTypeID="Shape" x="10" y="224" w="620" h="201" zOrder="7">
              <font family="Segoe+UI" displayName="Segoe+UI" postScript="" weightStyle="Standaard" weight="400" isBold="False" isItalic="False" useDefaultFontFamily="False"/>
              <textSize>14</textSize>
              <useDefaultTextSize>False</useDefaultTextSize>
              <selectedIndex>-1</selectedIndex>
              <radius>8</radius>
            </control>
            <control controlID="C34FF24E-4FFE-4C0F-B889-6FC2AD38B865" controlTypeID="Label" x="24" y="205" w="64" h="15" zOrder="8">
              <font family="Arial" displayName="Arial" postScript="" weightStyle="Standaard" weight="400" isBold="False" isItalic="False"/>
              <text>SETTINGS</text>
              <textColor>4284900966</textColor>
              <textSize>13</textSize>
              <textVAlign>VaTop</textVAlign>
              <lineSpacing>0</lineSpacing>
              <useDefaultTextSize>False</useDefaultTextSize>
              <selectedIndex>-1</selectedIndex>
            </control>
            <control controlID="D5660A84-785C-42DC-BF87-B364F46A1A1A" controlTypeID="Line" x="29" y="272" w="601" h="1" zOrder="9">
              <color>4293190884</color>
              <font family="Arial" displayName="Arial" postScript="" weightStyle="Standaard" weight="400" isBold="False" isItalic="False"/>
              <textSize>14</textSize>
              <lineSpacing>0</lineSpacing>
              <selectedIndex>-1</selectedIndex>
              <controlPoint>(301,0)</controlPoint>
              <startPoint>(1,0)</startPoint>
              <endPoint>(601,0)</endPoint>
            </control>
            <control controlID="0B586CD4-4EE6-4B17-A726-7C0BFFB17BC2" controlTypeID="Line" x="24" y="317" w="606" h="1" zOrder="10">
              <color>4293190884</color>
              <font family="Arial" displayName="Arial" postScript="" weightStyle="Standaard" weight="400" isBold="False" isItalic="False"/>
              <textSize>14</textSize>
              <lineSpacing>0</lineSpacing>
              <selectedIndex>-1</selectedIndex>
              <controlPoint>(304,0)</controlPoint>
              <startPoint>(1,0)</startPoint>
              <endPoint>(606,0)</endPoint>
            </control>
            <control controlID="5DAC4B70-8526-49C0-A301-E8E1D1DC9FAC" controlTypeID="Line" x="25" y="359" w="603" h="1" zOrder="11">
              <color>4293190884</color>
              <font family="Arial" displayName="Arial" postScript="" weightStyle="Standaard" weight="400" isBold="False" isItalic="False"/>
              <textSize>14</textSize>
              <lineSpacing>0</lineSpacing>
              <selectedIndex>-1</selectedIndex>
              <controlPoint>(302,0)</controlPoint>
              <startPoint>(1,0)</startPoint>
              <endPoint>(603,0)</endPoint>
            </control>
            <control controlID="C0601FBA-1366-485D-89B5-76B0B4F156EB" controlTypeID="Line" x="25" y="402" w="604" h="1" zOrder="12">
              <color>4293190884</color>
              <font family="Arial" displayName="Arial" postScript="" weightStyle="Standaard" weight="400" isBold="False" isItalic="False"/>
              <textSize>14</textSize>
              <lineSpacing>0</lineSpacing>
              <selectedIndex>-1</selectedIndex>
              <controlPoint>(302,0)</controlPoint>
              <startPoint>(0,0)</startPoint>
              <endPoint>(604,0)</endPoint>
            </control>
            <control controlID="2288D27A-E11B-40F4-A21A-C0FC47CD9257" controlTypeID="Label" x="27" y="240" w="64" h="19" zOrder="13">
              <font family="Arial" displayName="Arial" postScript="" weightStyle="Standaard" weight="400" isBold="False" isItalic="False"/>
              <text>Text+Size</text>
              <textColor>4281545523</textColor>
              <textSize>16</textSize>
              <textVAlign>VaTop</textVAlign>
              <lineSpacing>0</lineSpacing>
              <useDefaultTextSize>False</useDefaultTextSize>
              <selectedIndex>-1</selectedIndex>
            </control>
            <control controlID="18ED35A2-CF29-4FBA-B582-B1600A79F14C" controlTypeID="Label" x="24" y="285" w="117" h="19" zOrder="14">
              <font family="Arial" displayName="Arial" postScript="" weightStyle="Standaard" weight="400" isBold="False" isItalic="False"/>
              <text>Keep+Screen+On</text>
              <textColor>4281545523</textColor>
              <textSize>16</textSize>
              <textVAlign>VaTop</textVAlign>
              <lineSpacing>0</lineSpacing>
              <useDefaultTextSize>False</useDefaultTextSize>
              <selectedIndex>-1</selectedIndex>
            </control>
            <control controlID="A8926A92-5DC7-41E2-B92C-D3E312FA8815" controlTypeID="Label" x="22" y="328" w="172" h="19" zOrder="15">
              <font family="Arial" displayName="Arial" postScript="" weightStyle="Standaard" weight="400" isBold="False" isItalic="False"/>
              <text>Portrait+Orientation+Lock</text>
              <textColor>4281545523</textColor>
              <textSize>16</textSize>
              <textVAlign>VaTop</textVAlign>
              <lineSpacing>0</lineSpacing>
              <useDefaultTextSize>False</useDefaultTextSize>
              <selectedIndex>-1</selectedIndex>
            </control>
            <control controlID="A78A0E3C-5D5B-41BC-A523-0E1CBCAA39C5" controlTypeID="Label" x="24" y="371" w="87" h="19" zOrder="16">
              <font family="Arial" displayName="Arial" postScript="" weightStyle="Standaard" weight="400" isBold="False" isItalic="False"/>
              <text>Notifications</text>
              <textColor>4281545523</textColor>
              <textSize>16</textSize>
              <textVAlign>VaTop</textVAlign>
              <lineSpacing>0</lineSpacing>
              <useDefaultTextSize>False</useDefaultTextSize>
              <selectedIndex>-1</selectedIndex>
            </control>
            <control controlID="7D654FF0-7053-42BA-BF65-3CF10D7A911C" controlTypeID="IconLabel2" x="525" y="238" w="58" h="23" zOrder="17">
              <groupChildrenDescriptors>
                <control controlID="4EBEEBB7-742F-44C1-B6CE-4D55F5083189" controlTypeID="Shape" x="44" y="4" w="14" h="14" zOrder="0">
                  <canMove>False</canMove>
                  <alias>shape</alias>
                  <font family="Arial" displayName="Arial" postScript="" weightStyle="Standaard" weight="400" isBold="False" isItalic="False"/>
                  <textSize>14</textSize>
                  <selectedIndex>-1</selectedIndex>
                </control>
                <control controlID="CE6E9E78-2746-4019-8C75-8924E4744D11" controlTypeID="Icon" x="44" y="4" w="14" h="14" zOrder="1">
                  <color>4288256409</color>
                  <canMove>False</canMove>
                  <alias>icon</alias>
                  <icon>
                    <ID/>
                    <iconFontName>jdIonicons</iconFontName>
                    <iconCode>62419</iconCode>
                  </icon>
                  <URL>2E967326C22523F5F084001B9F4E5BC7.svg</URL>
                </control>
                <control controlID="FB35C8BD-B8C5-4A48-91CE-FD52FE06012D" controlTypeID="Label" x="0" y="2" w="40" h="19" zOrder="2">
                  <canMove>False</canMove>
                  <alias>label</alias>
                  <font family="Arial" displayName="Arial" postScript="" weightStyle="Standaard" weight="400" isBold="False" isItalic="False"/>
                  <text>Large</text>
                  <textColor>4284900966</textColor>
                  <textSize>16</textSize>
                  <textAlign>HaCenter</textAlign>
                  <textVAlign>VaTop</textVAlign>
                  <lineSpacing>0</lineSpacing>
                  <useDefaultTextSize>False</useDefaultTextSize>
                  <selectedIndex>-1</selectedIndex>
                </control>
                <control controlID="16FAB9E0-89A5-46A3-82DE-8EEDE27AF36C" controlTypeID="Shape" x="45" y="0" w="13" h="12" zOrder="3">
                  <color>4294901760</color>
                  <borderVisible>False</borderVisible>
                  <canMove>False</canMove>
                  <alias>alarm</alias>
                  <font family="Arial" displayName="Arial" postScript="" weightStyle="Standaard" weight="400" isBold="False" isItalic="False"/>
                  <text>2</text>
                  <textColor>4294967295</textColor>
                  <textSize>7</textSize>
                  <selectedIndex>-1</selectedIndex>
                  <radius>100</radius>
                  <radiusIsPercent>True</radiusIsPercent>
                </control>
              </groupChildrenDescriptors>
              <textDirection>MiTextLeft</textDirection>
              <iconSize>14</iconSize>
            </control>
            <control controlID="AD0C6EE9-59DD-4050-9A9E-20ABDDD17043" controlTypeID="IconLabel2" x="545" y="283" w="38" h="23" zOrder="18">
              <groupChildrenDescriptors>
                <control controlID="B4DACAA5-EC44-4D26-9296-D73313DB4709" controlTypeID="Shape" x="24" y="4" w="14" h="14" zOrder="0">
                  <canMove>False</canMove>
                  <alias>shape</alias>
                  <font family="Arial" displayName="Arial" postScript="" weightStyle="Standaard" weight="400" isBold="False" isItalic="False"/>
                  <textSize>14</textSize>
                  <selectedIndex>-1</selectedIndex>
                </control>
                <control controlID="69602D7D-C82F-475B-A27C-2D1AEE9E93F4" controlTypeID="Icon" x="24" y="4" w="14" h="14" zOrder="1">
                  <color>4288256409</color>
                  <canMove>False</canMove>
                  <alias>icon</alias>
                  <icon>
                    <ID/>
                    <iconFontName>jdIonicons</iconFontName>
                    <iconCode>62419</iconCode>
                  </icon>
                  <URL>2E967326C22523F5F084001B9F4E5BC7.svg</URL>
                </control>
                <control controlID="54CB6A26-D366-4767-94B0-DEC3943A5CBC" controlTypeID="Label" x="0" y="2" w="20" h="19" zOrder="2">
                  <canMove>False</canMove>
                  <alias>label</alias>
                  <font family="Arial" displayName="Arial" postScript="" weightStyle="Standaard" weight="400" isBold="False" isItalic="False"/>
                  <text>No</text>
                  <textColor>4284900966</textColor>
                  <textSize>16</textSize>
                  <textAlign>HaCenter</textAlign>
                  <textVAlign>VaTop</textVAlign>
                  <lineSpacing>0</lineSpacing>
                  <useDefaultTextSize>False</useDefaultTextSize>
                  <selectedIndex>-1</selectedIndex>
                </control>
                <control controlID="928391D8-3A63-4A84-917D-8E2DFA1978F4" controlTypeID="Shape" x="25" y="0" w="13" h="12" zOrder="3">
                  <color>4294901760</color>
                  <borderVisible>False</borderVisible>
                  <canMove>False</canMove>
                  <alias>alarm</alias>
                  <font family="Arial" displayName="Arial" postScript="" weightStyle="Standaard" weight="400" isBold="False" isItalic="False"/>
                  <text>2</text>
                  <textColor>4294967295</textColor>
                  <textSize>7</textSize>
                  <selectedIndex>-1</selectedIndex>
                  <radius>100</radius>
                  <radiusIsPercent>True</radiusIsPercent>
                </control>
              </groupChildrenDescriptors>
              <textDirection>MiTextLeft</textDirection>
              <iconSize>14</iconSize>
            </control>
            <control controlID="33319D59-561D-467D-8696-4E8489D14FD5" controlTypeID="IconLabel2" x="542" y="326" w="40" h="23" zOrder="19">
              <groupChildrenDescriptors>
                <control controlID="B17499C7-BB94-431E-B270-52D4964B38C1" controlTypeID="Shape" x="26" y="4" w="14" h="14" zOrder="0">
                  <canMove>False</canMove>
                  <alias>shape</alias>
                  <font family="Arial" displayName="Arial" postScript="" weightStyle="Standaard" weight="400" isBold="False" isItalic="False"/>
                  <textSize>14</textSize>
                  <selectedIndex>-1</selectedIndex>
                </control>
                <control controlID="6199C1BF-4DC7-4485-85BE-A689B566DF9A" controlTypeID="Icon" x="26" y="4" w="14" h="14" zOrder="1">
                  <color>4288256409</color>
                  <canMove>False</canMove>
                  <alias>icon</alias>
                  <icon>
                    <ID/>
                    <iconFontName>jdIonicons</iconFontName>
                    <iconCode>62419</iconCode>
                  </icon>
                  <URL>2E967326C22523F5F084001B9F4E5BC7.svg</URL>
                </control>
                <control controlID="87DB8DF6-7A25-40F7-A0FF-C3B068D790DA" controlTypeID="Label" x="0" y="2" w="22" h="19" zOrder="2">
                  <canMove>False</canMove>
                  <alias>label</alias>
                  <font family="Arial" displayName="Arial" postScript="" weightStyle="Standaard" weight="400" isBold="False" isItalic="False"/>
                  <text>Off</text>
                  <textColor>4284900966</textColor>
                  <textSize>16</textSize>
                  <textAlign>HaCenter</textAlign>
                  <textVAlign>VaTop</textVAlign>
                  <lineSpacing>0</lineSpacing>
                  <useDefaultTextSize>False</useDefaultTextSize>
                  <selectedIndex>-1</selectedIndex>
                </control>
                <control controlID="CFFABFB6-673E-47AD-892A-3408516C0593" controlTypeID="Shape" x="27" y="0" w="13" h="12" zOrder="3">
                  <color>4294901760</color>
                  <borderVisible>False</borderVisible>
                  <canMove>False</canMove>
                  <alias>alarm</alias>
                  <font family="Arial" displayName="Arial" postScript="" weightStyle="Standaard" weight="400" isBold="False" isItalic="False"/>
                  <text>2</text>
                  <textColor>4294967295</textColor>
                  <textSize>7</textSize>
                  <selectedIndex>-1</selectedIndex>
                  <radius>100</radius>
                  <radiusIsPercent>True</radiusIsPercent>
                </control>
              </groupChildrenDescriptors>
              <textDirection>MiTextLeft</textDirection>
              <iconSize>14</iconSize>
            </control>
            <control controlID="FF622D9E-95B3-4950-8859-2A006BCDE84C" controlTypeID="IconLabel2" x="542" y="369" w="40" h="23" zOrder="20">
              <groupChildrenDescriptors>
                <control controlID="31ABA377-0E1B-412D-86DE-CD313B69FAB2" controlTypeID="Shape" x="26" y="4" w="14" h="14" zOrder="0">
                  <canMove>False</canMove>
                  <alias>shape</alias>
                  <font family="Arial" displayName="Arial" postScript="" weightStyle="Standaard" weight="400" isBold="False" isItalic="False"/>
                  <textSize>14</textSize>
                  <selectedIndex>-1</selectedIndex>
                </control>
                <control controlID="2B55EE7A-EAE1-424B-A7FB-3F039FCD6BB7" controlTypeID="Icon" x="26" y="4" w="14" h="14" zOrder="1">
                  <color>4288256409</color>
                  <canMove>False</canMove>
                  <alias>icon</alias>
                  <icon>
                    <ID/>
                    <iconFontName>jdIonicons</iconFontName>
                    <iconCode>62419</iconCode>
                  </icon>
                  <URL>2E967326C22523F5F084001B9F4E5BC7.svg</URL>
                </control>
                <control controlID="505A4D42-D77D-4EDB-8A90-B567526F59FE" controlTypeID="Label" x="0" y="2" w="22" h="19" zOrder="2">
                  <canMove>False</canMove>
                  <alias>label</alias>
                  <font family="Arial" displayName="Arial" postScript="" weightStyle="Standaard" weight="400" isBold="False" isItalic="False"/>
                  <text>Off</text>
                  <textColor>4284900966</textColor>
                  <textSize>16</textSize>
                  <textAlign>HaCenter</textAlign>
                  <textVAlign>VaTop</textVAlign>
                  <lineSpacing>0</lineSpacing>
                  <useDefaultTextSize>False</useDefaultTextSize>
                  <selectedIndex>-1</selectedIndex>
                </control>
                <control controlID="A4AEBCAE-1D7D-423D-889B-5E2E88E1BBBE" controlTypeID="Shape" x="27" y="0" w="13" h="12" zOrder="3">
                  <color>4294901760</color>
                  <borderVisible>False</borderVisible>
                  <canMove>False</canMove>
                  <alias>alarm</alias>
                  <font family="Arial" displayName="Arial" postScript="" weightStyle="Standaard" weight="400" isBold="False" isItalic="False"/>
                  <text>2</text>
                  <textColor>4294967295</textColor>
                  <textSize>7</textSize>
                  <selectedIndex>-1</selectedIndex>
                  <radius>100</radius>
                  <radiusIsPercent>True</radiusIsPercent>
                </control>
              </groupChildrenDescriptors>
              <textDirection>MiTextLeft</textDirection>
              <iconSize>14</iconSize>
            </control>
            <control controlID="57728554-C956-4E8F-8529-B98B7986226E" controlTypeID="Shape" x="0" y="1" w="646" h="46" zOrder="21">
              <color>4294506744</color>
              <borderColor>4291611852</borderColor>
              <font family="Arial" displayName="Arial" postScript="" weightStyle="Standaard" weight="400" isBold="False" isItalic="False"/>
              <text>Settings</text>
              <textSize>16</textSize>
              <useDefaultTextSize>False</useDefaultTextSize>
              <selectedIndex>-1</selectedIndex>
              <borderMode>[bmBottom]</borderMode>
            </control>
            <control controlID="D1E61B7B-4468-4B8F-9E9E-F850DAFEDBD5" controlTypeID="Icon" x="612" y="8" w="24" h="24" zOrder="22">
              <interactiveData>
                <entry title="">
                  <area shape="0" alt="" ID="{51E2CAF0-CA2A-40A8-AFF3-661647E00B81}" coords="(0,0,24,24)"/>
                  <events title="">
                    <event eventType="atClick" isChecked="True">
                      <behaviour title="" isChecked="True" isWait="False" isLoop="False" execMode="emParallel">
                        <target targetID="E23FC9F2-B999-429E-94B7-040DD8516361" isChecked="True" isAutoRecovery="False" isLoop="False" execMode="emSequence">
                          <command name="Popup State Change" isChecked="True" descrition="">
                            <param name="AniInterpolation" value="0" varType="3" description=""/>
                            <param name="AniDuration" value="200" varType="3" description=""/>
                            <param name="AniAutoReverse" value="False" varType="11" description=""/>
                            <param name="AniLoop" value="False" varType="11" description=""/>
                            <param name="AniInterpolationTypeOut" value="False" varType="11" description=""/>
                            <param name="Delay" value="0" varType="3" description=""/>
                            <param name="Value" value="2" varType="3" description=""/>
                            <param name="AniType" value="0" varType="3" description=""/>
                          </command>
                        </target>
                      </behaviour>
                    </event>
                  </events>
                </entry>
              </interactiveData>
              <icon>
                <ID/>
                <iconFontName>jdIonicons</iconFontName>
                <iconCode>62356</iconCode>
              </icon>
              <URL>F8C2434C2C958119B1E6150C97C501FA.svg</URL>
            </control>
            <control controlID="666933BC-3122-4A8B-B931-10420BB2F143" controlTypeID="Label" x="244" y="447" w="148" h="17" zOrder="23">
              <font family="Arial" displayName="Arial" postScript="" weightStyle="Standaard" weight="400" isBold="False" isItalic="False"/>
              <text>CityWatch+Version+5.6.5</text>
              <textColor>4284900966</textColor>
              <textVAlign>VaTop</textVAlign>
              <lineSpacing>0</lineSpacing>
              <selectedIndex>-1</selectedIndex>
            </control>
          </groupChildrenDescriptors>
        </control>
        <control controlID="E717C356-4ECE-475F-907E-5DB6672F701E" controlTypeID="Border" x="0" y="0" w="640" h="347" zOrder="1">
          <color>4284900966</color>
          <borderColor>4278190080</borderColor>
          <alias>borderLayer</alias>
        </control>
      </groupChildrenDescriptors>
    </control>
    <control controlID="E23FC9F2-B999-429E-94B7-040DD8516361" controlTypeID="PopupMenu" x="783" y="47" w="46" h="46" zOrder="2">
      <groupChildrenDescriptors>
        <control controlID="01E284F2-0A49-4450-9357-57998272256F" controlTypeID="Panel" x="0" y="0" w="640" h="360" zOrder="0">
          <locked>True</locked>
          <color>1879048192</color>
          <borderVisible>False</borderVisible>
          <canMove>False</canMove>
          <alias>background</alias>
          <groupChildrenDescriptors>
            <control controlID="F5A3C6E3-16AA-4E41-A874-3EA280CC56E6" controlTypeID="Border" x="0" y="0" w="640" h="360" zOrder="0">
              <borderVisible>False</borderVisible>
              <alias>borderLayer</alias>
            </control>
          </groupChildrenDescriptors>
          <thinkness>1</thinkness>
        </control>
        <control controlID="5ED5B46A-92FB-4862-B82E-24F6164B41F3" controlTypeID="PopupPanelContent" x="472" y="20" w="168" h="140" zOrder="1">
          <borderVisible>True</borderVisible>
          <alias>content</alias>
          <groupChildrenDescriptors>
            <control controlID="B7563E13-C469-40E9-93AC-15A2F25EBDC5" controlTypeID="List" x="0" y="0" w="168" h="140" zOrder="0">
              <color>4293980400</color>
              <alias>menu</alias>
              <links eventType="AtClick" animate="AmNone" animateAutoDelay="0" animateDuration="500">
                <link targetPageID="C13E7167-EA51-4060-B85C-BA8018C77DA1" linkType="ltPageLink" isApplyIncludePage="False" title="Lists">
                  <area shape="0" alt="" ID="{A2967597-C398-4F70-A2D3-469C83C4664D}" coords="(1,1,167,49)"/>
                </link>
                <link targetPageID="920C7524-E26B-4DE3-8062-5C7FDE8E7BC4" linkType="ltPageLink" isApplyIncludePage="False" title="Explore">
                  <area shape="0" alt="" ID="{EB30F506-30C7-4AC6-B445-6032A8A5EF30}" coords="(1,49,167,97)"/>
                </link>
                <link targetPageID="55E4334F-E707-47D3-83F8-6F602B8FF295" linkType="ltPageLink" isApplyIncludePage="False" title="Settings">
                  <area shape="0" alt="" ID="{9D1F6AA2-216E-4B0C-B704-A2E464E31DC7}" coords="(1,97,167,140)"/>
                </link>
              </links>
              <font family="Arial" displayName="Arial" postScript="" weightStyle="Standaard" weight="400" isBold="False" isItalic="False"/>
              <text>Lists%0D%0AExplore%0D%0ASettings</text>
              <textSize>14</textSize>
              <lineSpacing>0</lineSpacing>
              <selectedColor>268435455</selectedColor>
              <itemHeight>48</itemHeight>
            </control>
          </groupChildrenDescriptors>
        </control>
      </groupChildrenDescriptors>
    </control>
  </controls>
  <param>
    <backgroundColor>4293914612</backgroundColor>
    <fontSize>14</fontSize>
    <fontFamily>Arial</fontFamily>
    <guideLines/>
  </param>
</mockup>