﻿<mockup version="5.3" minAllowVersion="5.3" ID="8B40424C-243D-4260-9B5E-846D8E4D0752" platform="MtMobile" defaultW="640" defaultH="360" measureW="640" measureH="360" screenOrientation="MoLandscape" mobileScreenScale="1.77777779102325">
  <controls controlCount="27">
    <control controlID="7AD96207-24BE-4193-820F-ABAC4D560FB7" controlTypeID="ScrollView" x="0" y="20" w="640" h="347" zOrder="0">
      <color>4293914612</color>
      <groupChildrenDescriptors>
        <control controlID="D49C04DF-9774-47A0-88E3-66628BABE576" controlTypeID="ScrollViewContentPanel" x="0" y="0" w="646" h="540" zOrder="0">
          <alias>contentPanel</alias>
          <groupChildrenDescriptors>
            <control controlID="B0FC7BCA-8E44-4A00-BFD8-54A646EA3254" controlTypeID="Shape" x="0" y="1" w="646" h="46" zOrder="0">
              <color>4294506744</color>
              <borderColor>4291611852</borderColor>
              <font family="Arial" displayName="Arial" postScript="" weightStyle="Standaard" weight="400" isBold="False" isItalic="False"/>
              <text>Edit+Post</text>
              <textSize>16</textSize>
              <useDefaultTextSize>False</useDefaultTextSize>
              <selectedIndex>-1</selectedIndex>
              <borderMode>[bmBottom]</borderMode>
            </control>
            <control controlID="C450032E-10A0-4FC9-BAEF-7D7975769E49" controlTypeID="Icon" x="612" y="8" w="24" h="24" zOrder="1">
              <interactiveData>
                <entry title="">
                  <area shape="0" alt="" ID="{0774A1D5-54E7-4604-8E68-121C53758CAB}" coords="(0,0,24,24)"/>
                  <events title="">
                    <event eventType="atClick" isChecked="True">
                      <behaviour title="" isChecked="True" isWait="False" isLoop="False" execMode="emParallel">
                        <target targetID="C248D278-CB72-47AA-8D93-EB996D73F924" isChecked="True" isAutoRecovery="False" isLoop="False" execMode="emSequence">
                          <command name="Popup State Change" isChecked="True" descrition="">
                            <param name="AniInterpolation" value="0" varType="3" description=""/>
                            <param name="AniDuration" value="200" varType="3" description=""/>
                            <param name="AniAutoReverse" value="False" varType="11" description=""/>
                            <param name="AniLoop" value="False" varType="11" description=""/>
                            <param name="AniInterpolationTypeOut" value="False" varType="11" description=""/>
                            <param name="Delay" value="0" varType="3" description=""/>
                            <param name="Value" value="2" varType="3" description=""/>
                            <param name="AniType" value="0" varType="3" description=""/>
                          </command>
                        </target>
                      </behaviour>
                    </event>
                  </events>
                </entry>
              </interactiveData>
              <icon>
                <ID/>
                <iconFontName>jdIonicons</iconFontName>
                <iconCode>62356</iconCode>
              </icon>
              <URL>F8C2434C2C958119B1E6150C97C501FA.svg</URL>
            </control>
            <control controlID="D1CC8651-A858-4B7E-8AEA-ABE9180F379D" controlTypeID="Line" x="0" y="47" w="352" h="1" zOrder="2">
              <color>4293190884</color>
              <font family="Arial" displayName="Arial" postScript="" weightStyle="Standaard" weight="400" isBold="False" isItalic="False"/>
              <textSize>14</textSize>
              <lineSpacing>0</lineSpacing>
              <selectedIndex>-1</selectedIndex>
              <controlPoint>(176,0)</controlPoint>
              <startPoint>(0,0)</startPoint>
              <endPoint>(352,0)</endPoint>
            </control>
            <control controlID="185AEE89-E45F-4F47-A5FC-C3BBD34EA577" controlTypeID="Icon" x="20" y="13" w="20" h="20" zOrder="3">
              <color>4279673312</color>
              <links eventType="AtClick" animate="AmNone" animateAutoDelay="0" animateDuration="500">
                <link targetPageID="FC409A7E-8671-464A-B1AD-0213EC1237F7" linkType="ltPageLink" isApplyIncludePage="False" title="My+Post+List">
                  <area shape="0" alt="" ID="{1C1C7681-B9B4-41D6-A79B-F3FAF8EF872B}" coords="(0,0,20,20)"/>
                </link>
              </links>
              <icon>
                <ID/>
                <iconFontName>jdIonicons</iconFontName>
                <iconCode>62415</iconCode>
              </icon>
              <URL>D6859759E093AABA6D618DD6AA733504.svg</URL>
            </control>
            <control controlID="C839F65B-7B5A-42EC-8587-13E1D61C553E" controlTypeID="Map" x="20" y="89" w="327" h="202" zOrder="4"/>
            <control controlID="EB2EE5E2-7B95-47D5-9038-C4DF0C1C2536" controlTypeID="Icon" x="260" y="245" w="44" h="44" zOrder="5">
              <icon>
                <ID/>
                <iconFontName>jdIonicons</iconFontName>
                <iconCode>62185</iconCode>
              </icon>
              <URL>2784B999C40CAFF09E2D9FF5F4DBA473.svg</URL>
            </control>
            <control controlID="4AA311AF-5014-44D4-A738-3EDC089E008C" controlTypeID="Label" x="20" y="58" w="148" h="19" zOrder="6">
              <font family="Arial" displayName="Arial" postScript="" weightStyle="Standaard" weight="400" isBold="False" isItalic="False"/>
              <text>Location+of+your+post</text>
              <textSize>16</textSize>
              <textVAlign>VaTop</textVAlign>
              <lineSpacing>0</lineSpacing>
              <useDefaultTextSize>False</useDefaultTextSize>
              <selectedIndex>-1</selectedIndex>
            </control>
            <control controlID="F5EF0B84-56D1-432D-AFAB-4CAB22C980E1" controlTypeID="Image" x="357" y="90" w="273" h="201" zOrder="7">
              <caption>Tap+to+select+an+image</caption>
              <URL>3DB88A2744AEB80517B5300F485C5520.jpg</URL>
              <flipHorizontal>True</flipHorizontal>
            </control>
            <control controlID="0973477B-19B8-45EF-889C-B50B4FE001E0" controlTypeID="Label" x="357" y="58" w="124" h="19" zOrder="8">
              <font family="Arial" displayName="Arial" postScript="" weightStyle="Standaard" weight="400" isBold="False" isItalic="False"/>
              <text>Image+of+the+post</text>
              <textSize>16</textSize>
              <textVAlign>VaTop</textVAlign>
              <lineSpacing>0</lineSpacing>
              <useDefaultTextSize>False</useDefaultTextSize>
              <selectedIndex>-1</selectedIndex>
            </control>
            <control controlID="7B49CC4B-CEFC-42FB-B8E4-7CF1855F597B" controlTypeID="CompositeComboBox" x="266" y="358" w="364" h="43" zOrder="9">
              <groupChildrenDescriptors>
                <control controlID="4516DB18-57DE-4649-9D67-449AE0D845ED" controlTypeID="TextInput" x="0" y="0" w="341" h="43" zOrder="0">
                  <locked>True</locked>
                  <canMove>False</canMove>
                  <alias>input</alias>
                  <font family="Segoe+UI" displayName="Segoe+UI" postScript="" weightStyle="Standaard" weight="400" isBold="False" isItalic="False" useDefaultFontFamily="False"/>
                  <text>Misc</text>
                  <lineSpacing>0</lineSpacing>
                  <selectedIndex>-1</selectedIndex>
                </control>
                <control controlID="DC90A9D4-027D-421E-84A0-208C7D5B5BB9" controlTypeID="Button" x="340" y="0" w="24" h="43" zOrder="1">
                  <locked>True</locked>
                  <canMove>False</canMove>
                  <alias>button</alias>
                  <font family="Arial" displayName="Arial" postScript="" weightStyle="Standaard" weight="400" isBold="False" isItalic="False"/>
                  <lineSpacing>0</lineSpacing>
                  <selectedIndex>-1</selectedIndex>
                  <radius>0</radius>
                </control>
                <control controlID="94D05577-53E6-48A5-A560-DBCC1ED8B745" controlTypeID="List" x="0" y="43" w="364" h="197" zOrder="2">
                  <isShow>False</isShow>
                  <canMove>False</canMove>
                  <alias>dropDown</alias>
                  <font family="Segoe+UI" displayName="Segoe+UI" postScript="" weightStyle="Standaard" weight="400" isBold="False" isItalic="False" useDefaultFontFamily="False"/>
                  <text>Misc%0D%0ACar+accident%0D%0ATraffic+jam%0D%0APothole%0D%0ARoad+diversion%0D%0A</text>
                  <textSize>14</textSize>
                  <lineSpacing>0</lineSpacing>
                  <itemHeight>43</itemHeight>
                  <interlaceColor>4294967295</interlaceColor>
                </control>
              </groupChildrenDescriptors>
              <baseHeight>43</baseHeight>
              <font family="Segoe+UI"/>
              <textSize>14</textSize>
            </control>
            <control controlID="0FA8390B-9F29-49C8-BBD1-F0276EA9C323" controlTypeID="Label" x="20" y="371" w="76" h="17" zOrder="10">
              <font family="Arial" displayName="Arial" postScript="" weightStyle="Standaard" weight="400" isBold="False" isItalic="False"/>
              <text>Type+of+post</text>
              <lineSpacing>0</lineSpacing>
              <selectedIndex>-1</selectedIndex>
            </control>
            <control controlID="2EFA798F-0E3F-47D4-8800-62670F9D8E9E" controlTypeID="Label" x="20" y="314" w="83" h="17" zOrder="11">
              <font family="Arial" displayName="Arial" postScript="" weightStyle="Standaard" weight="400" isBold="False" isItalic="False"/>
              <text>Name+of+post</text>
              <lineSpacing>0</lineSpacing>
              <selectedIndex>-1</selectedIndex>
            </control>
            <control controlID="C64959AC-E73B-4E07-93B6-D12BF3489C5D" controlTypeID="TextInput" x="266" y="301" w="364" h="43" zOrder="12">
              <font family="Arial" displayName="Arial" postScript="" weightStyle="Standaard" weight="400" isBold="False" isItalic="False"/>
              <text>Broken+glass+on+the+road</text>
              <lineSpacing>0</lineSpacing>
              <selectedIndex>-1</selectedIndex>
            </control>
            <control controlID="6D6FB898-2B9C-4892-BB46-27AF1AD754E5" controlTypeID="Icon" x="127" y="165" w="44" h="44" zOrder="13">
              <color>4291559424</color>
              <icon>
                <ID/>
                <iconFontName>jdIonicons</iconFontName>
                <iconCode>62371</iconCode>
              </icon>
              <URL>474A61FDC203C97B2EEFAF494C017CCB.svg</URL>
            </control>
            <control controlID="72B87FDF-2EBD-4F0A-8E44-91C1B1AD714A" controlTypeID="Button" x="443" y="426" w="187" h="54" zOrder="14">
              <color>4282501083</color>
              <borderVisible>False</borderVisible>
              <links eventType="AtClick" animate="AmNone" animateAutoDelay="0" animateDuration="500">
                <link targetPageID="FC409A7E-8671-464A-B1AD-0213EC1237F7" linkType="ltPageLink" isApplyIncludePage="False" title="My+Post+List">
                  <area shape="0" alt="" ID="{72F80620-B593-4911-A87B-691AE285CB27}" coords="(0,0,187,54)"/>
                </link>
              </links>
              <font family="Arial" displayName="Arial" postScript="" weightStyle="Standaard" weight="400" isBold="False" isItalic="False" useDefaultFontFamily="False"/>
              <text>Save</text>
              <textColor>4294967295</textColor>
              <textSize>24</textSize>
              <lineSpacing>0</lineSpacing>
              <useDefaultTextSize>False</useDefaultTextSize>
              <selectedIndex>-1</selectedIndex>
            </control>
          </groupChildrenDescriptors>
        </control>
        <control controlID="04B2D209-56C7-46D2-9EDE-FF6720898306" controlTypeID="Border" x="0" y="0" w="640" h="347" zOrder="1">
          <color>4284900966</color>
          <borderColor>4278190080</borderColor>
          <alias>borderLayer</alias>
        </control>
      </groupChildrenDescriptors>
    </control>
    <control controlID="9A1ABB40-7CC7-47CB-842C-868C30F70547" controlTypeID="StatusBar(Android)" x="0" y="0" w="640" h="20" zOrder="1"/>
    <control controlID="C248D278-CB72-47AA-8D93-EB996D73F924" controlTypeID="PopupMenu" x="783" y="47" w="46" h="46" zOrder="2">
      <groupChildrenDescriptors>
        <control controlID="763E40D4-6516-474E-B9DC-A7C1CD804F98" controlTypeID="Panel" x="0" y="0" w="640" h="360" zOrder="0">
          <locked>True</locked>
          <color>1879048192</color>
          <borderVisible>False</borderVisible>
          <canMove>False</canMove>
          <alias>background</alias>
          <groupChildrenDescriptors>
            <control controlID="36C7328F-67B5-4D6A-AC6E-67CA2D2FEDAC" controlTypeID="Border" x="0" y="0" w="640" h="360" zOrder="0">
              <borderVisible>False</borderVisible>
              <alias>borderLayer</alias>
            </control>
          </groupChildrenDescriptors>
          <thinkness>1</thinkness>
        </control>
        <control controlID="2EFF77E0-9B47-403F-82CB-F44317B018DB" controlTypeID="PopupPanelContent" x="472" y="20" w="168" h="202" zOrder="1">
          <borderVisible>True</borderVisible>
          <alias>content</alias>
          <groupChildrenDescriptors>
            <control controlID="2A6A6BF3-7BCF-4B87-A364-F0144654519D" controlTypeID="List" x="0" y="0" w="168" h="202" zOrder="0">
              <color>4293980400</color>
              <alias>menu</alias>
              <links eventType="AtClick" animate="AmNone" animateAutoDelay="0" animateDuration="500">
                <link targetPageID="C13E7167-EA51-4060-B85C-BA8018C77DA1" linkType="ltPageLink" isApplyIncludePage="False" title="List+Of+Posts+List">
                  <area shape="0" alt="" ID="{9F89403B-BDD8-4C22-855B-22F7507F6531}" coords="(1,1,167,49)"/>
                </link>
                <link targetPageID="920C7524-E26B-4DE3-8062-5C7FDE8E7BC4" linkType="ltPageLink" isApplyIncludePage="False" title="Posts">
                  <area shape="0" alt="" ID="{FAAA6841-25EB-4109-945D-1398DEC5BBCF}" coords="(1,49,167,97)"/>
                </link>
                <link targetPageID="55E4334F-E707-47D3-83F8-6F602B8FF295" linkType="ltPageLink" isApplyIncludePage="False" title="Settings">
                  <area shape="0" alt="" ID="{5A8314A4-2A7E-475B-AB4B-B6E57A7D806D}" coords="(1,97,167,145)"/>
                </link>
                <link targetPageID="" linkType="ltPageLink" isApplyIncludePage="False" title="Camera">
                  <area shape="0" alt="" ID="{EA02C5CE-0511-45E0-8B30-471D489E6869}" coords="(1,145,167,193)"/>
                </link>
              </links>
              <font family="Arial" displayName="Arial" postScript="" weightStyle="Standaard" weight="400" isBold="False" isItalic="False"/>
              <text>Lists%0D%0AExplore%0D%0ASettings%0D%0ACamera%0D%0A</text>
              <textSize>14</textSize>
              <lineSpacing>0</lineSpacing>
              <selectedColor>268435455</selectedColor>
              <itemHeight>48</itemHeight>
            </control>
          </groupChildrenDescriptors>
        </control>
      </groupChildrenDescriptors>
    </control>
  </controls>
  <param>
    <backgroundColor>4293914612</backgroundColor>
    <fontSize>14</fontSize>
    <fontFamily>Arial</fontFamily>
    <guideLines/>
  </param>
</mockup>