﻿<mockup version="5.3" minAllowVersion="5.3" ID="906820EB-692C-4B5D-A6D2-AD9F57F109AC" platform="MtMobile" defaultW="640" defaultH="360" measureW="640" measureH="360" screenOrientation="MoLandscape" mobileScreenScale="1.77777779102325">
  <controls controlCount="26">
    <control controlID="6C23F158-8C4F-41FB-949A-09732F8AAF57" controlTypeID="ScrollView" x="0" y="20" w="640" h="347" zOrder="0">
      <color>4293914612</color>
      <groupChildrenDescriptors>
        <control controlID="5C0C51C8-DFCE-419E-ADEC-9B9C1C485565" controlTypeID="ScrollViewContentPanel" x="0" y="0" w="646" h="572" zOrder="0">
          <alias>contentPanel</alias>
          <groupChildrenDescriptors>
            <control controlID="F43EDFA1-5D2F-42EF-AC2F-B836139A7840" controlTypeID="Shape" x="0" y="1" w="646" h="46" zOrder="0">
              <color>4294506744</color>
              <borderColor>4291611852</borderColor>
              <font family="Arial" displayName="Arial" postScript="" weightStyle="Standaard" weight="400" isBold="False" isItalic="False"/>
              <text>New+Post</text>
              <textSize>16</textSize>
              <useDefaultTextSize>False</useDefaultTextSize>
              <selectedIndex>-1</selectedIndex>
              <borderMode>[bmBottom]</borderMode>
            </control>
            <control controlID="599C761D-70CE-42A2-B4F3-9B05A496FAFC" controlTypeID="Icon" x="612" y="8" w="24" h="24" zOrder="1">
              <interactiveData>
                <entry title="">
                  <area shape="0" alt="" ID="{1FF6966B-9051-42BF-9328-A14967F7D5AA}" coords="(0,0,24,24)"/>
                  <events title="">
                    <event eventType="atClick" isChecked="True">
                      <behaviour title="" isChecked="True" isWait="False" isLoop="False" execMode="emParallel">
                        <target targetID="79190BE3-CB72-415B-972A-3075AF8589FC" isChecked="True" isAutoRecovery="False" isLoop="False" execMode="emSequence">
                          <command name="Popup State Change" isChecked="True" descrition="">
                            <param name="AniInterpolation" value="0" varType="3" description=""/>
                            <param name="AniDuration" value="200" varType="3" description=""/>
                            <param name="AniAutoReverse" value="False" varType="11" description=""/>
                            <param name="AniLoop" value="False" varType="11" description=""/>
                            <param name="AniInterpolationTypeOut" value="False" varType="11" description=""/>
                            <param name="Delay" value="0" varType="3" description=""/>
                            <param name="Value" value="2" varType="3" description=""/>
                            <param name="AniType" value="0" varType="3" description=""/>
                          </command>
                        </target>
                      </behaviour>
                    </event>
                  </events>
                </entry>
              </interactiveData>
              <icon>
                <ID/>
                <iconFontName>jdIonicons</iconFontName>
                <iconCode>62356</iconCode>
              </icon>
              <URL>F8C2434C2C958119B1E6150C97C501FA.svg</URL>
            </control>
            <control controlID="90516EAA-E8BA-4144-B30D-31DACC7ACB5C" controlTypeID="Line" x="0" y="47" w="352" h="1" zOrder="2">
              <color>4293190884</color>
              <font family="Arial" displayName="Arial" postScript="" weightStyle="Standaard" weight="400" isBold="False" isItalic="False"/>
              <textSize>14</textSize>
              <lineSpacing>0</lineSpacing>
              <selectedIndex>-1</selectedIndex>
              <controlPoint>(176,0)</controlPoint>
              <startPoint>(0,0)</startPoint>
              <endPoint>(352,0)</endPoint>
            </control>
            <control controlID="58B1F0FF-4BE8-4211-80D7-4216E9750831" controlTypeID="Icon" x="20" y="13" w="20" h="20" zOrder="3">
              <color>4279673312</color>
              <links eventType="AtClick" animate="AmNone" animateAutoDelay="0" animateDuration="500">
                <link targetPageID="FC409A7E-8671-464A-B1AD-0213EC1237F7" linkType="ltPageLink" isApplyIncludePage="False" title="My+Post+List">
                  <area shape="0" alt="" ID="{F8CD12C0-D322-4C65-99CD-BCB37FCD3D1B}" coords="(0,0,20,20)"/>
                </link>
              </links>
              <icon>
                <ID/>
                <iconFontName>jdIonicons</iconFontName>
                <iconCode>62415</iconCode>
              </icon>
              <URL>D6859759E093AABA6D618DD6AA733504.svg</URL>
            </control>
            <control controlID="5850F9BA-6672-4739-AD1D-12F792D27931" controlTypeID="Map" x="20" y="89" w="327" h="202" zOrder="4"/>
            <control controlID="4A80E05E-2C46-44A1-903A-02835D7C5236" controlTypeID="Icon" x="260" y="245" w="44" h="44" zOrder="5">
              <icon>
                <ID/>
                <iconFontName>jdIonicons</iconFontName>
                <iconCode>62185</iconCode>
              </icon>
              <URL>2784B999C40CAFF09E2D9FF5F4DBA473.svg</URL>
            </control>
            <control controlID="50F827E7-A9F2-414B-B006-A0B79CAD730C" controlTypeID="Label" x="20" y="58" w="148" h="19" zOrder="6">
              <font family="Arial" displayName="Arial" postScript="" weightStyle="Standaard" weight="400" isBold="False" isItalic="False"/>
              <text>Location+of+your+post</text>
              <textSize>16</textSize>
              <textVAlign>VaTop</textVAlign>
              <lineSpacing>0</lineSpacing>
              <useDefaultTextSize>False</useDefaultTextSize>
              <selectedIndex>-1</selectedIndex>
            </control>
            <control controlID="C93F7B15-D77E-4755-9169-C7B24F0A5500" controlTypeID="Label" x="357" y="58" w="124" h="19" zOrder="7">
              <font family="Arial" displayName="Arial" postScript="" weightStyle="Standaard" weight="400" isBold="False" isItalic="False"/>
              <text>Image+of+the+post</text>
              <textSize>16</textSize>
              <textVAlign>VaTop</textVAlign>
              <lineSpacing>0</lineSpacing>
              <useDefaultTextSize>False</useDefaultTextSize>
              <selectedIndex>-1</selectedIndex>
            </control>
            <control controlID="EAAE9CD9-805A-4D4C-AAC5-262DF8FA2A1B" controlTypeID="CompositeComboBox" x="266" y="360" w="364" h="43" zOrder="8">
              <groupChildrenDescriptors>
                <control controlID="006AEA12-4370-4DB7-8BA9-E3118BAA1710" controlTypeID="TextInput" x="0" y="0" w="341" h="43" zOrder="0">
                  <locked>True</locked>
                  <canMove>False</canMove>
                  <alias>input</alias>
                  <font family="Segoe+UI" displayName="Segoe+UI" postScript="" weightStyle="Standaard" weight="400" isBold="False" isItalic="False" useDefaultFontFamily="False"/>
                  <text>Misc</text>
                  <lineSpacing>0</lineSpacing>
                  <selectedIndex>-1</selectedIndex>
                </control>
                <control controlID="08B5A211-2389-4D59-8EDB-2B7E6041B7AF" controlTypeID="Button" x="340" y="0" w="24" h="43" zOrder="1">
                  <locked>True</locked>
                  <canMove>False</canMove>
                  <alias>button</alias>
                  <font family="Arial" displayName="Arial" postScript="" weightStyle="Standaard" weight="400" isBold="False" isItalic="False"/>
                  <lineSpacing>0</lineSpacing>
                  <selectedIndex>-1</selectedIndex>
                  <radius>0</radius>
                </control>
                <control controlID="2DD60EEC-639D-4A89-B030-6A80BAC28355" controlTypeID="List" x="0" y="43" w="364" h="217" zOrder="2">
                  <isShow>False</isShow>
                  <canMove>False</canMove>
                  <alias>dropDown</alias>
                  <font family="Segoe+UI" displayName="Segoe+UI" postScript="" weightStyle="Standaard" weight="400" isBold="False" isItalic="False" useDefaultFontFamily="False"/>
                  <text>Misc%0D%0ACar+accident%0D%0ATraffic+jam%0D%0APothole%0D%0ARoad+diversion%0D%0A</text>
                  <textSize>14</textSize>
                  <lineSpacing>0</lineSpacing>
                  <itemHeight>43</itemHeight>
                  <interlaceColor>4294967295</interlaceColor>
                </control>
              </groupChildrenDescriptors>
              <baseHeight>43</baseHeight>
              <font family="Segoe+UI"/>
              <textSize>14</textSize>
            </control>
            <control controlID="F1EBA0FE-4643-4FB1-94D0-B50F1AEC2711" controlTypeID="Label" x="20" y="371" w="76" h="17" zOrder="9">
              <font family="Arial" displayName="Arial" postScript="" weightStyle="Standaard" weight="400" isBold="False" isItalic="False"/>
              <text>Type+of+post</text>
              <lineSpacing>0</lineSpacing>
              <selectedIndex>-1</selectedIndex>
            </control>
            <control controlID="6EAF9719-2DDC-4F7D-AD8F-899EA2EEAA24" controlTypeID="Label" x="20" y="314" w="83" h="17" zOrder="10">
              <font family="Arial" displayName="Arial" postScript="" weightStyle="Standaard" weight="400" isBold="False" isItalic="False"/>
              <text>Name+of+post</text>
              <lineSpacing>0</lineSpacing>
              <selectedIndex>-1</selectedIndex>
            </control>
            <control controlID="85FDE48F-0AF1-4ACD-A5F1-C8F5683A774E" controlTypeID="TextInput" x="266" y="301" w="364" h="43" zOrder="11">
              <font family="Arial" displayName="Arial" postScript="" weightStyle="Standaard" weight="400" isBold="False" isItalic="False"/>
              <lineSpacing>0</lineSpacing>
              <selectedIndex>-1</selectedIndex>
            </control>
            <control controlID="F7D812E4-7BDD-4421-942C-6A9FCBA9F7CF" controlTypeID="Button" x="443" y="426" w="187" h="54" zOrder="12">
              <color>4282501083</color>
              <borderVisible>False</borderVisible>
              <links eventType="AtClick" animate="AmNone" animateAutoDelay="0" animateDuration="500">
                <link targetPageID="FC409A7E-8671-464A-B1AD-0213EC1237F7" linkType="ltPageLink" isApplyIncludePage="False" title="My+Post+List">
                  <area shape="0" alt="" ID="{F52797C8-917D-4710-ADBD-D97BD12C5398}" coords="(0,0,187,54)"/>
                </link>
              </links>
              <font family="Arial" displayName="Arial" postScript="" weightStyle="Standaard" weight="400" isBold="False" isItalic="False" useDefaultFontFamily="False"/>
              <text>Add+Post+and+Share</text>
              <textColor>4294967295</textColor>
              <textSize>24</textSize>
              <lineSpacing>0</lineSpacing>
              <useDefaultTextSize>False</useDefaultTextSize>
              <selectedIndex>-1</selectedIndex>
            </control>
            <control controlID="49B725A8-B9C8-455D-BDF1-C29EE18E04FB" controlTypeID="Image" x="357" y="87" w="273" h="202" zOrder="13">
              <caption>Tap+to+select+an+image</caption>
            </control>
          </groupChildrenDescriptors>
        </control>
        <control controlID="98BA5880-A615-4D19-8B8C-31E7181F1B13" controlTypeID="Border" x="0" y="0" w="640" h="347" zOrder="1">
          <color>4284900966</color>
          <borderColor>4278190080</borderColor>
          <alias>borderLayer</alias>
        </control>
      </groupChildrenDescriptors>
    </control>
    <control controlID="39DE003B-14D5-41E8-956E-0E26727DFD97" controlTypeID="StatusBar(Android)" x="0" y="0" w="640" h="20" zOrder="1"/>
    <control controlID="79190BE3-CB72-415B-972A-3075AF8589FC" controlTypeID="PopupMenu" x="783" y="47" w="46" h="46" zOrder="2">
      <groupChildrenDescriptors>
        <control controlID="EAD1D96A-7F3B-4375-9CD7-4B1EE3328F65" controlTypeID="Panel" x="0" y="0" w="640" h="360" zOrder="0">
          <locked>True</locked>
          <color>1879048192</color>
          <borderVisible>False</borderVisible>
          <canMove>False</canMove>
          <alias>background</alias>
          <groupChildrenDescriptors>
            <control controlID="754FA227-4672-41B8-A8C2-C6A2040C7E56" controlTypeID="Border" x="0" y="0" w="640" h="360" zOrder="0">
              <borderVisible>False</borderVisible>
              <alias>borderLayer</alias>
            </control>
          </groupChildrenDescriptors>
          <thinkness>1</thinkness>
        </control>
        <control controlID="7EB7F5BB-AFBE-4732-B3CF-A68C938BC579" controlTypeID="PopupPanelContent" x="472" y="20" w="168" h="202" zOrder="1">
          <borderVisible>True</borderVisible>
          <alias>content</alias>
          <groupChildrenDescriptors>
            <control controlID="7AD08FBD-5817-4DDA-B3B0-328E94F915FC" controlTypeID="List" x="0" y="0" w="168" h="202" zOrder="0">
              <color>4293980400</color>
              <alias>menu</alias>
              <links eventType="AtClick" animate="AmNone" animateAutoDelay="0" animateDuration="500">
                <link targetPageID="C13E7167-EA51-4060-B85C-BA8018C77DA1" linkType="ltPageLink" isApplyIncludePage="False" title="List+Of+Posts+List">
                  <area shape="0" alt="" ID="{7D55310D-651C-47A7-AF64-694FA6808061}" coords="(1,1,167,49)"/>
                </link>
                <link targetPageID="920C7524-E26B-4DE3-8062-5C7FDE8E7BC4" linkType="ltPageLink" isApplyIncludePage="False" title="Posts">
                  <area shape="0" alt="" ID="{CEAD8A5B-4384-4863-868F-BEE48F7D3CEF}" coords="(1,49,167,97)"/>
                </link>
                <link targetPageID="55E4334F-E707-47D3-83F8-6F602B8FF295" linkType="ltPageLink" isApplyIncludePage="False" title="Settings">
                  <area shape="0" alt="" ID="{3BDFA7D3-713A-4E9B-B8FD-13F2D38EE097}" coords="(1,97,167,145)"/>
                </link>
                <link targetPageID="" linkType="ltPageLink" isApplyIncludePage="False" title="Camera">
                  <area shape="0" alt="" ID="{EA87A6BD-36FE-435F-83BC-8753E70BB94D}" coords="(1,145,167,193)"/>
                </link>
              </links>
              <font family="Arial" displayName="Arial" postScript="" weightStyle="Standaard" weight="400" isBold="False" isItalic="False"/>
              <text>Lists%0D%0AExplore%0D%0ASettings%0D%0ACamera%0D%0A</text>
              <textSize>14</textSize>
              <lineSpacing>0</lineSpacing>
              <selectedColor>268435455</selectedColor>
              <itemHeight>48</itemHeight>
            </control>
          </groupChildrenDescriptors>
        </control>
      </groupChildrenDescriptors>
    </control>
  </controls>
  <param>
    <backgroundColor>4293914612</backgroundColor>
    <fontSize>14</fontSize>
    <fontFamily>Arial</fontFamily>
    <guideLines/>
  </param>
</mockup>