﻿<mockup version="5.3" minAllowVersion="5.3" ID="920C7524-E26B-4DE3-8062-5C7FDE8E7BC4" platform="MtMobile" defaultW="640" defaultH="360" measureW="640" measureH="360" screenOrientation="MoLandscape" mobileScreenScale="1.77777779102325" clipArea="(0,0,0,0)">
  <controls controlCount="52">
    <control controlID="C4DCDD92-661C-4FBA-B21C-4011E93BBA0A" controlTypeID="ScrollView" x="0" y="18" w="640" h="347" zOrder="0">
      <color>4293914612</color>
      <groupChildrenDescriptors>
        <control controlID="6E42F80A-360D-4949-8F56-558E4A27A545" controlTypeID="ScrollViewContentPanel" x="0" y="0" w="646" h="439" zOrder="0">
          <alias>contentPanel</alias>
          <groupChildrenDescriptors>
            <control controlID="8FE5E6C0-9C99-41B8-AC74-F6A1104A53D5" controlTypeID="Shape" x="0" y="1" w="646" h="46" zOrder="0">
              <color>4294506744</color>
              <borderColor>4291611852</borderColor>
              <font family="Arial" displayName="Arial" postScript="" weightStyle="Standaard" weight="400" isBold="False" isItalic="False"/>
              <text>Explore+Posts</text>
              <textSize>16</textSize>
              <useDefaultTextSize>False</useDefaultTextSize>
              <selectedIndex>-1</selectedIndex>
              <borderMode>[bmBottom]</borderMode>
            </control>
            <control controlID="2590A6BF-AEE7-4DC5-A464-31A6E94F42DA" controlTypeID="Icon" x="612" y="8" w="24" h="24" zOrder="1">
              <interactiveData>
                <entry title="">
                  <area shape="0" alt="" ID="{7EC9CA11-8898-4D66-A804-D3E48900DBBE}" coords="(0,0,24,24)"/>
                  <events title="">
                    <event eventType="atClick" isChecked="True">
                      <behaviour title="" isChecked="True" isWait="False" isLoop="False" execMode="emParallel">
                        <target targetID="3A947F6A-F246-498C-BA38-6A653D81081A" isChecked="True" isAutoRecovery="False" isLoop="False" execMode="emSequence">
                          <command name="Popup State Change" isChecked="True" descrition="">
                            <param name="AniInterpolation" value="0" varType="3" description=""/>
                            <param name="AniDuration" value="200" varType="3" description=""/>
                            <param name="AniAutoReverse" value="False" varType="11" description=""/>
                            <param name="AniLoop" value="False" varType="11" description=""/>
                            <param name="AniInterpolationTypeOut" value="False" varType="11" description=""/>
                            <param name="Delay" value="0" varType="3" description=""/>
                            <param name="Value" value="2" varType="3" description=""/>
                            <param name="AniType" value="0" varType="3" description=""/>
                          </command>
                        </target>
                      </behaviour>
                    </event>
                  </events>
                </entry>
              </interactiveData>
              <icon>
                <ID/>
                <iconFontName>jdIonicons</iconFontName>
                <iconCode>62356</iconCode>
              </icon>
              <URL>F8C2434C2C958119B1E6150C97C501FA.svg</URL>
            </control>
            <control controlID="840AC927-0B34-401C-AA3B-DB1F581D0B62" controlTypeID="Shape" x="10" y="63" w="617" h="265" zOrder="2">
              <borderColor>4293190884</borderColor>
              <font family="Arial" displayName="Arial" postScript="" weightStyle="Standaard" weight="400" isBold="False" isItalic="False"/>
              <textColor>4279673312</textColor>
              <textSize>16</textSize>
              <useDefaultTextSize>False</useDefaultTextSize>
              <selectedIndex>-1</selectedIndex>
              <borderMode>[bmTop,bmBottom]</borderMode>
            </control>
            <control controlID="9D020BAC-6E4B-4D9B-8596-B499CA5D3CCC" controlTypeID="DateTimePicker" x="211" y="125" w="407" h="44" zOrder="3">
              <font family="Arial" displayName="Arial" postScript="" weightStyle="Standaard" weight="400" isBold="False" isItalic="False"/>
              <text>03+%2F+10+%2F+2014</text>
              <textSize>14</textSize>
              <lineSpacing>0</lineSpacing>
              <selectedIndex>-1</selectedIndex>
            </control>
            <control controlID="6C1FF76A-443F-4D8D-8013-89AA4B76E6BB" controlTypeID="CompositeComboBox" x="211" y="228" w="406" h="44" zOrder="4">
              <groupChildrenDescriptors>
                <control controlID="4B00DDE1-73A3-4138-BF7F-CC9A4397E74A" controlTypeID="TextInput" x="0" y="0" w="383" h="44" zOrder="0">
                  <locked>True</locked>
                  <canMove>False</canMove>
                  <alias>input</alias>
                  <font family="Segoe+UI" displayName="Segoe+UI" postScript="" weightStyle="Standaard" weight="400" isBold="False" isItalic="False" useDefaultFontFamily="False"/>
                  <text>Accident</text>
                  <lineSpacing>0</lineSpacing>
                  <selectedIndex>-1</selectedIndex>
                </control>
                <control controlID="15418CE2-BA6D-432E-BE03-2457F84457EA" controlTypeID="Button" x="382" y="0" w="24" h="44" zOrder="1">
                  <locked>True</locked>
                  <canMove>False</canMove>
                  <alias>button</alias>
                  <font family="Arial" displayName="Arial" postScript="" weightStyle="Standaard" weight="400" isBold="False" isItalic="False"/>
                  <lineSpacing>0</lineSpacing>
                  <selectedIndex>-1</selectedIndex>
                  <radius>0</radius>
                </control>
                <control controlID="C1620E04-6788-4CB1-996D-B2EC0B1E50CA" controlTypeID="List" x="0" y="44" w="406" h="158" zOrder="2">
                  <isShow>False</isShow>
                  <canMove>False</canMove>
                  <alias>dropDown</alias>
                  <font family="Segoe+UI" displayName="Segoe+UI" postScript="" weightStyle="Standaard" weight="400" isBold="False" isItalic="False" useDefaultFontFamily="False"/>
                  <text>Accident%0D%0ATraffic+jam%0D%0APothole%0D%0ARoad+diversion</text>
                  <textSize>14</textSize>
                  <lineSpacing>0</lineSpacing>
                  <itemHeight>44</itemHeight>
                  <interlaceColor>4294967295</interlaceColor>
                </control>
              </groupChildrenDescriptors>
              <baseHeight>44</baseHeight>
              <font family="Segoe+UI"/>
              <textSize>14</textSize>
            </control>
            <control controlID="B2B879C9-1D14-4E2A-A193-D626A2180429" controlTypeID="CompositeComboBox" x="210" y="174" w="408" h="44" zOrder="5">
              <groupChildrenDescriptors>
                <control controlID="57FF7346-EEAA-41A5-8777-D0F33640F578" controlTypeID="TextInput" x="0" y="0" w="385" h="44" zOrder="0">
                  <locked>True</locked>
                  <canMove>False</canMove>
                  <alias>input</alias>
                  <font family="Segoe+UI" displayName="Segoe+UI" postScript="" weightStyle="Standaard" weight="400" isBold="False" isItalic="False" useDefaultFontFamily="False"/>
                  <text>1</text>
                  <lineSpacing>0</lineSpacing>
                  <selectedIndex>-1</selectedIndex>
                </control>
                <control controlID="0B23AB69-5D7C-49B4-A31B-3E0D54806641" controlTypeID="Button" x="384" y="0" w="24" h="44" zOrder="1">
                  <locked>True</locked>
                  <canMove>False</canMove>
                  <alias>button</alias>
                  <font family="Arial" displayName="Arial" postScript="" weightStyle="Standaard" weight="400" isBold="False" isItalic="False"/>
                  <lineSpacing>0</lineSpacing>
                  <selectedIndex>-1</selectedIndex>
                  <radius>0</radius>
                </control>
                <control controlID="3B04128A-C684-47A9-B5EB-7D0DE3FC7D13" controlTypeID="List" x="0" y="44" w="408" h="197" zOrder="2">
                  <isShow>False</isShow>
                  <canMove>False</canMove>
                  <alias>dropDown</alias>
                  <font family="Segoe+UI" displayName="Segoe+UI" postScript="" weightStyle="Standaard" weight="400" isBold="False" isItalic="False" useDefaultFontFamily="False"/>
                  <text>1%0D%0A2%0D%0A3%0D%0A4%0D%0A5</text>
                  <textSize>14</textSize>
                  <lineSpacing>0</lineSpacing>
                  <itemHeight>44</itemHeight>
                  <interlaceColor>4294967295</interlaceColor>
                </control>
              </groupChildrenDescriptors>
              <baseHeight>44</baseHeight>
              <font family="Segoe+UI"/>
              <textSize>14</textSize>
            </control>
            <control controlID="393743B0-0DBA-4995-93A9-3226C8D2411A" controlTypeID="Line" x="70" y="123" w="544" h="1" zOrder="6">
              <color>4291611852</color>
              <font family="Arial" displayName="Arial" postScript="" weightStyle="Standaard" weight="400" isBold="False" isItalic="False"/>
              <textSize>14</textSize>
              <lineSpacing>0</lineSpacing>
              <selectedIndex>-1</selectedIndex>
              <controlPoint>(272,0)</controlPoint>
              <startPoint>(0,0)</startPoint>
              <endPoint>(544,0)</endPoint>
            </control>
            <control controlID="68B7F4BA-F905-4515-8773-A337255032D5" controlTypeID="Line" x="71" y="172" w="546" h="1" zOrder="7">
              <color>4291611852</color>
              <font family="Arial" displayName="Arial" postScript="" weightStyle="Standaard" weight="400" isBold="False" isItalic="False"/>
              <textSize>14</textSize>
              <lineSpacing>0</lineSpacing>
              <selectedIndex>-1</selectedIndex>
              <controlPoint>(273,0)</controlPoint>
              <startPoint>(0,0)</startPoint>
              <endPoint>(546,0)</endPoint>
            </control>
            <control controlID="A779C440-A3A9-4994-9E51-080076868CA8" controlTypeID="Line" x="73" y="225" w="543" h="1" zOrder="8">
              <color>4291611852</color>
              <font family="Arial" displayName="Arial" postScript="" weightStyle="Standaard" weight="400" isBold="False" isItalic="False"/>
              <textSize>14</textSize>
              <lineSpacing>0</lineSpacing>
              <selectedIndex>-1</selectedIndex>
              <controlPoint>(272,0)</controlPoint>
              <startPoint>(1,0)</startPoint>
              <endPoint>(543,0)</endPoint>
            </control>
            <control controlID="DF0D8EAF-C33D-4149-B045-4C0F9DDF4157" controlTypeID="IconLabel2" x="31" y="135" w="150" h="24" zOrder="9">
              <groupChildrenDescriptors>
                <control controlID="124EBD6A-9BE0-44F7-A770-D7DD7972BBFF" controlTypeID="Shape" x="0" y="0" w="24" h="24" zOrder="0">
                  <canMove>False</canMove>
                  <alias>shape</alias>
                  <font family="Arial" displayName="Arial" postScript="" weightStyle="Standaard" weight="400" isBold="False" isItalic="False"/>
                  <textSize>14</textSize>
                  <selectedIndex>-1</selectedIndex>
                </control>
                <control controlID="221B1852-4907-4130-BA7E-0C47C70FB40D" controlTypeID="Icon" x="0" y="0" w="24" h="24" zOrder="1">
                  <color>4279673312</color>
                  <canMove>False</canMove>
                  <alias>icon</alias>
                  <icon>
                    <ID/>
                    <iconFontName>jdIonicons</iconFontName>
                    <iconCode>62387</iconCode>
                  </icon>
                  <URL>0CCFED0BD1BC3BB4D610117937314139.svg</URL>
                </control>
                <control controlID="FD4B2DC5-AA33-4CC8-8DA9-E539765535C1" controlTypeID="Label" x="28" y="2" w="122" h="19" zOrder="2">
                  <canMove>False</canMove>
                  <alias>label</alias>
                  <font family="Arial" displayName="Arial" postScript="" weightStyle="Standaard" weight="400" isBold="False" isItalic="False"/>
                  <text>+By+Date+Created</text>
                  <textColor>4279673312</textColor>
                  <textSize>16</textSize>
                  <textAlign>HaCenter</textAlign>
                  <textVAlign>VaTop</textVAlign>
                  <lineSpacing>0</lineSpacing>
                  <useDefaultTextSize>False</useDefaultTextSize>
                  <selectedIndex>-1</selectedIndex>
                </control>
                <control controlID="320D1911-96BD-4900-9836-C944EC0383AF" controlTypeID="Shape" x="137" y="0" w="13" h="12" zOrder="3">
                  <color>4294901760</color>
                  <borderVisible>False</borderVisible>
                  <canMove>False</canMove>
                  <alias>alarm</alias>
                  <font family="Arial" displayName="Arial" postScript="" weightStyle="Standaard" weight="400" isBold="False" isItalic="False"/>
                  <text>2</text>
                  <textColor>4294967295</textColor>
                  <textSize>7</textSize>
                  <selectedIndex>-1</selectedIndex>
                  <radius>100</radius>
                  <radiusIsPercent>True</radiusIsPercent>
                </control>
              </groupChildrenDescriptors>
              <textDirection>MiTextRight</textDirection>
            </control>
            <control controlID="30E5EB09-2E95-4117-8DE7-6E39E1C5FD2F" controlTypeID="IconLabel2" x="33" y="82" w="98" h="24" zOrder="10">
              <groupChildrenDescriptors>
                <control controlID="73547AF3-04A4-47A8-9735-FD8F8FF1C54D" controlTypeID="Shape" x="0" y="0" w="24" h="24" zOrder="0">
                  <canMove>False</canMove>
                  <alias>shape</alias>
                  <font family="Arial" displayName="Arial" postScript="" weightStyle="Standaard" weight="400" isBold="False" isItalic="False"/>
                  <textSize>14</textSize>
                  <selectedIndex>-1</selectedIndex>
                </control>
                <control controlID="A2E43EB9-2634-49E7-8590-BDC7B3A171AF" controlTypeID="Icon" x="0" y="0" w="24" h="24" zOrder="1">
                  <color>4279673312</color>
                  <canMove>False</canMove>
                  <alias>icon</alias>
                  <icon>
                    <ID/>
                    <iconFontName>jdIcoMoonFree</iconFontName>
                    <iconCode>59740</iconCode>
                  </icon>
                  <URL>F0BDAC64E7EBA2A3D254960B288224AB.svg</URL>
                </control>
                <control controlID="4257D952-9EB2-4DF2-98BB-1027242ADC62" controlTypeID="Label" x="28" y="2" w="70" h="19" zOrder="2">
                  <canMove>False</canMove>
                  <alias>label</alias>
                  <font family="Arial" displayName="Arial" postScript="" weightStyle="Standaard" weight="400" isBold="False" isItalic="False"/>
                  <text>+By+Name</text>
                  <textColor>4279673312</textColor>
                  <textSize>16</textSize>
                  <textAlign>HaCenter</textAlign>
                  <textVAlign>VaTop</textVAlign>
                  <lineSpacing>0</lineSpacing>
                  <useDefaultTextSize>False</useDefaultTextSize>
                  <selectedIndex>-1</selectedIndex>
                </control>
                <control controlID="78EC1C6C-0B0E-468B-9C2B-AD7F529E27A8" controlTypeID="Shape" x="85" y="0" w="13" h="12" zOrder="3">
                  <color>4294901760</color>
                  <borderVisible>False</borderVisible>
                  <canMove>False</canMove>
                  <alias>alarm</alias>
                  <font family="Arial" displayName="Arial" postScript="" weightStyle="Standaard" weight="400" isBold="False" isItalic="False"/>
                  <text>2</text>
                  <textColor>4294967295</textColor>
                  <textSize>7</textSize>
                  <selectedIndex>-1</selectedIndex>
                  <radius>100</radius>
                  <radiusIsPercent>True</radiusIsPercent>
                </control>
              </groupChildrenDescriptors>
              <textDirection>MiTextRight</textDirection>
            </control>
            <control controlID="674335B7-7D4B-4417-A5D5-984EA4C8320A" controlTypeID="IconLabel2" x="33" y="182" w="101" h="24" zOrder="11">
              <groupChildrenDescriptors>
                <control controlID="159269F5-C337-423E-907F-788F0E621608" controlTypeID="Shape" x="0" y="0" w="24" h="24" zOrder="0">
                  <canMove>False</canMove>
                  <alias>shape</alias>
                  <font family="Arial" displayName="Arial" postScript="" weightStyle="Standaard" weight="400" isBold="False" isItalic="False"/>
                  <textSize>14</textSize>
                  <selectedIndex>-1</selectedIndex>
                </control>
                <control controlID="90DA4F3C-037A-4FB6-BDA1-5E2577E33ABA" controlTypeID="Icon" x="0" y="0" w="24" h="24" zOrder="1">
                  <color>4279673312</color>
                  <canMove>False</canMove>
                  <alias>icon</alias>
                  <icon>
                    <ID/>
                    <iconFontName>jdIonicons</iconFontName>
                    <iconCode>62204</iconCode>
                  </icon>
                  <URL>7368E932054EB35095B123FCB5C28A31.svg</URL>
                </control>
                <control controlID="555C733B-4329-4649-B16B-5F827C61C5AC" controlTypeID="Label" x="28" y="2" w="73" h="19" zOrder="2">
                  <canMove>False</canMove>
                  <alias>label</alias>
                  <font family="Arial" displayName="Arial" postScript="" weightStyle="Standaard" weight="400" isBold="False" isItalic="False"/>
                  <text>+By+Rating</text>
                  <textColor>4279673312</textColor>
                  <textSize>16</textSize>
                  <textAlign>HaCenter</textAlign>
                  <textVAlign>VaTop</textVAlign>
                  <lineSpacing>0</lineSpacing>
                  <useDefaultTextSize>False</useDefaultTextSize>
                  <selectedIndex>-1</selectedIndex>
                </control>
                <control controlID="F1A1A36E-3072-4715-A78E-F45E05B0D59F" controlTypeID="Shape" x="88" y="0" w="13" h="12" zOrder="3">
                  <color>4294901760</color>
                  <borderVisible>False</borderVisible>
                  <canMove>False</canMove>
                  <alias>alarm</alias>
                  <font family="Arial" displayName="Arial" postScript="" weightStyle="Standaard" weight="400" isBold="False" isItalic="False"/>
                  <text>2</text>
                  <textColor>4294967295</textColor>
                  <textSize>7</textSize>
                  <selectedIndex>-1</selectedIndex>
                  <radius>100</radius>
                  <radiusIsPercent>True</radiusIsPercent>
                </control>
              </groupChildrenDescriptors>
              <textDirection>MiTextRight</textDirection>
            </control>
            <control controlID="12B9908C-98DC-492F-A982-A79C151D77CA" controlTypeID="IconLabel2" x="31" y="237" w="89" h="24" zOrder="12">
              <groupChildrenDescriptors>
                <control controlID="8A119218-320D-41E4-90CC-D8F7663EA26E" controlTypeID="Shape" x="0" y="0" w="24" h="24" zOrder="0">
                  <canMove>False</canMove>
                  <alias>shape</alias>
                  <font family="Arial" displayName="Arial" postScript="" weightStyle="Standaard" weight="400" isBold="False" isItalic="False"/>
                  <textSize>14</textSize>
                  <selectedIndex>-1</selectedIndex>
                </control>
                <control controlID="F44A3B90-C9B5-4BFE-9FE5-DF57596D165B" controlTypeID="Icon" x="0" y="0" w="24" h="24" zOrder="1">
                  <color>4279673312</color>
                  <canMove>False</canMove>
                  <alias>icon</alias>
                  <icon>
                    <ID/>
                    <iconFontName>jdIcoFont</iconFontName>
                    <iconCode>59217</iconCode>
                  </icon>
                  <URL>5B42555577E2EDEFD5648F7EACF271B1.svg</URL>
                </control>
                <control controlID="871B00B6-B75C-44DC-8FD2-A05F5D05FDC7" controlTypeID="Label" x="28" y="2" w="61" h="19" zOrder="2">
                  <canMove>False</canMove>
                  <alias>label</alias>
                  <font family="Arial" displayName="Arial" postScript="" weightStyle="Standaard" weight="400" isBold="False" isItalic="False"/>
                  <text>+By+Type</text>
                  <textColor>4279673312</textColor>
                  <textSize>16</textSize>
                  <textAlign>HaCenter</textAlign>
                  <textVAlign>VaTop</textVAlign>
                  <lineSpacing>0</lineSpacing>
                  <useDefaultTextSize>False</useDefaultTextSize>
                  <selectedIndex>-1</selectedIndex>
                </control>
                <control controlID="6AEB6ED1-6400-4E16-B055-D3963C4B7366" controlTypeID="Shape" x="76" y="0" w="13" h="12" zOrder="3">
                  <color>4294901760</color>
                  <borderVisible>False</borderVisible>
                  <canMove>False</canMove>
                  <alias>alarm</alias>
                  <font family="Arial" displayName="Arial" postScript="" weightStyle="Standaard" weight="400" isBold="False" isItalic="False"/>
                  <text>2</text>
                  <textColor>4294967295</textColor>
                  <textSize>7</textSize>
                  <selectedIndex>-1</selectedIndex>
                  <radius>100</radius>
                  <radiusIsPercent>True</radiusIsPercent>
                </control>
              </groupChildrenDescriptors>
              <textDirection>MiTextRight</textDirection>
            </control>
            <control controlID="4D825343-C3A4-4329-854A-EBAB583D6E68" controlTypeID="Icon" x="584" y="290" w="23" h="23" zOrder="13">
              <color>4288256409</color>
              <links eventType="AtClick" animate="AmNone" animateAutoDelay="0" animateDuration="500">
                <link targetPageID="18D4FAAD-B6FE-43D4-888D-92B0C51B3AEB" linkType="ltPageLink" isApplyIncludePage="False" title="All+Posts">
                  <area shape="0" alt="" ID="{F822C4F0-F3B5-4A20-95B6-C198EB8D4D80}" coords="(0,0,23,23)"/>
                </link>
              </links>
              <icon>
                <ID/>
                <iconFontName>jdIonicons</iconFontName>
                <iconCode>62419</iconCode>
              </icon>
              <URL>2E967326C22523F5F084001B9F4E5BC7.svg</URL>
            </control>
            <control controlID="B784E84A-1214-4BA6-A38F-B9D37F8E3FBA" controlTypeID="Line" x="77" y="276" w="540" h="1" zOrder="14">
              <color>4291611852</color>
              <font family="Arial" displayName="Arial" postScript="" weightStyle="Standaard" weight="400" isBold="False" isItalic="False"/>
              <textSize>14</textSize>
              <lineSpacing>0</lineSpacing>
              <selectedIndex>-1</selectedIndex>
              <controlPoint>(270,0)</controlPoint>
              <startPoint>(1,0)</startPoint>
              <endPoint>(540,0)</endPoint>
            </control>
            <control controlID="0D3352B2-5CDD-4E4B-861C-553BAAEC4341" controlTypeID="IconLabel2" x="31" y="285" w="80" h="24" zOrder="15">
              <links eventType="AtClick" animate="AmNone" animateAutoDelay="0" animateDuration="500">
                <link targetPageID="18D4FAAD-B6FE-43D4-888D-92B0C51B3AEB" linkType="ltPageLink" isApplyIncludePage="False" title="All+Posts">
                  <area shape="0" alt="" ID="{E1759F9C-11EC-4203-ADB4-1FF3177217E6}" coords="(0,0,80,24)"/>
                </link>
              </links>
              <groupChildrenDescriptors>
                <control controlID="9E160F76-A882-477C-9A25-053A90B95FA5" controlTypeID="Shape" x="0" y="0" w="24" h="24" zOrder="0">
                  <canMove>False</canMove>
                  <alias>shape</alias>
                  <font family="Arial" displayName="Arial" postScript="" weightStyle="Standaard" weight="400" isBold="False" isItalic="False"/>
                  <textSize>14</textSize>
                  <selectedIndex>-1</selectedIndex>
                </control>
                <control controlID="F9AF0723-4A2E-4555-9A9F-02BD297C5F2A" controlTypeID="Icon" x="0" y="0" w="24" h="24" zOrder="1">
                  <color>4279673312</color>
                  <canMove>False</canMove>
                  <alias>icon</alias>
                  <icon>
                    <ID/>
                    <iconFontName>jdIonicons</iconFontName>
                    <iconCode>62348</iconCode>
                  </icon>
                  <URL>C9A19AEA8333861081ABFD164D361FEF.svg</URL>
                </control>
                <control controlID="1813DD2D-435D-473D-86F5-08EF0723A3B5" controlTypeID="Label" x="28" y="2" w="52" h="19" zOrder="2">
                  <canMove>False</canMove>
                  <alias>label</alias>
                  <font family="Arial" displayName="Arial" postScript="" weightStyle="Standaard" weight="400" isBold="False" isItalic="False"/>
                  <text>+See+all+</text>
                  <textColor>4279673312</textColor>
                  <textSize>16</textSize>
                  <textAlign>HaCenter</textAlign>
                  <textVAlign>VaTop</textVAlign>
                  <lineSpacing>0</lineSpacing>
                  <useDefaultTextSize>False</useDefaultTextSize>
                  <selectedIndex>-1</selectedIndex>
                </control>
                <control controlID="8FDC37DA-9EF4-4B36-B5C8-D56577526117" controlTypeID="Shape" x="67" y="0" w="13" h="12" zOrder="3">
                  <color>4294901760</color>
                  <borderVisible>False</borderVisible>
                  <canMove>False</canMove>
                  <alias>alarm</alias>
                  <font family="Arial" displayName="Arial" postScript="" weightStyle="Standaard" weight="400" isBold="False" isItalic="False"/>
                  <text>2</text>
                  <textColor>4294967295</textColor>
                  <textSize>7</textSize>
                  <selectedIndex>-1</selectedIndex>
                  <radius>100</radius>
                  <radiusIsPercent>True</radiusIsPercent>
                </control>
              </groupChildrenDescriptors>
              <textDirection>MiTextRight</textDirection>
            </control>
            <control controlID="40158C46-BA01-4154-A30B-444FB3399300" controlTypeID="TextInput" x="211" y="73" w="405" h="44" zOrder="16">
              <font family="Arial" displayName="Arial" postScript="" weightStyle="Standaard" weight="400" isBold="False" isItalic="False"/>
              <lineSpacing>0</lineSpacing>
              <selectedIndex>-1</selectedIndex>
            </control>
          </groupChildrenDescriptors>
        </control>
        <control controlID="EB87BE32-1E35-49A4-88D9-B7396BBAB4AB" controlTypeID="Border" x="0" y="0" w="640" h="347" zOrder="1">
          <color>4284900966</color>
          <borderColor>4278190080</borderColor>
          <alias>borderLayer</alias>
        </control>
      </groupChildrenDescriptors>
    </control>
    <control controlID="F43032AC-05EE-4762-B01D-28A053BAC850" controlTypeID="StatusBar(Android)" x="0" y="0" w="640" h="20" zOrder="1"/>
    <control controlID="3A947F6A-F246-498C-BA38-6A653D81081A" controlTypeID="PopupMenu" x="783" y="47" w="46" h="46" zOrder="2">
      <groupChildrenDescriptors>
        <control controlID="E13A9592-9F6C-449F-B724-25720195F45E" controlTypeID="Panel" x="0" y="0" w="640" h="360" zOrder="0">
          <locked>True</locked>
          <color>1879048192</color>
          <borderVisible>False</borderVisible>
          <canMove>False</canMove>
          <alias>background</alias>
          <groupChildrenDescriptors>
            <control controlID="20EDE459-2090-47DA-ADA5-6C3EC4B9F104" controlTypeID="Border" x="0" y="0" w="640" h="360" zOrder="0">
              <borderVisible>False</borderVisible>
              <alias>borderLayer</alias>
            </control>
          </groupChildrenDescriptors>
          <thinkness>1</thinkness>
        </control>
        <control controlID="14E95F5C-52D5-4472-B7AC-D2AD2FDD638C" controlTypeID="PopupPanelContent" x="472" y="20" w="168" h="140" zOrder="1">
          <borderVisible>True</borderVisible>
          <alias>content</alias>
          <groupChildrenDescriptors>
            <control controlID="966839DE-F06A-451B-947F-BFE69CC63E2A" controlTypeID="List" x="0" y="0" w="168" h="140" zOrder="0">
              <color>4293980400</color>
              <alias>menu</alias>
              <links eventType="AtClick" animate="AmNone" animateAutoDelay="0" animateDuration="500">
                <link targetPageID="C13E7167-EA51-4060-B85C-BA8018C77DA1" linkType="ltPageLink" isApplyIncludePage="False" title="Lists">
                  <area shape="0" alt="" ID="{A2967597-C398-4F70-A2D3-469C83C4664D}" coords="(1,1,167,49)"/>
                </link>
                <link targetPageID="920C7524-E26B-4DE3-8062-5C7FDE8E7BC4" linkType="ltPageLink" isApplyIncludePage="False" title="Explore">
                  <area shape="0" alt="" ID="{EB30F506-30C7-4AC6-B445-6032A8A5EF30}" coords="(1,49,167,97)"/>
                </link>
                <link targetPageID="55E4334F-E707-47D3-83F8-6F602B8FF295" linkType="ltPageLink" isApplyIncludePage="False" title="Settings">
                  <area shape="0" alt="" ID="{9D1F6AA2-216E-4B0C-B704-A2E464E31DC7}" coords="(1,97,167,140)"/>
                </link>
              </links>
              <font family="Arial" displayName="Arial" postScript="" weightStyle="Standaard" weight="400" isBold="False" isItalic="False"/>
              <text>Lists%0D%0AExplore%0D%0ASettings</text>
              <textSize>14</textSize>
              <lineSpacing>0</lineSpacing>
              <selectedColor>268435455</selectedColor>
              <itemHeight>48</itemHeight>
            </control>
          </groupChildrenDescriptors>
        </control>
      </groupChildrenDescriptors>
    </control>
  </controls>
  <param>
    <backgroundColor>4293914612</backgroundColor>
    <fontSize>14</fontSize>
    <fontFamily>Arial</fontFamily>
    <guideLines/>
  </param>
</mockup>