﻿<mockup version="5.3" minAllowVersion="5.3" ID="BAE40AAF-AA1E-4329-BD52-B0D012BEBDD6" platform="MtMobile" defaultW="640" defaultH="360" measureW="640" measureH="360" screenOrientation="MoLandscape" mobileScreenScale="1.77777779102325" clipArea="(0,0,0,0)">
  <controls controlCount="20">
    <control controlID="49B28637-AC73-449D-BAA0-39A8FB386345" controlTypeID="StatusBar(Android)" x="0" y="0" w="640" h="20" zOrder="0"/>
    <control controlID="6DAA0094-EA79-4D49-B44E-3D9E642519E9" controlTypeID="Shape" x="0" y="20" w="640" h="46" zOrder="1">
      <color>4294506744</color>
      <borderColor>4291611852</borderColor>
      <font family="Arial" displayName="Arial_%26_Bold" postScript="" weightStyle="Bold" weight="700" isBold="True" isItalic="False"/>
      <textSize>14</textSize>
      <textStyles>[fsBold]</textStyles>
      <selectedIndex>-1</selectedIndex>
      <borderMode>[bmBottom]</borderMode>
    </control>
    <control controlID="873A3186-08AA-4B83-ABBF-346E8F62BBF5" controlTypeID="Label" x="240" y="25" w="161" h="37" zOrder="2">
      <font family="Arial" displayName="Arial_%26_Bold+Italic" postScript="" weightStyle="Bold+Italic" weight="700" isBold="True" isItalic="True"/>
      <text>CityWatch</text>
      <textColor>4279673312</textColor>
      <textSize>32</textSize>
      <lineSpacing>0</lineSpacing>
      <textStyles>[fsBold,fsItalic]</textStyles>
      <useDefaultTextSize>False</useDefaultTextSize>
      <selectedIndex>-1</selectedIndex>
    </control>
    <control controlID="A7FF8B9D-2E80-410A-9651-B0ECC87B9FB7" controlTypeID="Shape" x="36" y="219" w="579" h="42" zOrder="3">
      <links eventType="AtClick" animate="AmNone" animateAutoDelay="0" animateDuration="500">
        <link targetPageID="C13E7167-EA51-4060-B85C-BA8018C77DA1" linkType="ltPageLink" isApplyIncludePage="False" title="List+Of+Posts+List">
          <area shape="0" alt="" ID="{C16AB3B5-ECD6-4D81-9DA2-644BF28D3500}" coords="(0,0,579,42)"/>
        </link>
      </links>
      <font family="Segoe+UI" displayName="Segoe+UI" postScript="" weightStyle="Standaard" weight="400" isBold="False" isItalic="False" useDefaultFontFamily="False"/>
      <text>Sign+In+with+CityWatch+Account</text>
      <textColor>4279673312</textColor>
      <textSize>15</textSize>
      <useDefaultTextSize>False</useDefaultTextSize>
      <selectedIndex>-1</selectedIndex>
      <radius>8</radius>
    </control>
    <control controlID="A04784DE-F9C9-4978-A3BB-4A2647AA08CB" controlTypeID="Shape" x="36" y="267" w="579" h="42" zOrder="4">
      <interactiveData>
        <entry title="">
          <area shape="0" alt="" ID="{8DD4384F-E11D-4C5C-AF3E-5311968971E5}" coords="(0,0,579,42)"/>
          <events title="">
            <event eventType="atClick" isChecked="True">
              <behaviour title="" isChecked="True" isWait="False" isLoop="False" execMode="emParallel">
                <target targetID="3752EF33-A60B-4919-A5DA-8DBD92C109F0" isChecked="True" isAutoRecovery="False" isLoop="False" execMode="emSequence">
                  <command name="Popup State Change" isChecked="True" descrition="">
                    <param name="AniInterpolation" value="0" varType="3" description=""/>
                    <param name="AniDuration" value="200" varType="3" description=""/>
                    <param name="AniAutoReverse" value="False" varType="11" description=""/>
                    <param name="AniLoop" value="False" varType="11" description=""/>
                    <param name="AniInterpolationTypeOut" value="False" varType="11" description=""/>
                    <param name="Delay" value="0" varType="3" description=""/>
                    <param name="Value" value="2" varType="3" description=""/>
                    <param name="AniType" value="0" varType="3" description=""/>
                  </command>
                </target>
              </behaviour>
            </event>
          </events>
        </entry>
      </interactiveData>
      <font family="Segoe+UI" displayName="Segoe+UI" postScript="" weightStyle="Standaard" weight="400" isBold="False" isItalic="False" useDefaultFontFamily="False"/>
      <text>Forgot+Password%3F</text>
      <textColor>4279673312</textColor>
      <textSize>13</textSize>
      <useDefaultTextSize>False</useDefaultTextSize>
      <selectedIndex>-1</selectedIndex>
      <radius>8</radius>
    </control>
    <control controlID="841C1722-B7CE-4DE0-B990-CFEA79646F05" controlTypeID="ScopeBar" x="152" y="70" w="335" h="42" zOrder="5">
      <color>16777215</color>
      <links eventType="AtClick" animate="AmNone" animateAutoDelay="0" animateDuration="500">
        <link targetPageID="C191CF4D-2331-4A9A-BC88-B7106105F54E" linkType="ltPageLink" isApplyIncludePage="False" title="Create+Account">
          <area shape="0" alt="" ID="{41A9F058-B5E5-4636-95EE-A644CAA51236}" coords="(0,0,167,42)"/>
        </link>
        <link targetPageID="" linkType="ltPageLink" isApplyIncludePage="False" title="Sign+In">
          <area shape="0" alt="" ID="{BFF4CD4A-BCCD-45E4-A2FA-5A7DE8A30992}" coords="(167,0,334,42)"/>
        </link>
      </links>
      <font family="Arial" displayName="Arial" postScript="" weightStyle="Standaard" weight="400" isBold="False" isItalic="False" useDefaultFontFamily="False"/>
      <text>Create+Account%2CSign+In</text>
      <textSize>14</textSize>
      <lineSpacing>0</lineSpacing>
      <selectedIndex>1</selectedIndex>
      <selectedColor>4279673312</selectedColor>
      <selectedTextColor>4294967295</selectedTextColor>
    </control>
    <control controlID="5090A58B-D61D-4B47-A3DC-0AF057B5D227" controlTypeID="Shape" x="132" y="313" w="375" h="42" zOrder="6">
      <font family="Segoe+UI" displayName="Segoe+UI" postScript="" weightStyle="Standaard" weight="400" isBold="False" isItalic="False" useDefaultFontFamily="False"/>
      <text>+++Sign+In+with+Facebook</text>
      <textSize>14</textSize>
      <useDefaultTextSize>False</useDefaultTextSize>
      <selectedIndex>-1</selectedIndex>
      <radius>8</radius>
    </control>
    <control controlID="B86F196C-0E05-48FE-8AB0-642F883C02EB" controlTypeID="Icon" x="201" y="321" w="27" h="27" zOrder="7">
      <color>4282079640</color>
      <icon>
        <ID/>
        <iconFontName>jdFontAwesome</iconFontName>
        <iconCode>62000</iconCode>
      </icon>
      <URL>3FE208D35395AF97638B5CE09975FF47.svg</URL>
    </control>
    <control controlID="9E2DE30A-55E5-421F-8544-F5F2E387B923" controlTypeID="Shape" x="0" y="122" w="640" h="91" zOrder="8">
      <borderColor>4293190884</borderColor>
      <font family="Arial" displayName="Arial" postScript="" weightStyle="Standaard" weight="400" isBold="False" isItalic="False"/>
      <textSize>14</textSize>
      <selectedIndex>-1</selectedIndex>
      <borderMode>[bmTop,bmBottom]</borderMode>
    </control>
    <control controlID="35F3B085-4AC7-448E-B582-E12121597E8B" controlTypeID="TextInput" x="37" y="126" w="576" h="42" zOrder="9">
      <font family="Segoe+UI" displayName="Segoe+UI" postScript="" weightStyle="Standaard" weight="400" isBold="False" isItalic="False" useDefaultFontFamily="False"/>
      <lineSpacing>0</lineSpacing>
      <selectedIndex>-1</selectedIndex>
      <placeHolder>Email</placeHolder>
      <radius>8</radius>
    </control>
    <control controlID="12F42D86-8AE7-4604-942F-0FB4B58FE4ED" controlTypeID="TextInput" x="37" y="167" w="576" h="42" zOrder="10">
      <font family="Segoe+UI" displayName="Segoe+UI" postScript="" weightStyle="Standaard" weight="400" isBold="False" isItalic="False" useDefaultFontFamily="False"/>
      <lineSpacing>0</lineSpacing>
      <selectedIndex>-1</selectedIndex>
      <placeHolder>Password</placeHolder>
      <radius>8</radius>
    </control>
    <control controlID="3752EF33-A60B-4919-A5DA-8DBD92C109F0" controlTypeID="PopupPanel" x="741" y="46" w="46" h="46" zOrder="11">
      <groupChildrenDescriptors>
        <control controlID="DC2D491D-E578-415E-BD22-0D79FE1EBAC2" controlTypeID="Panel" x="0" y="0" w="640" h="360" zOrder="0">
          <locked>True</locked>
          <color>1879048192</color>
          <borderVisible>False</borderVisible>
          <canMove>False</canMove>
          <alias>background</alias>
          <groupChildrenDescriptors>
            <control controlID="B1F1F529-CD4B-46C1-9DBB-54639A6485B9" controlTypeID="Border" x="0" y="0" w="640" h="360" zOrder="0">
              <borderVisible>False</borderVisible>
              <alias>borderLayer</alias>
            </control>
          </groupChildrenDescriptors>
          <thinkness>1</thinkness>
        </control>
        <control controlID="5BBE12C3-F521-4A85-B829-CD9C745E7D79" controlTypeID="PopupPanelContent" x="124" y="20" w="375" h="340" zOrder="1">
          <color>16777215</color>
          <alias>content</alias>
          <groupChildrenDescriptors>
            <control controlID="CFC538A6-CD13-4953-991D-F7C7802974CF" controlTypeID="TitleWindow" x="0" y="0" w="375" h="340" zOrder="0">
              <font family="Arial" displayName="Arial" postScript="" weightStyle="Standaard" weight="400" isBold="False" isItalic="False"/>
              <text>Forgot+your+password%3F</text>
              <textSize>14</textSize>
              <textVAlign>VaTop</textVAlign>
              <lineSpacing>0</lineSpacing>
              <selectedIndex>-1</selectedIndex>
            </control>
            <control controlID="AAAF27CF-50FF-46F1-BE31-8D14D7804E8F" controlTypeID="Label" x="10" y="41" w="337" h="14" zOrder="1">
              <font family="Arial" displayName="Arial" postScript="" weightStyle="Standaard" weight="400" isBold="False" isItalic="False"/>
              <text>Enter+your+email+address+below+and+we'll+get+you+back+on+track.</text>
              <textSize>12</textSize>
              <lineSpacing>0</lineSpacing>
              <useDefaultTextSize>False</useDefaultTextSize>
              <selectedIndex>-1</selectedIndex>
            </control>
            <control controlID="FD7972A4-B941-4C49-995F-E2008A9EC2D8" controlTypeID="TextInput" x="11" y="62" w="337" h="33" zOrder="2">
              <font family="Arial" displayName="Arial" postScript="" weightStyle="Standaard" weight="400" isBold="False" isItalic="False"/>
              <lineSpacing>0</lineSpacing>
              <selectedIndex>-1</selectedIndex>
              <placeHolder>Email</placeHolder>
            </control>
            <control controlID="11862C13-417B-4C73-AA9F-3E0EA42E1CA1" controlTypeID="Button" x="85" y="131" w="190" h="65" zOrder="3">
              <color>4279673312</color>
              <borderVisible>False</borderVisible>
              <links eventType="AtClick" animate="AmNone" animateAutoDelay="0" animateDuration="500">
                <link targetPageID="BAE40AAF-AA1E-4329-BD52-B0D012BEBDD6" linkType="ltPageLink" isApplyIncludePage="False" title="Sign+In">
                  <area shape="0" alt="" ID="{166972AC-7179-466D-BFE7-40A8D21F372A}" coords="(0,0,190,65)"/>
                </link>
              </links>
              <font family="Arial" displayName="Arial" postScript="" weightStyle="Standaard" weight="400" isBold="False" isItalic="False" useDefaultFontFamily="False"/>
              <text>SEND+ME+RESET+PASSWORD+INSTRUCTIONS</text>
              <textColor>4294967295</textColor>
              <textSize>12</textSize>
              <lineSpacing>0</lineSpacing>
              <selectedIndex>-1</selectedIndex>
            </control>
            <control controlID="E31452DD-50CB-4423-94C9-89D1243DB9BE" controlTypeID="Label" x="134" y="211" w="92" h="17" zOrder="4">
              <links eventType="AtClick" animate="AmNone" animateAutoDelay="0" animateDuration="500">
                <link targetPageID="BAE40AAF-AA1E-4329-BD52-B0D012BEBDD6" linkType="ltPageLink" isApplyIncludePage="False" title="Sign+In">
                  <area shape="0" alt="" ID="{ACB3D247-37C8-4275-B2D3-B0F2587A81E1}" coords="(0,0,92,17)"/>
                </link>
              </links>
              <font family="Arial" displayName="Arial" postScript="" weightStyle="Standaard" weight="400" isBold="False" isItalic="False" useDefaultFontFamily="False"/>
              <text>Back+to+Sign+in</text>
              <lineSpacing>0</lineSpacing>
              <useDefaultTextSize>False</useDefaultTextSize>
              <selectedIndex>-1</selectedIndex>
            </control>
          </groupChildrenDescriptors>
        </control>
      </groupChildrenDescriptors>
    </control>
  </controls>
  <param>
    <backgroundColor>4293914612</backgroundColor>
    <fontSize>14</fontSize>
    <fontFamily>Arial</fontFamily>
    <guideLines/>
  </param>
</mockup>