﻿<mockup version="5.3" minAllowVersion="5.3" ID="C13E7167-EA51-4060-B85C-BA8018C77DA1" platform="MtMobile" defaultW="640" defaultH="360" measureW="640" measureH="360" screenOrientation="MoLandscape" mobileScreenScale="1.77777779102325">
  <controls controlCount="34">
    <control controlID="BB7AAD1E-FAAB-4B8C-B1F3-2CD5CE314190" controlTypeID="ScrollView" x="0" y="20" w="640" h="347" zOrder="0">
      <color>4293914612</color>
      <groupChildrenDescriptors>
        <control controlID="8CEA3833-EDFC-4CFB-A328-23A2B0DAE00C" controlTypeID="ScrollViewContentPanel" x="0" y="0" w="646" h="347" zOrder="0">
          <alias>contentPanel</alias>
          <groupChildrenDescriptors>
            <control controlID="A636BB6A-7CD2-4DCF-8FA9-A66F8C568CAE" controlTypeID="Shape" x="0" y="1" w="646" h="46" zOrder="0">
              <color>4294506744</color>
              <borderColor>4291611852</borderColor>
              <font family="Arial" displayName="Arial" postScript="" weightStyle="Standaard" weight="400" isBold="False" isItalic="False"/>
              <text>Lists</text>
              <textSize>16</textSize>
              <useDefaultTextSize>False</useDefaultTextSize>
              <selectedIndex>-1</selectedIndex>
              <borderMode>[bmBottom]</borderMode>
            </control>
            <control controlID="F04C7E00-0481-4D84-BF53-C1AD02CD3DFC" controlTypeID="Icon" x="612" y="8" w="24" h="24" zOrder="1">
              <interactiveData>
                <entry title="">
                  <area shape="0" alt="" ID="{58F84471-5AC3-445E-B527-5FB684B51839}" coords="(0,0,24,24)"/>
                  <events title="">
                    <event eventType="atClick" isChecked="True">
                      <behaviour title="" isChecked="True" isWait="False" isLoop="False" execMode="emParallel">
                        <target targetID="BCED6B5E-AC54-4C35-96E2-0B4EA9E3C9D3" isChecked="True" isAutoRecovery="False" isLoop="False" execMode="emSequence">
                          <command name="Popup State Change" isChecked="True" descrition="">
                            <param name="AniInterpolation" value="0" varType="3" description=""/>
                            <param name="AniDuration" value="200" varType="3" description=""/>
                            <param name="AniAutoReverse" value="False" varType="11" description=""/>
                            <param name="AniLoop" value="False" varType="11" description=""/>
                            <param name="AniInterpolationTypeOut" value="False" varType="11" description=""/>
                            <param name="Delay" value="0" varType="3" description=""/>
                            <param name="Value" value="2" varType="3" description=""/>
                            <param name="AniType" value="0" varType="3" description=""/>
                          </command>
                        </target>
                      </behaviour>
                    </event>
                  </events>
                </entry>
              </interactiveData>
              <icon>
                <ID/>
                <iconFontName>jdIonicons</iconFontName>
                <iconCode>62356</iconCode>
              </icon>
              <URL>F8C2434C2C958119B1E6150C97C501FA.svg</URL>
            </control>
            <control controlID="11801BAE-7B5C-415A-82A7-E04A5954B709" controlTypeID="Line" x="0" y="47" w="352" h="1" zOrder="2">
              <color>4293190884</color>
              <font family="Arial" displayName="Arial" postScript="" weightStyle="Standaard" weight="400" isBold="False" isItalic="False"/>
              <textSize>14</textSize>
              <lineSpacing>0</lineSpacing>
              <selectedIndex>-1</selectedIndex>
              <controlPoint>(176,0)</controlPoint>
              <startPoint>(0,0)</startPoint>
              <endPoint>(352,0)</endPoint>
            </control>
            <control controlID="ACCE9069-D78A-4D5A-9BEC-94BF4EE6E559" controlTypeID="Shape" x="10" y="79" w="503" h="60" zOrder="3">
              <borderColor>4293190884</borderColor>
              <links eventType="AtClick" animate="AmNone" animateAutoDelay="0" animateDuration="500">
                <link targetPageID="FC409A7E-8671-464A-B1AD-0213EC1237F7" linkType="ltPageLink" isApplyIncludePage="False" title="My+Post+List">
                  <area shape="0" alt="" ID="{7E0B01F7-83AB-4D09-8AA1-C4A770E2D4FF}" coords="(0,0,503,60)"/>
                </link>
              </links>
              <font family="Arial" displayName="Arial" postScript="" weightStyle="Standaard" weight="400" isBold="False" isItalic="False"/>
              <textColor>4279673312</textColor>
              <textSize>15</textSize>
              <useDefaultTextSize>False</useDefaultTextSize>
              <selectedIndex>-1</selectedIndex>
              <borderMode>[bmTop,bmBottom]</borderMode>
            </control>
            <control controlID="2E7F42CB-9C9D-4782-BE6C-4DEFCD67AB93" controlTypeID="Shape" x="10" y="164" w="620" h="55" zOrder="4">
              <borderColor>4293190884</borderColor>
              <interactiveData>
                <entry title="">
                  <area shape="0" alt="" ID="{3F28D85E-A6F0-457A-BF0B-C31027B94382}" coords="(0,0,620,55)"/>
                  <events title="">
                    <event eventType="atClick" isChecked="True">
                      <behaviour title="" isChecked="True" isWait="False" isLoop="False" execMode="emParallel">
                        <target targetID="B41CF7B4-DB1F-49B7-9AFA-F86019092041" isChecked="True" isAutoRecovery="False" isLoop="False" execMode="emSequence">
                          <command name="Popup State Change" isChecked="True" descrition="">
                            <param name="AniInterpolation" value="0" varType="3" description=""/>
                            <param name="AniDuration" value="200" varType="3" description=""/>
                            <param name="AniAutoReverse" value="False" varType="11" description=""/>
                            <param name="AniLoop" value="False" varType="11" description=""/>
                            <param name="AniInterpolationTypeOut" value="False" varType="11" description=""/>
                            <param name="Delay" value="0" varType="3" description=""/>
                            <param name="Value" value="2" varType="3" description=""/>
                            <param name="AniType" value="0" varType="3" description=""/>
                          </command>
                        </target>
                      </behaviour>
                    </event>
                  </events>
                </entry>
              </interactiveData>
              <font family="Arial" displayName="Arial" postScript="" weightStyle="Standaard" weight="400" isBold="False" isItalic="False"/>
              <text>Create+a+new+list</text>
              <textColor>4279673312</textColor>
              <textSize>16</textSize>
              <useDefaultTextSize>False</useDefaultTextSize>
              <selectedIndex>-1</selectedIndex>
              <borderMode>[bmTop,bmBottom]</borderMode>
            </control>
            <control controlID="0333BAB9-4938-4E51-9AA7-13EE01CFA4CB" controlTypeID="Image" x="27" y="88" w="63" h="42" zOrder="5">
              <links eventType="AtClick" animate="AmNone" animateAutoDelay="0" animateDuration="500">
                <link targetPageID="FC409A7E-8671-464A-B1AD-0213EC1237F7" linkType="ltPageLink" isApplyIncludePage="False" title="My+Post+List">
                  <area shape="0" alt="" ID="{6C0A88B2-30C6-43E1-B9F0-6EEB6C8B4D8F}" coords="(0,0,63,42)"/>
                </link>
              </links>
              <URL>D9F8C6968CAE4A967322347C70101746.png</URL>
            </control>
            <control controlID="DE923515-62F3-435D-A286-EE949048F117" controlTypeID="Label" x="106" y="88" w="89" h="18" zOrder="6">
              <links eventType="AtClick" animate="AmNone" animateAutoDelay="0" animateDuration="500">
                <link targetPageID="FC409A7E-8671-464A-B1AD-0213EC1237F7" linkType="ltPageLink" isApplyIncludePage="False" title="My+Post+List">
                  <area shape="0" alt="" ID="{234AC0D9-6DAB-48E4-9CE7-410948BDAA64}" coords="(0,0,89,18)"/>
                </link>
              </links>
              <font family="Arial" displayName="Arial" postScript="" weightStyle="Standaard" weight="400" isBold="False" isItalic="False"/>
              <text>My+Posts+List</text>
              <textSize>15</textSize>
              <textVAlign>VaTop</textVAlign>
              <lineSpacing>0</lineSpacing>
              <useDefaultTextSize>False</useDefaultTextSize>
              <selectedIndex>-1</selectedIndex>
            </control>
            <control controlID="302D108C-B34A-4294-A9FA-A980E7366A70" controlTypeID="Label" x="106" y="112" w="41" h="15" zOrder="7">
              <links eventType="AtClick" animate="AmNone" animateAutoDelay="0" animateDuration="500">
                <link targetPageID="FC409A7E-8671-464A-B1AD-0213EC1237F7" linkType="ltPageLink" isApplyIncludePage="False" title="My+Post+List">
                  <area shape="0" alt="" ID="{1C6753D7-87E9-4311-9C2C-6AC1214127F8}" coords="(0,0,41,15)"/>
                </link>
              </links>
              <font family="Arial" displayName="Arial" postScript="" weightStyle="Standaard" weight="400" isBold="False" isItalic="False"/>
              <text>2+items</text>
              <textColor>4288256409</textColor>
              <textSize>13</textSize>
              <textVAlign>VaTop</textVAlign>
              <lineSpacing>0</lineSpacing>
              <useDefaultTextSize>False</useDefaultTextSize>
              <selectedIndex>-1</selectedIndex>
            </control>
            <control controlID="FF3859A9-B71A-4D56-8502-C99F1B0D124A" controlTypeID="__group__" x="513" y="79" w="117" h="60" zOrder="8">
              <interactiveData>
                <entry title="">
                  <area shape="0" alt="" ID="{11A37A8C-F691-4934-B7D5-4B25619AFA82}" coords="(0,0,117,60)"/>
                  <events title="">
                    <event eventType="atClick" isChecked="True">
                      <behaviour title="" isChecked="True" isWait="False" isLoop="False" execMode="emParallel">
                        <target targetID="445DEEFB-A926-4293-8F41-B22A3C007695" isChecked="True" isAutoRecovery="False" isLoop="False" execMode="emSequence">
                          <command name="Popup State Change" isChecked="True" descrition="">
                            <param name="AniInterpolation" value="0" varType="3" description=""/>
                            <param name="AniDuration" value="200" varType="3" description=""/>
                            <param name="AniAutoReverse" value="False" varType="11" description=""/>
                            <param name="AniLoop" value="False" varType="11" description=""/>
                            <param name="AniInterpolationTypeOut" value="False" varType="11" description=""/>
                            <param name="Delay" value="0" varType="3" description=""/>
                            <param name="Value" value="2" varType="3" description=""/>
                            <param name="AniType" value="0" varType="3" description=""/>
                          </command>
                        </target>
                      </behaviour>
                    </event>
                  </events>
                </entry>
              </interactiveData>
              <groupChildrenDescriptors>
                <control controlID="4A4CF2FF-B523-4C8A-808C-6BEEBF688DDD" controlTypeID="Shape" x="0" y="0" w="117" h="60" zOrder="0">
                  <color>4294769916</color>
                  <borderColor>4293190884</borderColor>
                  <font family="Arial" displayName="Arial" postScript="" weightStyle="Standaard" weight="400" isBold="False" isItalic="False"/>
                  <textSize>14</textSize>
                  <selectedIndex>-1</selectedIndex>
                </control>
                <control controlID="CC463C93-B86C-4606-89D6-4460D2C6CD65" controlTypeID="Icon" x="43" y="17" w="33" h="33" zOrder="1">
                  <color>4279673312</color>
                  <interactiveData>
                    <entry title="">
                      <area shape="0" alt="" ID="{F3E6E0DB-F6D0-4396-BD6F-1C86E307AC8F}" coords="(0,0,33,33)"/>
                      <events title="">
                        <event eventType="atClick" isChecked="True">
                          <behaviour title="" isChecked="True" isWait="False" isLoop="False" execMode="emParallel">
                            <target targetID="445DEEFB-A926-4293-8F41-B22A3C007695" isChecked="True" isAutoRecovery="False" isLoop="False" execMode="emSequence">
                              <command name="Popup State Change" isChecked="True" descrition="">
                                <param name="AniInterpolation" value="0" varType="3" description=""/>
                                <param name="AniDuration" value="200" varType="3" description=""/>
                                <param name="AniAutoReverse" value="False" varType="11" description=""/>
                                <param name="AniLoop" value="False" varType="11" description=""/>
                                <param name="AniInterpolationTypeOut" value="False" varType="11" description=""/>
                                <param name="Delay" value="0" varType="3" description=""/>
                                <param name="Value" value="2" varType="3" description=""/>
                                <param name="AniType" value="0" varType="3" description=""/>
                              </command>
                            </target>
                          </behaviour>
                        </event>
                      </events>
                    </entry>
                  </interactiveData>
                  <icon>
                    <ID/>
                    <iconFontName>jdIonicons</iconFontName>
                    <iconCode>62335</iconCode>
                  </icon>
                  <URL>51ED992D000055983D8B8802C65E2870.svg</URL>
                </control>
              </groupChildrenDescriptors>
            </control>
            <control controlID="AD47BCBB-8B82-4D95-A5F9-BE3A994DEAE3" controlTypeID="Label" x="229" y="229" w="182" h="14" zOrder="9">
              <font family="Arial" displayName="Arial+Cursief" postScript="" weightStyle="Cursief" weight="400" isBold="False" isItalic="True"/>
              <text>Signed+in+as+48xxx85@gmail.com</text>
              <textColor>4284900966</textColor>
              <textSize>12</textSize>
              <textVAlign>VaTop</textVAlign>
              <lineSpacing>0</lineSpacing>
              <textStyles>[fsItalic]</textStyles>
              <useDefaultTextSize>False</useDefaultTextSize>
              <selectedIndex>-1</selectedIndex>
            </control>
          </groupChildrenDescriptors>
        </control>
        <control controlID="B0B6C135-FF66-4530-B65C-41E33D6118D5" controlTypeID="Border" x="0" y="0" w="640" h="347" zOrder="1">
          <color>4284900966</color>
          <borderColor>4278190080</borderColor>
          <alias>borderLayer</alias>
        </control>
      </groupChildrenDescriptors>
    </control>
    <control controlID="FBBBED86-0903-44DE-BD3C-F979FEA1E1F9" controlTypeID="StatusBar(Android)" x="0" y="0" w="640" h="20" zOrder="1"/>
    <control controlID="B41CF7B4-DB1F-49B7-9AFA-F86019092041" controlTypeID="PopupPanel" x="783" y="131" w="46" h="46" zOrder="2">
      <groupChildrenDescriptors>
        <control controlID="1B4EC105-F1C7-4AFC-B38D-97BC8F187EE4" controlTypeID="Panel" x="0" y="0" w="640" h="360" zOrder="0">
          <locked>True</locked>
          <color>1879048192</color>
          <borderVisible>False</borderVisible>
          <canMove>False</canMove>
          <alias>background</alias>
          <groupChildrenDescriptors>
            <control controlID="F4136165-3672-4654-AEF0-B78015AF22CB" controlTypeID="Border" x="0" y="0" w="640" h="360" zOrder="0">
              <borderVisible>False</borderVisible>
              <alias>borderLayer</alias>
            </control>
          </groupChildrenDescriptors>
          <thinkness>1</thinkness>
        </control>
        <control controlID="E784BC28-FBBE-4963-9BE9-9850A79B1DAC" controlTypeID="PopupPanelContent" x="52" y="86" w="563" h="235" zOrder="1">
          <color>16777215</color>
          <alias>content</alias>
          <groupChildrenDescriptors>
            <control controlID="34717077-E24D-4BA0-909F-8807AD664B0A" controlTypeID="TitleWindow" x="0" y="0" w="563" h="235" zOrder="0">
              <font family="Arial" displayName="Arial" postScript="" weightStyle="Standaard" weight="400" isBold="False" isItalic="False"/>
              <text>Give+your+list+a+name</text>
              <textSize>14</textSize>
              <textVAlign>VaTop</textVAlign>
              <lineSpacing>0</lineSpacing>
              <selectedIndex>-1</selectedIndex>
            </control>
            <control controlID="3D7E0A4C-4FCA-4FD3-8B5A-0FCCC1FC382F" controlTypeID="TextInput" x="105" y="41" w="443" h="48" zOrder="1">
              <font family="Arial" displayName="Arial" postScript="" weightStyle="Standaard" weight="400" isBold="False" isItalic="False"/>
              <lineSpacing>0</lineSpacing>
              <selectedIndex>-1</selectedIndex>
            </control>
            <control controlID="DD1FD4A9-E2C6-468D-BF0A-93FAA0BE9FE9" controlTypeID="Label" x="15" y="57" w="37" h="17" zOrder="2">
              <font family="Arial" displayName="Arial" postScript="" weightStyle="Standaard" weight="400" isBold="False" isItalic="False"/>
              <text>Name</text>
              <lineSpacing>0</lineSpacing>
              <selectedIndex>-1</selectedIndex>
            </control>
            <control controlID="3523A1AE-C768-4E8E-B97D-E1557FB3ABCE" controlTypeID="Button" x="347" y="133" w="201" h="63" zOrder="3">
              <color>4282501083</color>
              <borderVisible>False</borderVisible>
              <links eventType="AtClick" animate="AmNone" animateAutoDelay="0" animateDuration="500">
                <link targetPageID="C13E7167-EA51-4060-B85C-BA8018C77DA1" linkType="ltPageLink" isApplyIncludePage="False" title="List+Of+Posts+List">
                  <area shape="0" alt="" ID="{0D26B69C-5F1E-4DB3-A9BF-169336681BC4}" coords="(0,0,201,63)"/>
                </link>
              </links>
              <font family="Arial" displayName="Arial" postScript="" weightStyle="Standaard" weight="400" isBold="False" isItalic="False" useDefaultFontFamily="False"/>
              <text>Create+new+list</text>
              <textColor>4294967295</textColor>
              <textSize>12</textSize>
              <lineSpacing>0</lineSpacing>
              <selectedIndex>-1</selectedIndex>
            </control>
          </groupChildrenDescriptors>
        </control>
      </groupChildrenDescriptors>
    </control>
    <control controlID="445DEEFB-A926-4293-8F41-B22A3C007695" controlTypeID="AlertWindow" x="783" y="219" w="46" h="46" zOrder="3">
      <groupChildrenDescriptors>
        <control controlID="5E121667-CEE0-4D54-AE16-103957B6849D" controlTypeID="Panel" x="0" y="0" w="640" h="360" zOrder="0">
          <locked>True</locked>
          <color>1879048192</color>
          <borderVisible>False</borderVisible>
          <canMove>False</canMove>
          <alias>background</alias>
          <groupChildrenDescriptors>
            <control controlID="E2B46296-0512-4B20-B543-1B7AFE5AD9DB" controlTypeID="Border" x="0" y="0" w="640" h="360" zOrder="0">
              <borderVisible>False</borderVisible>
              <alias>borderLayer</alias>
            </control>
          </groupChildrenDescriptors>
          <thinkness>1</thinkness>
        </control>
        <control controlID="D62D7F82-734F-4F82-9F17-F3F57BFC548C" controlTypeID="PopupPanelContent" x="124" y="67" w="391" h="243" zOrder="1">
          <color>16777215</color>
          <alias>content</alias>
          <groupChildrenDescriptors>
            <control controlID="6E30AEF7-F930-4B39-9FC1-3AB828C772D0" controlTypeID="Alert" x="0" y="0" w="391" h="243" zOrder="0">
              <alias>alert</alias>
              <links eventType="AtClick" animate="AmNone" animateAutoDelay="0" animateDuration="500">
                <link targetPageID="C13E7167-EA51-4060-B85C-BA8018C77DA1" linkType="ltPageLink" isApplyIncludePage="False" title="No">
                  <area shape="0" alt="" ID="{9AD11ACE-4247-485D-AE91-30F156C48BD1}" coords="(4.5,207.5,191.5,238.5)"/>
                </link>
                <link targetPageID="C13E7167-EA51-4060-B85C-BA8018C77DA1" linkType="ltPageLink" isApplyIncludePage="False" title="Yes">
                  <area shape="0" alt="" ID="{82615A3E-8495-418C-8D20-DF2AB9D2F5DE}" coords="(199.5,207.5,386.5,238.5)"/>
                </link>
              </links>
              <font family="Arial" displayName="Arial" postScript="" weightStyle="Standaard" weight="400" isBold="False" isItalic="False"/>
              <text>Alert%0D%0AAre+you+sure+you+want+to+delete+this+list%3F+%0D%0ANo%2CYes</text>
              <textSize>14</textSize>
              <lineSpacing>0</lineSpacing>
            </control>
          </groupChildrenDescriptors>
        </control>
      </groupChildrenDescriptors>
    </control>
    <control controlID="BCED6B5E-AC54-4C35-96E2-0B4EA9E3C9D3" controlTypeID="PopupMenu" x="783" y="47" w="46" h="46" zOrder="4">
      <groupChildrenDescriptors>
        <control controlID="EE17D9B9-B4CA-410B-A5B2-298AE3B4E540" controlTypeID="Panel" x="0" y="0" w="640" h="360" zOrder="0">
          <locked>True</locked>
          <color>1879048192</color>
          <borderVisible>False</borderVisible>
          <canMove>False</canMove>
          <alias>background</alias>
          <groupChildrenDescriptors>
            <control controlID="2EB37C7A-91CF-4773-AB2E-EABD56C22B83" controlTypeID="Border" x="0" y="0" w="640" h="360" zOrder="0">
              <borderVisible>False</borderVisible>
              <alias>borderLayer</alias>
            </control>
          </groupChildrenDescriptors>
          <thinkness>1</thinkness>
        </control>
        <control controlID="4A8F6027-AF08-46D2-8FC1-02352BD2E298" controlTypeID="PopupPanelContent" x="472" y="20" w="168" h="190" zOrder="1">
          <borderVisible>True</borderVisible>
          <alias>content</alias>
          <groupChildrenDescriptors>
            <control controlID="7BDC4A54-26CC-44A9-A9E2-6A45FA3B32B1" controlTypeID="List" x="0" y="0" w="168" h="190" zOrder="0">
              <color>4293980400</color>
              <alias>menu</alias>
              <links eventType="AtClick" animate="AmNone" animateAutoDelay="0" animateDuration="500">
                <link targetPageID="C13E7167-EA51-4060-B85C-BA8018C77DA1" linkType="ltPageLink" isApplyIncludePage="False" title="Lists">
                  <area shape="0" alt="" ID="{A2967597-C398-4F70-A2D3-469C83C4664D}" coords="(1,1,167,49)"/>
                </link>
                <link targetPageID="920C7524-E26B-4DE3-8062-5C7FDE8E7BC4" linkType="ltPageLink" isApplyIncludePage="False" title="Explore">
                  <area shape="0" alt="" ID="{EB30F506-30C7-4AC6-B445-6032A8A5EF30}" coords="(1,49,167,97)"/>
                </link>
                <link targetPageID="55E4334F-E707-47D3-83F8-6F602B8FF295" linkType="ltPageLink" isApplyIncludePage="False" title="Settings">
                  <area shape="0" alt="" ID="{9D1F6AA2-216E-4B0C-B704-A2E464E31DC7}" coords="(1,97,167,145)"/>
                </link>
                <link targetPageID="18D4FAAD-B6FE-43D4-888D-92B0C51B3AEB" linkType="ltPageLink" isApplyIncludePage="False" title="See+All+Posts">
                  <area shape="0" alt="" ID="{A0A94BB1-AB4C-4A01-879E-68D7070A84C7}" coords="(1,145,167,190)"/>
                </link>
              </links>
              <font family="Arial" displayName="Arial" postScript="" weightStyle="Standaard" weight="400" isBold="False" isItalic="False"/>
              <text>Lists%0D%0AExplore%0D%0ASettings%0D%0ASee+All+Posts</text>
              <textSize>14</textSize>
              <lineSpacing>0</lineSpacing>
              <selectedColor>268435455</selectedColor>
              <itemHeight>48</itemHeight>
            </control>
          </groupChildrenDescriptors>
        </control>
      </groupChildrenDescriptors>
    </control>
  </controls>
  <param>
    <backgroundColor>4293914612</backgroundColor>
    <fontSize>14</fontSize>
    <fontFamily>Arial</fontFamily>
    <guideLines/>
  </param>
</mockup>