﻿<mockup version="5.3" minAllowVersion="5.3" ID="C191CF4D-2331-4A9A-BC88-B7106105F54E" platform="MtMobile" defaultW="640" defaultH="360" measureW="640" measureH="360" screenOrientation="MoLandscape" mobileScreenScale="1.77777779102325" clipArea="(0,0,0,0)">
  <controls controlCount="21">
    <control controlID="5B380CF4-CABA-40F2-AE1C-D988C4855EB3" controlTypeID="StatusBar(Android)" x="0" y="0" w="640" h="20" zOrder="0"/>
    <control controlID="9E7D56B0-CFE3-4460-A791-96338C8602F1" controlTypeID="Shape" x="0" y="20" w="640" h="46" zOrder="1">
      <color>4294506744</color>
      <borderColor>4291611852</borderColor>
      <font family="Arial" displayName="Arial_%26_Bold" postScript="" weightStyle="Bold" weight="700" isBold="True" isItalic="False"/>
      <textSize>14</textSize>
      <textStyles>[fsBold]</textStyles>
      <selectedIndex>-1</selectedIndex>
      <borderMode>[bmBottom]</borderMode>
    </control>
    <control controlID="251623AB-5666-4525-A91B-85F6CD95AC2C" controlTypeID="Label" x="240" y="25" w="161" h="37" zOrder="2">
      <font family="Arial" displayName="Arial_%26_Bold+Italic" postScript="" weightStyle="Bold+Italic" weight="700" isBold="True" isItalic="True"/>
      <text>CityWatch</text>
      <textColor>4279673312</textColor>
      <textSize>32</textSize>
      <lineSpacing>0</lineSpacing>
      <textStyles>[fsBold,fsItalic]</textStyles>
      <useDefaultTextSize>False</useDefaultTextSize>
      <selectedIndex>-1</selectedIndex>
    </control>
    <control controlID="6EDD7B75-80FE-4566-BDE6-485B72E09B38" controlTypeID="Shape" x="36" y="259" w="579" h="42" zOrder="3">
      <interactiveData>
        <entry title="">
          <area shape="0" alt="" ID="{315ED560-172C-4AA7-9CD7-AFA26914B2B9}" coords="(0,0,579,42)"/>
          <events title="">
            <event eventType="atClick" isChecked="True">
              <behaviour title="" isChecked="True" isWait="False" isLoop="False" execMode="emParallel">
                <target targetID="FEC6AD28-8AA8-4BCA-A57F-1A2E2AEF2C1F" isChecked="True" isAutoRecovery="False" isLoop="False" execMode="emSequence">
                  <command name="Popup State Change" isChecked="True" descrition="">
                    <param name="AniInterpolation" value="0" varType="3" description=""/>
                    <param name="AniDuration" value="200" varType="3" description=""/>
                    <param name="AniAutoReverse" value="False" varType="11" description=""/>
                    <param name="AniLoop" value="False" varType="11" description=""/>
                    <param name="AniInterpolationTypeOut" value="False" varType="11" description=""/>
                    <param name="Delay" value="0" varType="3" description=""/>
                    <param name="Value" value="2" varType="3" description=""/>
                    <param name="AniType" value="0" varType="3" description=""/>
                  </command>
                </target>
              </behaviour>
            </event>
          </events>
        </entry>
      </interactiveData>
      <font family="Segoe+UI" displayName="Segoe+UI" postScript="" weightStyle="Standaard" weight="400" isBold="False" isItalic="False" useDefaultFontFamily="False"/>
      <text>Create+a+CityWatch+Account</text>
      <textColor>4279673312</textColor>
      <textSize>15</textSize>
      <useDefaultTextSize>False</useDefaultTextSize>
      <selectedIndex>-1</selectedIndex>
      <radius>8</radius>
    </control>
    <control controlID="5A869614-64DA-4D79-9246-550F637F2648" controlTypeID="Shape" x="132" y="313" w="375" h="42" zOrder="4">
      <font family="Segoe+UI" displayName="Segoe+UI" postScript="" weightStyle="Standaard" weight="400" isBold="False" isItalic="False" useDefaultFontFamily="False"/>
      <text>+++Sign+Up+with+Facebook</text>
      <textSize>14</textSize>
      <useDefaultTextSize>False</useDefaultTextSize>
      <selectedIndex>-1</selectedIndex>
      <radius>8</radius>
    </control>
    <control controlID="60FC2B90-AD35-4F0B-8FF6-9751A8350FF0" controlTypeID="Icon" x="201" y="321" w="27" h="27" zOrder="5">
      <color>4282079640</color>
      <icon>
        <ID/>
        <iconFontName>jdFontAwesome</iconFontName>
        <iconCode>62000</iconCode>
      </icon>
      <URL>3FE208D35395AF97638B5CE09975FF47.svg</URL>
    </control>
    <control controlID="91DB1060-D365-465A-81DC-0106117C6268" controlTypeID="Shape" x="0" y="122" w="640" h="132" zOrder="6">
      <borderColor>4293190884</borderColor>
      <font family="Arial" displayName="Arial" postScript="" weightStyle="Standaard" weight="400" isBold="False" isItalic="False"/>
      <textSize>14</textSize>
      <selectedIndex>-1</selectedIndex>
      <borderMode>[bmTop,bmBottom]</borderMode>
    </control>
    <control controlID="E5CCBFEF-F22B-45F7-9425-2295F9D20774" controlTypeID="TextInput" x="37" y="126" w="288" h="42" zOrder="7">
      <font family="Segoe+UI" displayName="Segoe+UI" postScript="" weightStyle="Standaard" weight="400" isBold="False" isItalic="False" useDefaultFontFamily="False"/>
      <lineSpacing>0</lineSpacing>
      <selectedIndex>-1</selectedIndex>
      <placeHolder>First+Name</placeHolder>
      <radius>8</radius>
    </control>
    <control controlID="C9297D98-A8FF-4060-995A-EB1A43B9485F" controlTypeID="TextInput" x="37" y="167" w="576" h="42" zOrder="8">
      <font family="Segoe+UI" displayName="Segoe+UI" postScript="" weightStyle="Standaard" weight="400" isBold="False" isItalic="False" useDefaultFontFamily="False"/>
      <lineSpacing>0</lineSpacing>
      <selectedIndex>-1</selectedIndex>
      <placeHolder>Email</placeHolder>
      <radius>8</radius>
    </control>
    <control controlID="7E0A6B88-1385-4504-99B8-AA0B3BAC7AB0" controlTypeID="TextInput" x="324" y="126" w="288" h="42" zOrder="9">
      <font family="Segoe+UI" displayName="Segoe+UI" postScript="" weightStyle="Standaard" weight="400" isBold="False" isItalic="False" useDefaultFontFamily="False"/>
      <lineSpacing>0</lineSpacing>
      <selectedIndex>-1</selectedIndex>
      <placeHolder>Last+Name</placeHolder>
      <radius>8</radius>
    </control>
    <control controlID="3358AE46-49CC-4833-BD9F-4D41E17A9AAF" controlTypeID="TextInput" x="37" y="207" w="576" h="42" zOrder="10">
      <font family="Segoe+UI" displayName="Segoe+UI" postScript="" weightStyle="Standaard" weight="400" isBold="False" isItalic="False" useDefaultFontFamily="False"/>
      <lineSpacing>0</lineSpacing>
      <selectedIndex>-1</selectedIndex>
      <placeHolder>Password</placeHolder>
      <radius>8</radius>
    </control>
    <control controlID="66AA4FA3-CF82-4FF9-A18D-6BCBFF19F522" controlTypeID="ScopeBar" x="152" y="72" w="335" h="42" zOrder="11">
      <color>16777215</color>
      <links eventType="AtClick" animate="AmNone" animateAutoDelay="0" animateDuration="500">
        <link targetPageID="" linkType="ltPageLink" isApplyIncludePage="False" title="Create+Account">
          <area shape="0" alt="" ID="{8713AD3C-2E09-419E-A99E-C9C162ACA9DD}" coords="(0,0,167,42)"/>
        </link>
        <link targetPageID="BAE40AAF-AA1E-4329-BD52-B0D012BEBDD6" linkType="ltPageLink" isApplyIncludePage="False" title="Sign+In">
          <area shape="0" alt="" ID="{B7C3D2FE-8172-432B-B0C2-7FD097B74C2D}" coords="(167,0,334,42)"/>
        </link>
      </links>
      <font family="Arial" displayName="Arial" postScript="" weightStyle="Standaard" weight="400" isBold="False" isItalic="False" useDefaultFontFamily="False"/>
      <text>Create+Account%2CSign+In</text>
      <textSize>14</textSize>
      <lineSpacing>0</lineSpacing>
      <selectedColor>4279673312</selectedColor>
      <selectedTextColor>4294967295</selectedTextColor>
    </control>
    <control controlID="FEC6AD28-8AA8-4BCA-A57F-1A2E2AEF2C1F" controlTypeID="PopupPanel" x="751" y="70" w="46" h="46" zOrder="12">
      <groupChildrenDescriptors>
        <control controlID="65C4E767-4B6A-478C-BEF0-858D52B01A52" controlTypeID="Panel" x="0" y="0" w="640" h="360" zOrder="0">
          <locked>True</locked>
          <color>1879048192</color>
          <borderVisible>False</borderVisible>
          <canMove>False</canMove>
          <alias>background</alias>
          <groupChildrenDescriptors>
            <control controlID="67E87BA5-44B2-4F13-81A4-404FD7BEBD93" controlTypeID="Border" x="0" y="0" w="640" h="360" zOrder="0">
              <borderVisible>False</borderVisible>
              <alias>borderLayer</alias>
            </control>
          </groupChildrenDescriptors>
          <thinkness>1</thinkness>
        </control>
        <control controlID="17310B7B-0F5C-4084-9800-2CA91F051EC6" controlTypeID="PopupPanelContent" x="132" y="20" w="375" h="340" zOrder="1">
          <color>16777215</color>
          <alias>content</alias>
          <groupChildrenDescriptors>
            <control controlID="C7701447-F7F4-4A65-98AC-5DA896E916F7" controlTypeID="TitleWindow" x="0" y="0" w="375" h="340" zOrder="0">
              <font family="Arial" displayName="Arial" postScript="" weightStyle="Standaard" weight="400" isBold="False" isItalic="False"/>
              <text>Thank+you+for+creating+an+account!</text>
              <textSize>14</textSize>
              <textVAlign>VaTop</textVAlign>
              <lineSpacing>0</lineSpacing>
              <selectedIndex>-1</selectedIndex>
            </control>
            <control controlID="BF74919C-3B95-4BBF-9285-82E51449DBD2" controlTypeID="Label" x="10" y="41" w="173" h="14" zOrder="1">
              <font family="Arial" displayName="Arial" postScript="" weightStyle="Standaard" weight="400" isBold="False" isItalic="False"/>
              <text>We+sent+an+email+to+this+account</text>
              <textSize>12</textSize>
              <lineSpacing>0</lineSpacing>
              <useDefaultTextSize>False</useDefaultTextSize>
              <selectedIndex>-1</selectedIndex>
            </control>
            <control controlID="08202EF1-B60C-4E2F-A005-AE459C220CBE" controlTypeID="TextInput" x="11" y="62" w="337" h="33" zOrder="2">
              <font family="Arial" displayName="Arial" postScript="" weightStyle="Standaard" weight="400" isBold="False" isItalic="False"/>
              <text>Test@outlook.com</text>
              <lineSpacing>0</lineSpacing>
              <selectedIndex>-1</selectedIndex>
              <canInput>False</canInput>
              <placeHolder>Email</placeHolder>
            </control>
            <control controlID="20108FC3-58BE-4CD3-BD18-0FAD9AAE69BC" controlTypeID="Button" x="83" y="131" w="190" h="65" zOrder="3">
              <color>4279673312</color>
              <borderVisible>False</borderVisible>
              <links eventType="AtClick" animate="AmNone" animateAutoDelay="0" animateDuration="500">
                <link targetPageID="C13E7167-EA51-4060-B85C-BA8018C77DA1" linkType="ltPageLink" isApplyIncludePage="False" title="List+Of+Posts+List">
                  <area shape="0" alt="" ID="{BC47E47C-00BA-484E-ADFF-45EB1DB7413A}" coords="(0,0,190,65)"/>
                </link>
              </links>
              <font family="Arial" displayName="Arial" postScript="" weightStyle="Standaard" weight="400" isBold="False" isItalic="False" useDefaultFontFamily="False"/>
              <text>Sign+in</text>
              <textColor>4294967295</textColor>
              <textSize>12</textSize>
              <lineSpacing>0</lineSpacing>
              <selectedIndex>-1</selectedIndex>
            </control>
            <control controlID="9684DA23-9B23-43E1-A275-DDF0B51A9168" controlTypeID="Label" x="10" y="104" w="347" h="14" zOrder="4">
              <font family="Arial" displayName="Arial" postScript="" weightStyle="Standaard" weight="400" isBold="False" isItalic="False"/>
              <text>Please+verify+your+new+account+by+clicking+on+the+link+in+the+email</text>
              <textSize>12</textSize>
              <lineSpacing>0</lineSpacing>
              <useDefaultTextSize>False</useDefaultTextSize>
              <selectedIndex>-1</selectedIndex>
            </control>
          </groupChildrenDescriptors>
        </control>
      </groupChildrenDescriptors>
    </control>
  </controls>
  <param>
    <backgroundColor>4293914612</backgroundColor>
    <fontSize>14</fontSize>
    <fontFamily>Arial</fontFamily>
    <guideLines/>
  </param>
</mockup>