﻿<mockup version="5.3" minAllowVersion="5.3" ID="C57C2DF5-EA4D-4788-8EBA-EC357F7DF733" platform="MtMobile" defaultW="640" defaultH="360" measureW="360" measureH="640" screenOrientation="MoPortrait" mobileScreenScale="1.77777779102325" clipArea="(0,0,0,0)">
  <controls controlCount="10">
    <control controlID="E21C3069-BEB5-4E52-B8F9-93E96CE99F38" controlTypeID="Shape" x="0" y="20" w="360" h="46" zOrder="0">
      <color>4294506744</color>
      <borderColor>4291611852</borderColor>
      <font family="Arial" displayName="Arial" postScript="" weightStyle="Standaard" weight="400" isBold="False" isItalic="False"/>
      <text>Welcome</text>
      <textSize>16</textSize>
      <useDefaultTextSize>False</useDefaultTextSize>
      <selectedIndex>-1</selectedIndex>
      <borderMode>[bmBottom]</borderMode>
    </control>
    <control controlID="E2BAE44C-C5C2-4649-9446-CE78FDCB9BDB" controlTypeID="Button" x="71" y="563" w="219" h="46" zOrder="1">
      <color>4279673312</color>
      <borderVisible>False</borderVisible>
      <links eventType="AtClick" animate="AmNone" animateAutoDelay="0" animateDuration="500">
        <link targetPageID="C191CF4D-2331-4A9A-BC88-B7106105F54E" linkType="ltPageLink" isApplyIncludePage="False" title="Create+Account">
          <area shape="0" alt="" ID="{C9CE0131-2C29-40CC-9199-BD8B8E97012B}" coords="(0,0,219,46)"/>
        </link>
      </links>
      <font family="Arial" displayName="Arial" postScript="" weightStyle="Standaard" weight="400" isBold="False" isItalic="False" useDefaultFontFamily="False"/>
      <text>Explore+now</text>
      <textColor>4294967295</textColor>
      <textSize>20</textSize>
      <lineSpacing>0</lineSpacing>
      <useDefaultTextSize>False</useDefaultTextSize>
      <selectedIndex>-1</selectedIndex>
    </control>
    <control controlID="E4C63968-54C8-4916-89D1-377C927A62B8" controlTypeID="Shape" x="0" y="476" w="360" h="45" zOrder="2">
      <borderColor>4293190884</borderColor>
      <font family="Arial" displayName="Arial" postScript="" weightStyle="Standaard" weight="400" isBold="False" isItalic="False"/>
      <text>99+posts+made+in+your+city+right+now!</text>
      <textColor>4279673312</textColor>
      <textSize>16</textSize>
      <useDefaultTextSize>False</useDefaultTextSize>
      <selectedIndex>-1</selectedIndex>
      <borderMode>[bmTop,bmBottom]</borderMode>
    </control>
    <control controlID="B691E552-FA5B-4BA8-AA66-1F718B761BF0" controlTypeID="StatusBar(Android)" x="0" y="0" w="360" h="20" zOrder="3"/>
    <control controlID="843A8BCB-6515-490C-9629-62A097B083B6" controlTypeID="Label" x="39" y="97" w="302" h="69" zOrder="4">
      <font family="Arial" displayName="Arial_%26_Bold+Italic" postScript="" weightStyle="Bold+Italic" weight="700" isBold="True" isItalic="True"/>
      <text>CityWatch</text>
      <textColor>4279673312</textColor>
      <textSize>60</textSize>
      <lineSpacing>0</lineSpacing>
      <textStyles>[fsBold,fsItalic]</textStyles>
      <useDefaultTextSize>False</useDefaultTextSize>
      <selectedIndex>-1</selectedIndex>
    </control>
    <control controlID="ACE0C1A2-E3B8-4083-9B1D-1BF914D0221B" controlTypeID="Map" x="19" y="176" w="322" h="290" zOrder="5"/>
    <control controlID="DE446437-7CE4-4E1E-8236-F4F26F0ECA77" controlTypeID="Icon" x="312" y="437" w="23" h="23" zOrder="6">
      <icon>
        <ID/>
        <iconFontName>jdIonicons</iconFontName>
        <iconCode>62185</iconCode>
      </icon>
      <URL>2784B999C40CAFF09E2D9FF5F4DBA473.svg</URL>
    </control>
    <control controlID="E54885A8-CC60-4CC3-A7E7-C1AADE92E574" controlTypeID="Icon" x="153" y="294" w="23" h="23" zOrder="7">
      <color>4279673312</color>
      <icon>
        <ID/>
        <iconFontName>jdIonicons</iconFontName>
        <iconCode>62371</iconCode>
      </icon>
      <URL>474A61FDC203C97B2EEFAF494C017CCB.svg</URL>
    </control>
    <control controlID="6577FA6A-0AFD-4186-BEB9-7872CB29AD00" controlTypeID="Icon" x="34" y="382" w="23" h="23" zOrder="8">
      <color>4279673312</color>
      <icon>
        <ID/>
        <iconFontName>jdIonicons</iconFontName>
        <iconCode>62371</iconCode>
      </icon>
      <URL>474A61FDC203C97B2EEFAF494C017CCB.svg</URL>
    </control>
    <control controlID="6E5F1090-A99D-42AC-AE92-59D1ED6C9044" controlTypeID="Icon" x="267" y="410" w="23" h="23" zOrder="9">
      <color>4279673312</color>
      <icon>
        <ID/>
        <iconFontName>jdIonicons</iconFontName>
        <iconCode>62371</iconCode>
      </icon>
      <URL>474A61FDC203C97B2EEFAF494C017CCB.svg</URL>
    </control>
  </controls>
  <param>
    <backgroundColor>4294967295</backgroundColor>
    <fontSize>14</fontSize>
    <fontFamily>Arial</fontFamily>
    <guideLines/>
  </param>
</mockup>