﻿<mockup version="5.3" minAllowVersion="5.3" ID="C84C275C-4566-4CC2-9916-6ED03A594436" platform="MtMobile" defaultW="640" defaultH="360" measureW="640" measureH="360" screenOrientation="MoLandscape" mobileScreenScale="1.77777779102325">
  <controls controlCount="29">
    <control controlID="29E0CD6D-CB59-403E-9EB5-EFDE099A0219" controlTypeID="ScrollView" x="0" y="20" w="640" h="347" zOrder="0">
      <color>4293914612</color>
      <groupChildrenDescriptors>
        <control controlID="CB1EAA30-8131-4F4C-958A-27409C753648" controlTypeID="ScrollViewContentPanel" x="0" y="0" w="646" h="585" zOrder="0">
          <alias>contentPanel</alias>
          <groupChildrenDescriptors>
            <control controlID="E7A08B32-3697-4FE9-8E14-D3CE9A18879F" controlTypeID="Shape" x="0" y="1" w="646" h="46" zOrder="0">
              <color>4294506744</color>
              <borderColor>4291611852</borderColor>
              <font family="Arial" displayName="Arial" postScript="" weightStyle="Standaard" weight="400" isBold="False" isItalic="False"/>
              <text>View+Post</text>
              <textSize>16</textSize>
              <useDefaultTextSize>False</useDefaultTextSize>
              <selectedIndex>-1</selectedIndex>
              <borderMode>[bmBottom]</borderMode>
            </control>
            <control controlID="D48422E6-D51E-4D9F-ABB3-731D073A2608" controlTypeID="Icon" x="612" y="8" w="24" h="24" zOrder="1">
              <interactiveData>
                <entry title="">
                  <area shape="0" alt="" ID="{C10A3525-F3D4-407E-88A8-497B10D706FB}" coords="(0,0,24,24)"/>
                  <events title="">
                    <event eventType="atClick" isChecked="True">
                      <behaviour title="" isChecked="True" isWait="False" isLoop="False" execMode="emParallel">
                        <target targetID="B64925A5-7EEA-4ED3-9F9C-07AAF074DC55" isChecked="True" isAutoRecovery="False" isLoop="False" execMode="emSequence">
                          <command name="Popup State Change" isChecked="True" descrition="">
                            <param name="AniInterpolation" value="0" varType="3" description=""/>
                            <param name="AniDuration" value="200" varType="3" description=""/>
                            <param name="AniAutoReverse" value="False" varType="11" description=""/>
                            <param name="AniLoop" value="False" varType="11" description=""/>
                            <param name="AniInterpolationTypeOut" value="False" varType="11" description=""/>
                            <param name="Delay" value="0" varType="3" description=""/>
                            <param name="Value" value="2" varType="3" description=""/>
                            <param name="AniType" value="0" varType="3" description=""/>
                          </command>
                        </target>
                      </behaviour>
                    </event>
                  </events>
                </entry>
              </interactiveData>
              <icon>
                <ID/>
                <iconFontName>jdIonicons</iconFontName>
                <iconCode>62356</iconCode>
              </icon>
              <URL>F8C2434C2C958119B1E6150C97C501FA.svg</URL>
            </control>
            <control controlID="3BD08907-4B3C-4896-B802-86658769B870" controlTypeID="Line" x="0" y="47" w="352" h="1" zOrder="2">
              <color>4293190884</color>
              <font family="Arial" displayName="Arial" postScript="" weightStyle="Standaard" weight="400" isBold="False" isItalic="False"/>
              <textSize>14</textSize>
              <lineSpacing>0</lineSpacing>
              <selectedIndex>-1</selectedIndex>
              <controlPoint>(176,0)</controlPoint>
              <startPoint>(0,0)</startPoint>
              <endPoint>(352,0)</endPoint>
            </control>
            <control controlID="1E69CEE2-347C-457D-9A38-EE8AE223D6FF" controlTypeID="Icon" x="20" y="13" w="20" h="20" zOrder="3">
              <color>4279673312</color>
              <links eventType="AtClick" animate="AmNone" animateAutoDelay="0" animateDuration="500">
                <link targetPageID="FC409A7E-8671-464A-B1AD-0213EC1237F7" linkType="ltPageLink" isApplyIncludePage="False" title="My+Post+List">
                  <area shape="0" alt="" ID="{7F75EC7B-678F-4183-92D1-8396FDD20E8C}" coords="(0,0,20,20)"/>
                </link>
              </links>
              <icon>
                <ID/>
                <iconFontName>jdIonicons</iconFontName>
                <iconCode>62415</iconCode>
              </icon>
              <URL>D6859759E093AABA6D618DD6AA733504.svg</URL>
            </control>
            <control controlID="3E866892-0414-4E9D-890A-2BC1CD398499" controlTypeID="Map" x="20" y="89" w="327" h="202" zOrder="4"/>
            <control controlID="86DCB0D9-5B80-4A61-B501-9549E565BE4C" controlTypeID="Icon" x="260" y="245" w="44" h="44" zOrder="5">
              <icon>
                <ID/>
                <iconFontName>jdIonicons</iconFontName>
                <iconCode>62185</iconCode>
              </icon>
              <URL>2784B999C40CAFF09E2D9FF5F4DBA473.svg</URL>
            </control>
            <control controlID="A3F438A1-995A-45BF-A0C1-5001B1DAA5D2" controlTypeID="Label" x="20" y="58" w="148" h="19" zOrder="6">
              <font family="Arial" displayName="Arial" postScript="" weightStyle="Standaard" weight="400" isBold="False" isItalic="False"/>
              <text>Location+of+your+post</text>
              <textSize>16</textSize>
              <textVAlign>VaTop</textVAlign>
              <lineSpacing>0</lineSpacing>
              <useDefaultTextSize>False</useDefaultTextSize>
              <selectedIndex>-1</selectedIndex>
            </control>
            <control controlID="AA0F344E-4F1D-4878-A5BA-45F32DA715BB" controlTypeID="Label" x="357" y="58" w="124" h="19" zOrder="7">
              <font family="Arial" displayName="Arial" postScript="" weightStyle="Standaard" weight="400" isBold="False" isItalic="False"/>
              <text>Image+of+the+post</text>
              <textSize>16</textSize>
              <textVAlign>VaTop</textVAlign>
              <lineSpacing>0</lineSpacing>
              <useDefaultTextSize>False</useDefaultTextSize>
              <selectedIndex>-1</selectedIndex>
            </control>
            <control controlID="9DCB60DC-E884-40F1-BF08-80EDDF7EA229" controlTypeID="CompositeComboBox" x="266" y="392" w="364" h="43" zOrder="8">
              <groupChildrenDescriptors>
                <control controlID="87A107E2-B5FA-4D84-ABF2-B0B46122B2F4" controlTypeID="TextInput" x="0" y="0" w="341" h="43" zOrder="0">
                  <locked>True</locked>
                  <canMove>False</canMove>
                  <alias>input</alias>
                  <font family="Segoe+UI" displayName="Segoe+UI" postScript="" weightStyle="Standaard" weight="400" isBold="False" isItalic="False" useDefaultFontFamily="False"/>
                  <text>Misc</text>
                  <lineSpacing>0</lineSpacing>
                  <selectedIndex>-1</selectedIndex>
                </control>
                <control controlID="8C1B70EC-826C-4E31-A4CA-E6DF15F76AFB" controlTypeID="Button" x="340" y="0" w="24" h="43" zOrder="1">
                  <locked>True</locked>
                  <canMove>False</canMove>
                  <alias>button</alias>
                  <font family="Arial" displayName="Arial" postScript="" weightStyle="Standaard" weight="400" isBold="False" isItalic="False"/>
                  <lineSpacing>0</lineSpacing>
                  <selectedIndex>-1</selectedIndex>
                  <radius>0</radius>
                </control>
                <control controlID="4053E130-D238-4A69-BB22-CF3742929CB2" controlTypeID="List" x="0" y="43" w="364" h="217" zOrder="2">
                  <isShow>False</isShow>
                  <canMove>False</canMove>
                  <alias>dropDown</alias>
                  <font family="Segoe+UI" displayName="Segoe+UI" postScript="" weightStyle="Standaard" weight="400" isBold="False" isItalic="False" useDefaultFontFamily="False"/>
                  <text>Misc%0D%0ACar+accident%0D%0ATraffic+jam%0D%0APothole%0D%0ARoad+diversion%0D%0A</text>
                  <textSize>14</textSize>
                  <lineSpacing>0</lineSpacing>
                  <itemHeight>43</itemHeight>
                  <interlaceColor>4294967295</interlaceColor>
                </control>
              </groupChildrenDescriptors>
              <baseHeight>43</baseHeight>
              <font family="Segoe+UI"/>
              <textSize>14</textSize>
            </control>
            <control controlID="23442078-9B20-45DA-B2C0-7EF80F7F4FAD" controlTypeID="Label" x="20" y="402" w="87" h="19" zOrder="9">
              <font family="Arial" displayName="Arial" postScript="" weightStyle="Standaard" weight="400" isBold="False" isItalic="False"/>
              <text>Type+of+post</text>
              <textSize>16</textSize>
              <lineSpacing>0</lineSpacing>
              <useDefaultTextSize>False</useDefaultTextSize>
              <selectedIndex>-1</selectedIndex>
            </control>
            <control controlID="EBE66B72-47EC-45F0-8744-CD4A1D10669D" controlTypeID="Label" x="20" y="345" w="95" h="19" zOrder="10">
              <font family="Arial" displayName="Arial" postScript="" weightStyle="Standaard" weight="400" isBold="False" isItalic="False"/>
              <text>Name+of+post</text>
              <textSize>16</textSize>
              <lineSpacing>0</lineSpacing>
              <useDefaultTextSize>False</useDefaultTextSize>
              <selectedIndex>-1</selectedIndex>
            </control>
            <control controlID="7468F8A9-42A4-4D7A-A6F7-5B5C6B8B55E0" controlTypeID="TextInput" x="266" y="333" w="364" h="43" zOrder="11">
              <font family="Arial" displayName="Arial" postScript="" weightStyle="Standaard" weight="400" isBold="False" isItalic="False"/>
              <text>Broken+glass+on+the+road</text>
              <lineSpacing>0</lineSpacing>
              <selectedIndex>-1</selectedIndex>
            </control>
            <control controlID="49D67722-4B3D-44A9-86D7-8DB270881037" controlTypeID="Image" x="357" y="90" w="273" h="201" zOrder="12">
              <caption>Tap+to+select+an+image</caption>
              <URL>3DB88A2744AEB80517B5300F485C5520.jpg</URL>
              <flipHorizontal>True</flipHorizontal>
            </control>
            <control controlID="6CE4454F-809D-4505-B719-51F82863ACBA" controlTypeID="Label" x="20" y="300" w="188" h="19" zOrder="13">
              <font family="Arial" displayName="Arial" postScript="" weightStyle="Standaard" weight="400" isBold="False" isItalic="False"/>
              <text>Hasselt%2C+Kapermolenstraat</text>
              <textSize>16</textSize>
              <lineSpacing>0</lineSpacing>
              <useDefaultTextSize>False</useDefaultTextSize>
              <selectedIndex>-1</selectedIndex>
            </control>
            <control controlID="99C8A118-33EF-4990-9606-924BDC79B707" controlTypeID="Icon" x="19" y="438" w="45" h="45" zOrder="14">
              <color>4294940928</color>
              <icon>
                <ID/>
                <iconFontName>jdIonicons</iconFontName>
                <iconCode>62204</iconCode>
              </icon>
              <URL>7368E932054EB35095B123FCB5C28A31.svg</URL>
            </control>
            <control controlID="B24B9209-9F39-45E6-A843-E13B1A752770" controlTypeID="Label" x="98" y="451" w="10" h="23" zOrder="15">
              <font family="Arial" displayName="Arial" postScript="" weightStyle="Standaard" weight="400" isBold="False" isItalic="False"/>
              <text>5</text>
              <textSize>20</textSize>
              <lineSpacing>0</lineSpacing>
              <useDefaultTextSize>False</useDefaultTextSize>
              <selectedIndex>-1</selectedIndex>
            </control>
            <control controlID="398BD96C-B448-4CDB-8516-AF9D879555B4" controlTypeID="Label" x="454" y="452" w="176" h="19" zOrder="16">
              <font family="Arial" displayName="Arial" postScript="" weightStyle="Standaard" weight="400" isBold="False" isItalic="False"/>
              <text>Share+Post+on+Facebook</text>
              <textColor>4279673312</textColor>
              <textSize>16</textSize>
              <textVAlign>VaTop</textVAlign>
              <lineSpacing>0</lineSpacing>
              <useDefaultTextSize>False</useDefaultTextSize>
              <selectedIndex>-1</selectedIndex>
            </control>
          </groupChildrenDescriptors>
        </control>
        <control controlID="82612FA2-BF5A-4D36-A561-B12A65A40F86" controlTypeID="Border" x="0" y="0" w="640" h="347" zOrder="1">
          <color>4284900966</color>
          <borderColor>4278190080</borderColor>
          <alias>borderLayer</alias>
        </control>
      </groupChildrenDescriptors>
    </control>
    <control controlID="3FDA0D8C-6EC5-4C84-869F-C368F6A7E6BA" controlTypeID="StatusBar(Android)" x="0" y="0" w="640" h="20" zOrder="1"/>
    <control controlID="B64925A5-7EEA-4ED3-9F9C-07AAF074DC55" controlTypeID="PopupMenu" x="783" y="47" w="46" h="46" zOrder="2">
      <groupChildrenDescriptors>
        <control controlID="FCDB298B-33BD-411E-8467-153EFA75AC7A" controlTypeID="Panel" x="0" y="0" w="640" h="360" zOrder="0">
          <locked>True</locked>
          <color>1879048192</color>
          <borderVisible>False</borderVisible>
          <canMove>False</canMove>
          <alias>background</alias>
          <groupChildrenDescriptors>
            <control controlID="D803E24F-3F42-4B47-8BE4-42059271FBAB" controlTypeID="Border" x="0" y="0" w="640" h="360" zOrder="0">
              <borderVisible>False</borderVisible>
              <alias>borderLayer</alias>
            </control>
          </groupChildrenDescriptors>
          <thinkness>1</thinkness>
        </control>
        <control controlID="BCB34FDF-A95A-46BA-A457-92768C469B7B" controlTypeID="PopupPanelContent" x="472" y="20" w="168" h="140" zOrder="1">
          <borderVisible>True</borderVisible>
          <alias>content</alias>
          <groupChildrenDescriptors>
            <control controlID="D2BE6546-EE5D-42A1-97BA-2DDC7F48DEFB" controlTypeID="List" x="0" y="0" w="168" h="140" zOrder="0">
              <color>4293980400</color>
              <alias>menu</alias>
              <links eventType="AtClick" animate="AmNone" animateAutoDelay="0" animateDuration="500">
                <link targetPageID="C13E7167-EA51-4060-B85C-BA8018C77DA1" linkType="ltPageLink" isApplyIncludePage="False" title="Lists">
                  <area shape="0" alt="" ID="{A2967597-C398-4F70-A2D3-469C83C4664D}" coords="(1,1,167,49)"/>
                </link>
                <link targetPageID="920C7524-E26B-4DE3-8062-5C7FDE8E7BC4" linkType="ltPageLink" isApplyIncludePage="False" title="Explore">
                  <area shape="0" alt="" ID="{EB30F506-30C7-4AC6-B445-6032A8A5EF30}" coords="(1,49,167,97)"/>
                </link>
                <link targetPageID="55E4334F-E707-47D3-83F8-6F602B8FF295" linkType="ltPageLink" isApplyIncludePage="False" title="Settings">
                  <area shape="0" alt="" ID="{9D1F6AA2-216E-4B0C-B704-A2E464E31DC7}" coords="(1,97,167,140)"/>
                </link>
              </links>
              <font family="Arial" displayName="Arial" postScript="" weightStyle="Standaard" weight="400" isBold="False" isItalic="False"/>
              <text>Lists%0D%0AExplore%0D%0ASettings</text>
              <textSize>14</textSize>
              <lineSpacing>0</lineSpacing>
              <selectedColor>268435455</selectedColor>
              <itemHeight>48</itemHeight>
            </control>
          </groupChildrenDescriptors>
        </control>
      </groupChildrenDescriptors>
    </control>
  </controls>
  <param>
    <backgroundColor>4293914612</backgroundColor>
    <fontSize>14</fontSize>
    <fontFamily>Arial</fontFamily>
    <guideLines/>
  </param>
</mockup>