﻿<mockup version="5.3" minAllowVersion="5.3" ID="FC409A7E-8671-464A-B1AD-0213EC1237F7" platform="MtMobile" defaultW="640" defaultH="360" measureW="640" measureH="360" screenOrientation="MoLandscape" mobileScreenScale="1.77777779102325">
  <controls controlCount="36">
    <control controlID="5F452B39-35E7-4E08-B954-782F43823B78" controlTypeID="ScrollView" x="0" y="20" w="640" h="347" zOrder="0">
      <color>4293914612</color>
      <groupChildrenDescriptors>
        <control controlID="575B3FCE-C9D5-47C9-A018-7FDB679F1C8F" controlTypeID="ScrollViewContentPanel" x="0" y="0" w="646" h="490" zOrder="0">
          <alias>contentPanel</alias>
          <groupChildrenDescriptors>
            <control controlID="DF22C86B-C2E7-48E5-892F-24ED09AEBEC8" controlTypeID="Shape" x="0" y="1" w="646" h="46" zOrder="0">
              <color>4294506744</color>
              <borderColor>4291611852</borderColor>
              <font family="Arial" displayName="Arial" postScript="" weightStyle="Standaard" weight="400" isBold="False" isItalic="False"/>
              <textSize>16</textSize>
              <useDefaultTextSize>False</useDefaultTextSize>
              <selectedIndex>-1</selectedIndex>
              <borderMode>[bmBottom]</borderMode>
            </control>
            <control controlID="8CEEDC1E-D595-4527-92FD-B11689852E9B" controlTypeID="Line" x="0" y="47" w="352" h="1" zOrder="1">
              <color>4293190884</color>
              <font family="Arial" displayName="Arial" postScript="" weightStyle="Standaard" weight="400" isBold="False" isItalic="False"/>
              <textSize>14</textSize>
              <lineSpacing>0</lineSpacing>
              <selectedIndex>-1</selectedIndex>
              <controlPoint>(176,0)</controlPoint>
              <startPoint>(0,0)</startPoint>
              <endPoint>(352,0)</endPoint>
            </control>
            <control controlID="C69204D4-432E-4F80-B8DB-912579B65D16" controlTypeID="Icon" x="20" y="13" w="20" h="20" zOrder="2">
              <color>4279673312</color>
              <links eventType="AtClick" animate="AmNone" animateAutoDelay="0" animateDuration="500">
                <link targetPageID="C13E7167-EA51-4060-B85C-BA8018C77DA1" linkType="ltPageLink" isApplyIncludePage="False" title="List+Of+Posts+List">
                  <area shape="0" alt="" ID="{648DDFE2-5AF5-4115-BE5F-06182E1509F7}" coords="(0,0,20,20)"/>
                </link>
              </links>
              <icon>
                <ID/>
                <iconFontName>jdIonicons</iconFontName>
                <iconCode>62415</iconCode>
              </icon>
              <URL>D6859759E093AABA6D618DD6AA733504.svg</URL>
            </control>
            <control controlID="B005C61A-6975-4912-BF0D-4C2154C5B126" controlTypeID="Shape" x="0" y="48" w="640" h="59" zOrder="3">
              <color>4294440951</color>
              <borderVisible>False</borderVisible>
              <font family="Arial" displayName="Arial" postScript="" weightStyle="Standaard" weight="400" isBold="False" isItalic="False"/>
              <textSize>14</textSize>
              <selectedIndex>-1</selectedIndex>
            </control>
            <control controlID="05A300D0-EBE3-4D26-9965-EA825903B6B6" controlTypeID="__group__" x="176" y="56" w="276" h="41" zOrder="4">
              <links eventType="AtClick" animate="AmNone" animateAutoDelay="0" animateDuration="500">
                <link targetPageID="906820EB-692C-4B5D-A6D2-AD9F57F109AC" linkType="ltPageLink" isApplyIncludePage="False" title="Add+Post">
                  <area shape="0" alt="" ID="{6E4F88D2-C009-4240-A60A-758CB10D3581}" coords="(0,0,276,41)"/>
                </link>
              </links>
              <groupChildrenDescriptors>
                <control controlID="8659E437-3F4F-48A0-891E-A4753D97F4B7" controlTypeID="Button" x="0" y="0" w="276" h="41" zOrder="0">
                  <borderColor>4293190884</borderColor>
                  <font family="Arial" displayName="Arial" postScript="" weightStyle="Standaard" weight="400" isBold="False" isItalic="False"/>
                  <text>++++Add+post</text>
                  <textColor>4279673312</textColor>
                  <textSize>16</textSize>
                  <lineSpacing>0</lineSpacing>
                  <useDefaultTextSize>False</useDefaultTextSize>
                  <selectedIndex>-1</selectedIndex>
                </control>
                <control controlID="4D30EFE8-8255-4213-975D-170BC31D557B" controlTypeID="Icon" x="41" y="8" w="26" h="26" zOrder="1">
                  <color>4279673312</color>
                  <icon>
                    <ID/>
                    <iconFontName>jdIonicons</iconFontName>
                    <iconCode>62601</iconCode>
                  </icon>
                  <URL>684CEEAB35D8E73FB7B429D4451E5C83.svg</URL>
                </control>
              </groupChildrenDescriptors>
            </control>
            <control controlID="9F9057E5-72DB-4BCE-96E1-A59229309EE1" controlTypeID="Line" x="20" y="172" w="610" h="1" zOrder="5">
              <color>4293190884</color>
              <font family="Arial" displayName="Arial" postScript="" weightStyle="Standaard" weight="400" isBold="False" isItalic="False"/>
              <textSize>14</textSize>
              <lineSpacing>0</lineSpacing>
              <selectedIndex>-1</selectedIndex>
              <controlPoint>(305,0)</controlPoint>
              <startPoint>(0,0)</startPoint>
              <endPoint>(610,0)</endPoint>
            </control>
            <control controlID="12C021B5-8BC9-4A71-BF8A-7132CFEDB3E0" controlTypeID="Line" x="18" y="219" w="612" h="1" zOrder="6">
              <color>4293190884</color>
              <font family="Arial" displayName="Arial" postScript="" weightStyle="Standaard" weight="400" isBold="False" isItalic="False"/>
              <textSize>14</textSize>
              <lineSpacing>0</lineSpacing>
              <selectedIndex>-1</selectedIndex>
              <controlPoint>(306,0)</controlPoint>
              <startPoint>(1,0)</startPoint>
              <endPoint>(612,0)</endPoint>
            </control>
            <control controlID="3B809DDB-12F0-4D5A-B2A4-1286DD60E61A" controlTypeID="Shape" x="10" y="125" w="476" h="48" zOrder="7">
              <links eventType="AtClick" animate="AmNone" animateAutoDelay="0" animateDuration="500">
                <link targetPageID="C84C275C-4566-4CC2-9916-6ED03A594436" linkType="ltPageLink" isApplyIncludePage="False" title="View+Post">
                  <area shape="0" alt="" ID="{E3941510-925D-4C45-8CBD-4429BBD18325}" coords="(0,0,476,48)"/>
                </link>
              </links>
              <font family="Arial" displayName="Arial" postScript="" weightStyle="Standaard" weight="400" isBold="False" isItalic="False"/>
              <textSize>14</textSize>
              <selectedIndex>-1</selectedIndex>
            </control>
            <control controlID="2BD6A8D2-0B14-418F-A5F6-5C082B149085" controlTypeID="Label" x="13" y="138" w="42" h="19" zOrder="8">
              <links eventType="AtClick" animate="AmNone" animateAutoDelay="0" animateDuration="500">
                <link targetPageID="C84C275C-4566-4CC2-9916-6ED03A594436" linkType="ltPageLink" isApplyIncludePage="False" title="View+Post">
                  <area shape="0" alt="" ID="{67427AF8-3C5C-4DBB-8F2C-498293A5415F}" coords="(0,0,42,19)"/>
                </link>
              </links>
              <font family="Arial" displayName="Arial" postScript="" weightStyle="Standaard" weight="400" isBold="False" isItalic="False"/>
              <text>Post+1</text>
              <textSize>16</textSize>
              <textVAlign>VaTop</textVAlign>
              <lineSpacing>0</lineSpacing>
              <useDefaultTextSize>False</useDefaultTextSize>
              <selectedIndex>-1</selectedIndex>
            </control>
            <control controlID="50FA5A96-0A0E-41EB-860D-FDDE9F49EA44" controlTypeID="Shape" x="10" y="171" w="476" h="48" zOrder="9">
              <links eventType="AtClick" animate="AmNone" animateAutoDelay="0" animateDuration="500">
                <link targetPageID="C84C275C-4566-4CC2-9916-6ED03A594436" linkType="ltPageLink" isApplyIncludePage="False" title="View+Post">
                  <area shape="0" alt="" ID="{10972F42-DBBE-4949-996B-A949E14C81C0}" coords="(0,0,476,48)"/>
                </link>
              </links>
              <font family="Arial" displayName="Arial" postScript="" weightStyle="Standaard" weight="400" isBold="False" isItalic="False"/>
              <textSize>14</textSize>
              <selectedIndex>-1</selectedIndex>
            </control>
            <control controlID="1255D22F-EB34-4425-A766-ECE3F119297E" controlTypeID="Label" x="13" y="185" w="45" h="19" zOrder="10">
              <links eventType="AtClick" animate="AmNone" animateAutoDelay="0" animateDuration="500">
                <link targetPageID="C84C275C-4566-4CC2-9916-6ED03A594436" linkType="ltPageLink" isApplyIncludePage="False" title="View+Post">
                  <area shape="0" alt="" ID="{E1EE4BA5-EBC2-4D8E-BE1F-7C482AC5EAC6}" coords="(0,0,45,19)"/>
                </link>
              </links>
              <font family="Arial" displayName="Arial" postScript="" weightStyle="Standaard" weight="400" isBold="False" isItalic="False"/>
              <text>Post+2</text>
              <textSize>16</textSize>
              <textVAlign>VaTop</textVAlign>
              <lineSpacing>0</lineSpacing>
              <useDefaultTextSize>False</useDefaultTextSize>
              <selectedIndex>-1</selectedIndex>
            </control>
            <control controlID="D8CD4CE6-E7A7-4BF9-AD4E-361B20F6A1D0" controlTypeID="__group__" x="486" y="125" w="72" h="48" zOrder="11">
              <interactiveData>
                <entry title="">
                  <area shape="0" alt="" ID="{2B6C3C48-43C3-45E2-B706-C7859261DC03}" coords="(0,0,72,48)"/>
                  <events title="">
                    <event eventType="atClick" isChecked="True">
                      <behaviour title="" isChecked="True" isWait="False" isLoop="False" execMode="emParallel">
                        <target targetID="8255242E-D486-48EF-AE0D-B277229652A2" isChecked="True" isAutoRecovery="False" isLoop="False" execMode="emSequence">
                          <command name="Popup State Change" isChecked="True" descrition="">
                            <param name="AniInterpolation" value="0" varType="3" description=""/>
                            <param name="AniDuration" value="200" varType="3" description=""/>
                            <param name="AniAutoReverse" value="False" varType="11" description=""/>
                            <param name="AniLoop" value="False" varType="11" description=""/>
                            <param name="AniInterpolationTypeOut" value="False" varType="11" description=""/>
                            <param name="Delay" value="0" varType="3" description=""/>
                            <param name="Value" value="2" varType="3" description=""/>
                            <param name="AniType" value="0" varType="3" description=""/>
                          </command>
                        </target>
                      </behaviour>
                    </event>
                  </events>
                </entry>
              </interactiveData>
              <groupChildrenDescriptors>
                <control controlID="78F4F225-1A2C-41C5-B2F2-8ED4CBF9D27B" controlTypeID="Shape" x="0" y="0" w="72" h="48" zOrder="0">
                  <color>4294769916</color>
                  <borderColor>4293190884</borderColor>
                  <font family="Arial" displayName="Arial" postScript="" weightStyle="Standaard" weight="400" isBold="False" isItalic="False"/>
                  <textSize>14</textSize>
                  <selectedIndex>-1</selectedIndex>
                </control>
                <control controlID="CAF516BB-EF7A-4AE4-9EAE-88B21486DB20" controlTypeID="Icon" x="26" y="12" w="20" h="20" zOrder="1">
                  <color>4279673312</color>
                  <interactiveData>
                    <entry title="">
                      <area shape="0" alt="" ID="{9A9752F9-D60B-458D-B7A7-304EEA4407FB}" coords="(0,0,20,20)"/>
                      <events title="">
                        <event eventType="atClick" isChecked="True">
                          <behaviour title="" isChecked="True" isWait="False" isLoop="False" execMode="emParallel">
                            <target targetID="8255242E-D486-48EF-AE0D-B277229652A2" isChecked="True" isAutoRecovery="False" isLoop="False" execMode="emSequence">
                              <command name="Popup State Change" isChecked="True" descrition="">
                                <param name="AniInterpolation" value="0" varType="3" description=""/>
                                <param name="AniDuration" value="200" varType="3" description=""/>
                                <param name="AniAutoReverse" value="False" varType="11" description=""/>
                                <param name="AniLoop" value="False" varType="11" description=""/>
                                <param name="AniInterpolationTypeOut" value="False" varType="11" description=""/>
                                <param name="Delay" value="0" varType="3" description=""/>
                                <param name="Value" value="2" varType="3" description=""/>
                                <param name="AniType" value="0" varType="3" description=""/>
                              </command>
                            </target>
                          </behaviour>
                        </event>
                      </events>
                    </entry>
                  </interactiveData>
                  <icon>
                    <ID/>
                    <iconFontName>jdIonicons</iconFontName>
                    <iconCode>62335</iconCode>
                  </icon>
                  <URL>51ED992D000055983D8B8802C65E2870.svg</URL>
                </control>
              </groupChildrenDescriptors>
            </control>
            <control controlID="A1E82F02-5701-41C4-B327-CA5FC0B7040C" controlTypeID="__group__" x="486" y="171" w="72" h="48" zOrder="12">
              <interactiveData>
                <entry title="">
                  <area shape="0" alt="" ID="{CD457BD3-37DA-42AF-9473-33EEB7791700}" coords="(0,0,72,48)"/>
                  <events title="">
                    <event eventType="atClick" isChecked="True">
                      <behaviour title="" isChecked="True" isWait="False" isLoop="False" execMode="emParallel">
                        <target targetID="8255242E-D486-48EF-AE0D-B277229652A2" isChecked="True" isAutoRecovery="False" isLoop="False" execMode="emSequence">
                          <command name="Popup State Change" isChecked="True" descrition="">
                            <param name="AniInterpolation" value="0" varType="3" description=""/>
                            <param name="AniDuration" value="200" varType="3" description=""/>
                            <param name="AniAutoReverse" value="False" varType="11" description=""/>
                            <param name="AniLoop" value="False" varType="11" description=""/>
                            <param name="AniInterpolationTypeOut" value="False" varType="11" description=""/>
                            <param name="Delay" value="0" varType="3" description=""/>
                            <param name="Value" value="2" varType="3" description=""/>
                            <param name="AniType" value="0" varType="3" description=""/>
                          </command>
                        </target>
                      </behaviour>
                    </event>
                  </events>
                </entry>
              </interactiveData>
              <groupChildrenDescriptors>
                <control controlID="AC52FBB2-8A55-4BB5-BAC2-F61E8CE48FA9" controlTypeID="Shape" x="0" y="0" w="72" h="48" zOrder="0">
                  <color>4294769916</color>
                  <borderColor>4293190884</borderColor>
                  <font family="Arial" displayName="Arial" postScript="" weightStyle="Standaard" weight="400" isBold="False" isItalic="False"/>
                  <textSize>14</textSize>
                  <selectedIndex>-1</selectedIndex>
                </control>
                <control controlID="3562C077-D9B6-4F16-8694-1125532BFC2D" controlTypeID="Icon" x="26" y="13" w="20" h="20" zOrder="1">
                  <color>4279673312</color>
                  <interactiveData>
                    <entry title="">
                      <area shape="0" alt="" ID="{4D1E5362-0FAE-41F9-9567-8C91410D1C03}" coords="(0,0,20,20)"/>
                      <events title="">
                        <event eventType="atClick" isChecked="True">
                          <behaviour title="" isChecked="True" isWait="False" isLoop="False" execMode="emParallel">
                            <target targetID="8255242E-D486-48EF-AE0D-B277229652A2" isChecked="True" isAutoRecovery="False" isLoop="False" execMode="emSequence">
                              <command name="Popup State Change" isChecked="True" descrition="">
                                <param name="AniInterpolation" value="0" varType="3" description=""/>
                                <param name="AniDuration" value="200" varType="3" description=""/>
                                <param name="AniAutoReverse" value="False" varType="11" description=""/>
                                <param name="AniLoop" value="False" varType="11" description=""/>
                                <param name="AniInterpolationTypeOut" value="False" varType="11" description=""/>
                                <param name="Delay" value="0" varType="3" description=""/>
                                <param name="Value" value="2" varType="3" description=""/>
                                <param name="AniType" value="0" varType="3" description=""/>
                              </command>
                            </target>
                          </behaviour>
                        </event>
                      </events>
                    </entry>
                  </interactiveData>
                  <icon>
                    <ID/>
                    <iconFontName>jdIonicons</iconFontName>
                    <iconCode>62335</iconCode>
                  </icon>
                  <URL>51ED992D000055983D8B8802C65E2870.svg</URL>
                </control>
              </groupChildrenDescriptors>
            </control>
            <control controlID="EF6BB24A-0C3D-4876-A4C0-7CC33F1849BE" controlTypeID="__group__" x="558" y="125" w="72" h="48" zOrder="13">
              <links eventType="AtClick" animate="AmNone" animateAutoDelay="0" animateDuration="500">
                <link targetPageID="8B40424C-243D-4260-9B5E-846D8E4D0752" linkType="ltPageLink" isApplyIncludePage="False" title="Edit+Post">
                  <area shape="0" alt="" ID="{59EEFA7F-E6DD-471E-A1F5-DD0EC00E2A78}" coords="(0,0,72,48)"/>
                </link>
              </links>
              <groupChildrenDescriptors>
                <control controlID="A6715275-2F81-4A8D-800E-7CF34419CDE6" controlTypeID="Shape" x="0" y="0" w="72" h="48" zOrder="0">
                  <color>4294769916</color>
                  <borderColor>4293190884</borderColor>
                  <font family="Arial" displayName="Arial" postScript="" weightStyle="Standaard" weight="400" isBold="False" isItalic="False"/>
                  <textSize>14</textSize>
                  <selectedIndex>-1</selectedIndex>
                </control>
                <control controlID="46DADC68-1AA1-4622-BB62-40754D7D0E3E" controlTypeID="Icon" x="26" y="12" w="20" h="20" zOrder="1">
                  <color>4279673312</color>
                  <icon>
                    <ID/>
                    <iconFontName>jdIonicons</iconFontName>
                    <iconCode>62334</iconCode>
                  </icon>
                  <URL>69A4D1E5CE13432C6A4F579026917C6A.svg</URL>
                </control>
              </groupChildrenDescriptors>
            </control>
            <control controlID="B2CE7F0E-3DC7-4745-81F6-758B6EBB4A5F" controlTypeID="__group__" x="558" y="171" w="72" h="47" zOrder="14">
              <links eventType="AtClick" animate="AmNone" animateAutoDelay="0" animateDuration="500">
                <link targetPageID="8B40424C-243D-4260-9B5E-846D8E4D0752" linkType="ltPageLink" isApplyIncludePage="False" title="Edit+Post">
                  <area shape="0" alt="" ID="{1A5721CE-13DD-4BE1-9417-E491A0DAB262}" coords="(0,0,72,47)"/>
                </link>
              </links>
              <groupChildrenDescriptors>
                <control controlID="6F382A5C-5549-4066-AEFF-D9F9A2F67C3A" controlTypeID="Shape" x="0" y="0" w="72" h="47" zOrder="0">
                  <color>4294769916</color>
                  <borderColor>4293190884</borderColor>
                  <font family="Arial" displayName="Arial" postScript="" weightStyle="Standaard" weight="400" isBold="False" isItalic="False"/>
                  <textSize>14</textSize>
                  <selectedIndex>-1</selectedIndex>
                </control>
                <control controlID="8E7DDCF4-DC58-480A-891B-7130BF1221A9" controlTypeID="Icon" x="26" y="12" w="20" h="20" zOrder="1">
                  <color>4279673312</color>
                  <icon>
                    <ID/>
                    <iconFontName>jdIonicons</iconFontName>
                    <iconCode>62334</iconCode>
                  </icon>
                  <URL>69A4D1E5CE13432C6A4F579026917C6A.svg</URL>
                </control>
              </groupChildrenDescriptors>
            </control>
            <control controlID="AB3903A3-A403-406B-94BC-CAD34E2F8B04" controlTypeID="Label" x="276" y="9" w="87" h="19" zOrder="15">
              <font family="Arial" displayName="Arial" postScript="" weightStyle="Standaard" weight="400" isBold="False" isItalic="False"/>
              <text>My+Post+List</text>
              <textSize>16</textSize>
              <textVAlign>VaTop</textVAlign>
              <lineSpacing>0</lineSpacing>
              <useDefaultTextSize>False</useDefaultTextSize>
              <selectedIndex>-1</selectedIndex>
            </control>
            <control controlID="887E2E55-F965-460E-AEB0-0B62A85996A1" controlTypeID="Label" x="298" y="29" w="45" h="17" zOrder="16">
              <font family="Arial" displayName="Arial" postScript="" weightStyle="Standaard" weight="400" isBold="False" isItalic="False"/>
              <text>2+items</text>
              <textColor>4288256409</textColor>
              <textVAlign>VaTop</textVAlign>
              <lineSpacing>0</lineSpacing>
              <useDefaultTextSize>False</useDefaultTextSize>
              <selectedIndex>-1</selectedIndex>
            </control>
          </groupChildrenDescriptors>
        </control>
        <control controlID="4B721E56-A970-4351-A481-06906D7519B1" controlTypeID="Border" x="0" y="0" w="640" h="347" zOrder="1">
          <color>4284900966</color>
          <borderColor>4278190080</borderColor>
          <alias>borderLayer</alias>
        </control>
      </groupChildrenDescriptors>
    </control>
    <control controlID="584F3AFB-22D0-416D-AB39-C5567E2ACE16" controlTypeID="StatusBar(Android)" x="0" y="0" w="640" h="20" zOrder="1"/>
    <control controlID="8255242E-D486-48EF-AE0D-B277229652A2" controlTypeID="AlertWindow" x="783" y="136" w="46" h="46" zOrder="2">
      <groupChildrenDescriptors>
        <control controlID="F246857D-8A19-489F-A0B1-3FA8FFE23E7F" controlTypeID="Panel" x="0" y="0" w="640" h="360" zOrder="0">
          <locked>True</locked>
          <color>1879048192</color>
          <borderVisible>False</borderVisible>
          <canMove>False</canMove>
          <alias>background</alias>
          <groupChildrenDescriptors>
            <control controlID="684F868F-7E54-4115-967A-1C089A74DA18" controlTypeID="Border" x="0" y="0" w="640" h="360" zOrder="0">
              <borderVisible>False</borderVisible>
              <alias>borderLayer</alias>
            </control>
          </groupChildrenDescriptors>
          <thinkness>1</thinkness>
        </control>
        <control controlID="C61AAB52-D3AE-45E0-97AB-943CEDC6C5E0" controlTypeID="PopupPanelContent" x="195" y="121" w="250" h="162" zOrder="1">
          <color>16777215</color>
          <alias>content</alias>
          <groupChildrenDescriptors>
            <control controlID="575430CC-90E2-4ECF-B1B6-A89DF92AEA62" controlTypeID="Alert" x="0" y="0" w="250" h="162" zOrder="0">
              <alias>alert</alias>
              <links eventType="AtClick" animate="AmNone" animateAutoDelay="0" animateDuration="500">
                <link targetPageID="FC409A7E-8671-464A-B1AD-0213EC1237F7" linkType="ltPageLink" isApplyIncludePage="False" title="No">
                  <area shape="0" alt="" ID="{9AD11ACE-4247-485D-AE91-30F156C48BD1}" coords="(4.5,126.5,120.5,157.5)"/>
                </link>
                <link targetPageID="FC409A7E-8671-464A-B1AD-0213EC1237F7" linkType="ltPageLink" isApplyIncludePage="False" title="Yes">
                  <area shape="0" alt="" ID="{82615A3E-8495-418C-8D20-DF2AB9D2F5DE}" coords="(129.5,126.5,245.5,157.5)"/>
                </link>
              </links>
              <font family="Arial" displayName="Arial" postScript="" weightStyle="Standaard" weight="400" isBold="False" isItalic="False"/>
              <text>Alert%0D%0AAre+you+sure+you+want+to+delete+this+post%3F+%0D%0ANo%2CYes</text>
              <textSize>14</textSize>
              <lineSpacing>0</lineSpacing>
            </control>
          </groupChildrenDescriptors>
        </control>
      </groupChildrenDescriptors>
    </control>
  </controls>
  <param>
    <backgroundColor>4293914612</backgroundColor>
    <fontSize>14</fontSize>
    <fontFamily>Arial</fontFamily>
    <guideLines/>
  </param>
</mockup>